mfcc_mean_0,mfcc_mean_1,mfcc_mean_2,mfcc_mean_3,mfcc_mean_4,mfcc_mean_5,mfcc_mean_6,mfcc_mean_7,mfcc_mean_8,mfcc_mean_9,mfcc_mean_10,mfcc_mean_11,mfcc_mean_12,mfcc_mean_13,mfcc_mean_14,mfcc_mean_15,mfcc_mean_16,mfcc_mean_17,mfcc_mean_18,mfcc_mean_19,mfcc_var_0,mfcc_var_1,mfcc_var_2,mfcc_var_3,mfcc_var_4,mfcc_var_5,mfcc_var_6,mfcc_var_7,mfcc_var_8,mfcc_var_9,mfcc_var_10,mfcc_var_11,mfcc_var_12,mfcc_var_13,mfcc_var_14,mfcc_var_15,mfcc_var_16,mfcc_var_17,mfcc_var_18,mfcc_var_19,chroma_mean_0,chroma_mean_1,chroma_mean_2,chroma_mean_3,chroma_mean_4,chroma_mean_5,chroma_mean_6,chroma_mean_7,chroma_mean_8,chroma_mean_9,chroma_mean_10,chroma_mean_11,chroma_var_0,chroma_var_1,chroma_var_2,chroma_var_3,chroma_var_4,chroma_var_5,chroma_var_6,chroma_var_7,chroma_var_8,chroma_var_9,chroma_var_10,chroma_var_11,contrast_mean_0,contrast_mean_1,contrast_mean_2,contrast_mean_3,contrast_mean_4,contrast_mean_5,contrast_mean_6,contrast_var_0,contrast_var_1,contrast_var_2,contrast_var_3,contrast_var_4,contrast_var_5,contrast_var_6,zcr_mean,zcr_var,tempo,filename,label
-113.619385,121.55302,-19.151056,42.345768,-6.3711677,18.613033,-13.69206,15.339378,-12.283618,10.973775,-8.32241,8.8067875,-3.6658018,5.745939,-5.161711,0.75029796,-1.6883581,-0.4093285,-2.298869,1.2199471,2570.8127,295.7244,235.57982,150.83536,168.02463,89.169586,67.60479,69.06307,82.152504,63.40047,61.810535,51.292,41.25163,40.56098,49.823498,52.464138,36.564606,41.643623,55.076675,46.975636,0.36172685,0.36761868,0.43998006,0.24463451,0.2478018,0.33561543,0.36457598,0.435647,0.29584122,0.31463376,0.40656036,0.38477036,0.106695876,0.08179195,0.100077346,0.044680335,0.065713,0.083589114,0.076904796,0.11989485,0.064416535,0.07854175,0.110691085,0.08559209,15.987602688701612,15.102477692088824,18.458409057377718,18.363125053822007,18.9187388027038,17.190236092452114,39.66757667158581,18.81182504817126,17.587446824565163,21.34576745737134,13.168848768938838,12.157740129278059,6.358352326066669,9.19403589820252,0.08306639113293343,0.0007667342953635373,123.046875,blues.00000.wav,blues
-207.58151,123.99715,8.939115,35.870758,2.9199705,21.518787,-8.555368,23.355938,-10.101037,11.906445,-5.5581226,5.375942,-2.237833,4.217125,-6.0110474,0.93266803,-0.7170279,0.29233336,-0.2857169,0.53214425,7770.7725,560.163,572.70013,264.85532,280.0475,156.47044,200.96965,142.3725,166.23213,104.358574,105.223694,96.29922,64.90086,73.177956,52.484993,55.364296,60.113293,48.13774,51.13121,45.823235,0.45962235,0.34987718,0.3209686,0.21158591,0.20090792,0.3310051,0.39764693,0.56067634,0.3843792,0.25547373,0.28495902,0.33423826,0.14246184,0.08815949,0.09510375,0.052355368,0.0436944,0.09669626,0.07978918,0.13452265,0.08721448,0.054389417,0.07787302,0.07248299,15.984914561002014,17.0562328248644,19.129323982388623,19.18787122800779,18.324038624421977,17.50447952941415,37.51898531757912,17.59857741300241,21.248581226020974,23.163108906317852,18.355889876053425,12.306072510180845,9.807632788425899,33.83989450508889,0.056044256724071206,0.0014485033470784323,107.666015625,blues.00001.wav,blues
-90.77634,140.44861,-29.10056,31.68734,-13.975971,25.741686,-13.644712,11.623112,-11.77592,9.700466,-13.115349,5.7857633,-8.899733,-1.0870236,-9.216774,2.4536483,-7.721793,-1.8164973,-3.434354,-2.2313912,3319.7937,509.11203,411.987,144.14764,156.01558,74.46932,106.68324,106.62771,65.68542,67.845474,57.646435,64.60155,60.47645,57.744473,36.467384,40.620197,47.70028,52.418175,46.630066,30.626228,0.2726714,0.19586878,0.31525424,0.40813482,0.5470826,0.32177535,0.30478692,0.28851688,0.33424202,0.40191102,0.38430807,0.5881897,0.044675406,0.032745205,0.07377219,0.073621124,0.122636385,0.05561625,0.05850592,0.06323321,0.061182044,0.111040585,0.063291095,0.12457397,26.33225553065585,14.191932556756637,17.706643575580642,19.417249535025636,20.344435037793545,18.314964839749916,39.035077300462454,30.255640911164928,15.728590941691278,25.0111913088376,17.54230386718499,14.32301561403703,8.54349018037514,10.68625921325365,0.07630074799245357,0.0010072891555751452,161.4990234375,blues.00002.wav,blues
-199.462,150.09473,5.649167,26.870144,1.7554406,14.23688,-4.8288727,9.297849,-0.7531419,8.147393,-3.1952357,6.085354,-2.4761882,-1.0762246,-2.8760564,0.7769088,-3.3200555,0.6372629,-0.6175069,-3.40694,5495.972,456.56662,257.0472,158.19778,267.90213,126.88233,156.06218,81.17086,92.361916,71.22305,110.32542,48.18353,56.813396,62.254208,51.64638,44.456993,50.23697,37.351917,37.291164,31.988441,0.34086183,0.40857694,0.5245686,0.54707444,0.6571128,0.51167107,0.3556304,0.25169015,0.24638645,0.3152089,0.31654343,0.38285515,0.062346876,0.05629164,0.10639859,0.09215992,0.119114004,0.092093095,0.05369943,0.039780434,0.046278108,0.08634066,0.07901172,0.11367617,29.797804247563928,14.765636719360783,17.239783565071527,18.63621706926385,18.49075823426367,16.790485158755587,34.27801571154383,25.59060379456196,16.50506861664365,17.84251729693157,10.989704870240466,11.077410803297601,5.298662083143398,21.43913938234421,0.03330894446594427,0.0004230743810646026,172.265625,blues.00003.wav,blues
-160.29185,126.19576,-35.6025,22.151169,-32.48764,10.862022,-23.357162,0.5005233,-11.80477,1.2038777,-13.085074,-2.8098488,-6.935621,-7.5592937,-9.172152,-4.5104084,-5.4537363,-0.92446774,-4.408076,-11.701833,5198.1445,853.7379,333.71176,193.67331,336.45108,134.79674,93.30083,124.761475,129.98872,99.795204,80.303085,86.49203,89.61349,70.93246,75.76922,86.01278,75.32818,53.577557,62.928513,55.215122,0.19272667,0.31723168,0.39155146,0.25590554,0.19280396,0.53058165,0.2539423,0.13921541,0.27655512,0.32433578,0.55529773,0.27302992,0.03814644,0.1036368,0.097205564,0.07541375,0.03210705,0.13126764,0.043002818,0.031377256,0.09210708,0.054605816,0.12668195,0.047731116,17.057412884710494,15.693513459090605,19.12555886683112,20.526383065422213,20.785517461022902,19.713926518666607,37.33880412136976,18.7820841117217,15.866932519030545,16.824379149002475,18.725384182502722,16.572138737663686,13.752672513316703,26.264156615968968,0.1015001421004257,0.001953508818485157,135.99917763157896,blues.00004.wav,blues
-177.88876,118.18953,-17.55073,30.753101,-21.732107,11.898545,-20.73228,3.176169,-8.575771,-0.9401843,-11.773799,-2.426076,-9.342486,-9.947082,-3.9053469,-5.568541,-1.839969,-2.7841752,-3.046112,-8.115228,7303.5063,3197.6096,654.1477,485.98712,433.48105,266.0905,169.8476,133.68483,172.33148,100.12965,76.59605,78.50408,80.13263,47.553093,60.051342,72.581894,68.719826,42.46666,39.829174,46.29248,0.23830758,0.30017722,0.61689025,0.23552348,0.123921186,0.24363397,0.2795121,0.41132158,0.24399377,0.2856127,0.28419915,0.36587498,0.08367507,0.04597578,0.14673012,0.027052714,0.018856315,0.07657303,0.06600152,0.113239475,0.05537554,0.07930133,0.081074774,0.0936502,17.47173427154148,19.563742281296186,21.294820438166678,21.350197303286826,20.782888052062248,19.40352798039331,37.94590337195688,23.013002941581927,28.73578322862812,30.528007651144577,23.585200834180966,16.785193459900334,11.786943822146904,45.985546809314854,0.09403986975135449,0.006237169845177415,112.34714673913044,blues.00005.wav,blues
-190.17502,130.29242,-36.348473,33.02909,11.085681,-0.5963726,-20.882357,0.27711606,-6.5008707,-5.5156236,-7.8452888,-3.123599,-6.595715,-9.947578,-6.540925,-10.071382,-10.912119,-6.970003,-3.4485128,-6.4984574,9646.426,1934.4312,1307.6438,480.32092,1083.5884,280.22363,151.6883,102.89618,131.14716,153.48946,87.57829,64.22462,79.16399,63.074352,86.41678,83.32279,56.937706,38.267597,48.093582,70.01958,0.42547888,0.22330672,0.1313038,0.15264678,0.24185762,0.4910733,0.24560356,0.16917841,0.2882331,0.46142802,0.35944873,0.30730906,0.1338809,0.06118583,0.035184767,0.04779536,0.047038794,0.14850555,0.05966768,0.037495375,0.08776797,0.12465284,0.11093338,0.07326419,24.761686388889366,21.07530470251667,22.20890664723946,21.261253966206972,21.647741736833122,20.145598260935973,32.880478388843535,45.458530703769156,33.66762547395993,34.13279671064444,23.799896079438934,18.95826854823906,12.897147437356656,61.257356450062446,0.07302790308146284,0.0019095948180740175,123.046875,blues.00006.wav,blues
-179.42007,136.4421,-26.644339,39.97959,5.3018146,10.921237,-20.555347,8.507477,-11.35436,-3.4690976,-8.414114,-6.956977,-3.5483484,-8.051683,-8.960485,-8.421077,-10.5585985,-10.790194,-4.7007947,-8.638816,6575.454,1479.9728,590.97736,353.15915,650.4475,136.36313,163.70146,151.47868,172.0249,178.41544,147.66684,83.777534,93.33137,57.466633,82.29772,70.477,52.032326,60.5192,65.58995,56.33534,0.25941816,0.26425815,0.32541996,0.21780178,0.21512055,0.2952168,0.19004409,0.18086505,0.26435012,0.39014104,0.648551,0.43658763,0.06250722,0.089322634,0.093933605,0.07142247,0.065363765,0.08376241,0.046029575,0.05744724,0.07873161,0.072661884,0.123119764,0.07715202,20.215365526323623,20.094576698389947,20.711897948475954,19.629865396658026,20.705410723231054,19.60440192458332,36.12081799513814,20.696270203313084,21.120795720039318,25.02448766667796,20.93006824359355,16.38853875316629,10.699247208227746,32.7337962874672,0.06143500266060371,0.001850010001473945,92.28515625,blues.00007.wav,blues
-121.387115,122.505394,-14.739394,46.135292,-8.160384,20.17051,-19.169321,23.050188,-11.82594,21.17341,-6.7202907,7.0050187,-12.739909,5.064209,-5.173075,-1.446995,-7.036928,2.6948745,3.4093323,-2.6991909,2621.6409,414.72916,341.3917,193.81631,176.72322,106.99097,57.671753,76.91382,42.480625,58.431217,48.960136,56.24636,61.89646,50.54634,32.82994,50.560787,28.892342,36.93147,33.72412,36.09725,0.3195211,0.304665,0.3668322,0.4223385,0.5240038,0.45069423,0.4935221,0.3529855,0.3803428,0.46188274,0.36648217,0.4647075,0.052900422,0.053795546,0.08356674,0.075566985,0.12332349,0.089824915,0.107529856,0.06598061,0.070154205,0.09444189,0.06877806,0.097750634,29.493772582869763,15.129731925950475,17.020851583382814,17.03142049834697,19.69371660973148,17.621792078515444,40.62273896813749,26.419530669814442,16.34086541946628,20.02886454125473,11.786924544092305,14.395623698235767,6.305937866154526,6.856877938992981,0.06402757957623839,0.0007318890633277895,83.35433467741936,blues.00008.wav,blues
-213.20453,115.15454,-11.720503,39.032555,-20.357819,13.089926,-9.180815,9.023639,-14.101023,4.283337,-6.044196,3.786368,0.22368738,-5.114481,-0.4145369,-1.1848985,-1.9183391,-2.2957964,2.89123,-4.2345333,6133.131,798.7533,668.95465,350.8248,532.3013,278.38568,126.54537,67.952324,110.166046,92.49028,84.86531,104.4943,76.40331,85.41577,104.041725,59.331203,58.489872,83.17791,77.03899,91.51976,0.24841243,0.27330634,0.48874453,0.26811466,0.17957151,0.2677973,0.22273743,0.41564554,0.27288088,0.18116428,0.22930472,0.24049188,0.087579824,0.08576885,0.15305725,0.059149668,0.044487868,0.10786896,0.047412325,0.14531137,0.07008805,0.047180478,0.09375271,0.0760696,14.330905860745972,17.63960709820347,21.926797282717327,20.2309716071656,18.564728908036567,18.909647349158625,36.50457567144057,16.493258314160272,20.973242243665702,23.60523272874136,16.101467983574967,13.058995070566251,17.283302221541746,28.052116715657753,0.0792153184258901,0.001376557806953003,129.19921875,blues.00009.wav,blues
-173.71587,137.14024,-23.767647,26.99174,-16.687662,4.2143745,-12.582618,5.8545594,-2.8846726,-1.186681,-1.9771539,1.8001548,-3.0044115,-1.8699358,-0.7962682,-3.0132642,-0.43592528,-2.00181,-0.7466384,-5.001238,8138.2407,1082.1229,1027.1763,495.60062,289.83563,159.72736,150.5036,82.49844,108.591225,65.604515,55.4809,57.96407,93.71366,40.150433,49.73985,62.97738,57.064503,55.616135,47.20888,46.481216,0.46167397,0.17095312,0.19264801,0.37859687,0.35386503,0.45910832,0.2763882,0.3240497,0.18769908,0.20247579,0.32372463,0.3163995,0.14198035,0.036884293,0.03748974,0.13119426,0.07589801,0.17420147,0.06407596,0.094702795,0.050067015,0.05388075,0.09383308,0.06972915,16.17116056160471,16.379389883865013,21.29912243778801,21.590195304112104,18.679928625556116,17.768053539391577,35.72734561156319,28.19668779747858,29.59199596857704,39.84970305540841,32.7155969139485,23.762288426014837,12.321194746578367,30.88487172521557,0.06298072271671827,0.00044122267994763987,161.4990234375,blues.00010.wav,blues
-287.92355,123.97102,5.456122,33.684544,1.0892011,14.704721,-4.898606,8.6532755,0.7827978,6.5667357,-4.87944,-3.1806588,-5.557003,-6.786621,-2.644233,-2.9824317,-3.3811383,-1.8614974,1.8359205,-4.8965116,5935.973,993.7331,302.1008,344.13184,441.54025,235.5728,149.25542,189.14641,148.78702,114.196266,93.83295,84.24376,65.37901,60.80124,55.526436,54.493954,39.859737,46.85407,37.068073,28.102959,0.24839157,0.23022652,0.30491787,0.41385782,0.65854186,0.5414393,0.35246056,0.3485756,0.34564975,0.34801114,0.27664188,0.32097095,0.07422724,0.044888105,0.061091177,0.076476224,0.14068082,0.12316265,0.06451306,0.0925609,0.09041686,0.1016349,0.07635145,0.112191856,27.483370752926515,16.876059884810612,17.698070264509987,17.865403485970518,17.39974569243824,16.091277790468002,32.171529630726695,34.53658100553351,23.148578580784683,21.826035613946118,14.749464699970988,10.159728384631626,6.185241141992253,25.53466726908791,0.04395891785990712,0.001896140560074861,161.4990234375,blues.00011.wav,blues
-207.20874,132.79709,-15.460706,60.99486,0.7102411,12.461279,1.1609278,-1.5278945,-17.901815,8.369234,-2.4538186,-0.59668875,0.3688165,2.6052277,-5.1930146,-9.530149,-9.2374,-2.8406758,-1.4114445,-5.931029,4578.1455,665.3489,935.92395,330.60007,314.05115,101.191,108.01185,111.69128,96.419975,94.78234,139.7199,92.63354,86.18086,53.75499,45.88703,69.32628,63.613003,68.8618,112.5796,91.534615,0.30367613,0.16028026,0.21962753,0.20349412,0.19680662,0.2664421,0.30161795,0.1576872,0.18246064,0.21346878,0.3755525,0.6508768,0.05186628,0.046314836,0.09311711,0.0677509,0.08080721,0.09169672,0.1070803,0.0390579,0.05735687,0.06671862,0.059820954,0.15914539,16.89251432562536,18.890022518002528,21.01584864579434,20.099728297279288,21.6373619142718,22.808864086386276,33.5453591271736,22.68915981622864,25.936930271784302,23.610969888397992,23.67647094871992,19.30225114840801,16.484456141872492,12.13643319992863,0.06912392064144737,0.002381275203555497,92.28515625,blues.00012.wav,blues
-209.7822,124.46592,10.285805,47.030174,6.4823856,15.417021,-2.010078,6.735786,-21.54862,10.7284975,-5.532432,-2.2020378,-3.0517273,8.64402,-0.3108456,-0.6361449,-2.9359381,-1.706597,-1.7654229,-7.755964,1969.8452,542.4456,661.9417,148.28586,101.97602,146.30325,69.4292,76.00194,96.43982,95.85311,90.72551,59.21689,52.38352,71.82002,68.6389,88.6315,97.457726,104.32184,88.90185,113.95143,0.1273773,0.14210585,0.17116772,0.14698215,0.1898864,0.23153727,0.15596743,0.2164878,0.34531912,0.38492686,0.6915307,0.3734269,0.030019332,0.054986652,0.059334304,0.052040406,0.06360135,0.06749585,0.033138372,0.060060635,0.11928225,0.057918113,0.14361802,0.060251288,17.056353195477545,18.542702162287576,21.60647995746491,18.863213934739992,19.59525017568339,19.25900587118478,34.98918333543087,22.471210526053593,28.282679732723263,23.95199551207394,18.530241761346943,16.534304018553932,16.76104566637235,3.271454865605575,0.051417300575657895,0.0012560154024389564,107.666015625,blues.00013.wav,blues
-305.69858,113.04164,12.1149,45.039444,17.73924,14.59463,4.157129,0.24009785,-7.013088,13.649843,8.923058,1.3016899,5.9521284,8.542282,1.1171257,0.5882187,0.06007749,-3.706519,-1.0018839,-1.8044139,8198.813,681.4011,1463.6697,224.74265,249.00208,154.72269,157.6241,166.76408,97.56585,76.86334,89.99378,62.738995,64.35733,76.047966,137.10913,67.646996,96.65096,65.65768,89.35327,113.55592,0.29620653,0.31608987,0.29482225,0.24004889,0.29478705,0.31426436,0.23711222,0.2353569,0.28419057,0.37784413,0.6203979,0.4373697,0.103999,0.11139582,0.0990396,0.07568399,0.09378921,0.10274267,0.06371494,0.061039142,0.08046399,0.084854655,0.17666817,0.11320739,17.679665640268443,19.680118393936823,23.622879377867008,19.5089505837423,20.49066736990628,19.44084079545518,30.897990128109065,18.839970186218032,27.98791907161312,35.038425070575315,31.415709954765124,28.232954054391815,27.445564560606417,9.429424218789098,0.045045834945820436,0.0015610299115303048,151.99908088235293,blues.00014.wav,blues
-238.53304,120.08829,-4.2245555,42.310043,5.91633,13.914182,5.3575773,1.9037088,-16.92988,12.339311,3.9409604,-1.3906771,0.0147920735,3.5804958,-4.5049934,-5.541951,-6.8830776,-4.82639,1.7385828,-1.8840168,4382.781,728.52594,979.5507,383.17078,298.87708,117.46454,119.66445,143.89613,89.88304,76.274216,81.66872,60.912,60.609455,89.55493,101.94872,77.47022,93.63776,65.74761,78.30476,131.2145,0.26288965,0.16624135,0.243802,0.2428957,0.28420237,0.29283306,0.26068234,0.1692272,0.19756262,0.2436934,0.36236748,0.5177622,0.05389285,0.047859043,0.11176318,0.08662731,0.11812919,0.106330894,0.08581185,0.044803854,0.061310206,0.07464379,0.08316153,0.17066634,16.861067863521296,18.557984670671026,20.967541267495033,19.732013398389174,20.289203300415945,20.02401341760077,33.11842282825507,21.33754569652071,19.95704422443074,28.93053243493728,26.767371163082977,19.457262175064983,17.42445553808815,7.302837652396455,0.0637176797116873,0.0019420992387825483,99.38401442307692,blues.00015.wav,blues
-233.79489,120.66705,-3.1675603,39.53927,3.858855,18.839672,-3.6889172,4.4318447,-14.975374,17.571033,1.8447447,2.538607,-1.2386856,8.439363,-0.20983851,-3.9067852,-4.478641,-0.012232234,1.293265,-2.0874293,4961.9673,562.2368,1208.0558,396.44153,283.7276,156.19809,100.37777,111.57426,101.50374,102.17423,108.61663,66.41245,65.0766,65.01316,59.155827,77.80613,82.36954,85.382,83.646126,100.742355,0.23256329,0.16887474,0.14962566,0.27871916,0.40747806,0.2497119,0.27227342,0.35508335,0.5286723,0.53750116,0.26503962,0.25401494,0.08097331,0.049211513,0.039254155,0.07504678,0.12530558,0.06697132,0.084543,0.09653498,0.12238043,0.15201293,0.05340983,0.08456491,16.84794720165796,17.97105586817448,21.036888068185412,18.751087452086956,20.263356045176963,18.601751201307497,33.928423770161004,21.522072083912335,20.867603020202903,28.2171901574847,27.674939749356174,21.126616175810106,20.709822301594944,5.886832148418586,0.061350725014512386,0.0014195843289450563,103.359375,blues.00016.wav,blues
-245.75414,140.48093,-2.771439,60.42012,18.9254,9.8371,3.566577,0.5361874,-16.36736,6.629854,7.269149,-4.015731,1.6074536,5.898682,-3.0176077,-4.7748995,-3.02707,-1.9985331,-0.058759023,-3.9718897,5194.7925,800.78485,795.8157,360.8053,234.98946,99.75718,118.61018,93.123634,129.03683,105.272446,96.74039,71.34584,72.96798,78.70367,56.051174,58.410374,65.67619,64.96265,62.87211,64.753746,0.30284938,0.20715842,0.15734093,0.15960151,0.30674273,0.2565114,0.25413817,0.31225273,0.42534313,0.57891226,0.3532124,0.31281108,0.10620654,0.058160074,0.050294913,0.03510272,0.1045662,0.061344612,0.07900253,0.08539275,0.086257376,0.14802288,0.053308506,0.10429057,15.959212895559233,18.994416583119243,22.643051923774156,19.93258214146661,21.30462333692694,21.693830900603267,31.50836415755714,22.21622308870992,22.53166415168256,25.014658565968446,23.04319889930066,19.896474668689635,13.198522163090779,16.364304092492386,0.04832397083010836,0.0008456542090873088,161.4990234375,blues.00017.wav,blues
-252.51877,104.93698,15.316828,42.67347,6.7626176,21.623577,-1.313277,5.6919327,-16.619516,12.161627,-1.96795,1.969765,-0.8889585,7.771046,2.3869514,1.7799876,1.3449864,3.6371126,4.9108076,-2.6554039,2874.9695,604.2528,661.88116,162.583,92.889244,117.17877,73.51759,100.46526,125.3279,123.60225,52.15249,64.68708,48.676605,71.50581,101.93585,93.14768,131.86716,181.78679,151.7624,96.51001,0.21098194,0.16093783,0.18874955,0.2026812,0.21735221,0.28019807,0.32945466,0.2506038,0.33041707,0.37706193,0.29860237,0.39391088,0.05786272,0.054121535,0.0723013,0.07054327,0.079049334,0.106350675,0.12295901,0.07615455,0.09863986,0.1342313,0.070147246,0.16544545,18.185877760346703,18.673023731109385,23.508252433841353,18.937140327090116,19.755208714604706,18.237134724863786,34.69768191079407,24.15557244854943,24.230304523561323,44.17973328289229,25.099748326743164,22.481615173523604,23.38497295680476,4.7895427490421305,0.056131935710139316,0.0017231547321391286,83.35433467741936,blues.00018.wav,blues
-236.6889,138.40428,-4.923575,47.647713,5.152376,8.895284,0.4828563,-3.801668,-14.974891,10.432587,-0.3539616,0.7883456,1.7829303,4.2302113,-0.47101688,-6.1056542,-5.387077,-1.3430606,-3.7227933,-4.3624997,5581.0386,536.6804,1167.7819,311.42264,466.6054,91.67126,98.10479,158.8907,77.30144,104.572296,134.39224,80.471214,78.012474,73.669174,63.342747,80.78577,95.52781,92.688385,72.5649,66.79816,0.19436337,0.19354898,0.15701018,0.25425068,0.34076014,0.14692919,0.13923535,0.24408162,0.43790004,0.55475724,0.2523996,0.17307657,0.08070395,0.06556729,0.05815626,0.08431499,0.1362065,0.044168193,0.047988847,0.08208757,0.09305594,0.1739013,0.051091988,0.05549746,16.522419692297596,18.326953021649267,22.749064648528883,19.253089158777943,20.706566982002187,20.6686122755776,32.14242770977516,25.660591026071206,26.817090810263277,23.378244434872784,19.627945802480962,19.313760887066287,13.747528275435581,12.43943944611774,0.05887114817143963,0.0017991580841696208,123.046875,blues.00019.wav,blues
-230.42657,127.100525,7.145355,39.784317,1.9449425,17.40534,-5.639429,8.25213,-18.104383,13.842513,-3.760913,2.5718598,-4.3208055,6.8123913,-6.1598387,-6.2154546,-4.5115924,-1.8506044,-0.5394865,1.504397,2986.131,397.42587,599.6258,175.5543,115.78239,100.240906,79.46398,69.34811,59.99348,72.724945,71.60434,74.565765,62.636513,61.899128,60.672516,49.643593,52.815685,72.64506,94.1784,73.87875,0.2498887,0.17251883,0.21738857,0.2925994,0.49657047,0.24946389,0.22612885,0.3428218,0.38833624,0.29949123,0.28352594,0.41485927,0.060382925,0.0520247,0.07795755,0.06592857,0.15694335,0.052399367,0.06329212,0.10243934,0.1207141,0.088661544,0.06844356,0.12784514,16.324950510016254,15.953200069486634,20.516873042659764,17.65363809086513,18.531188159554937,17.219513999857888,34.29043512237343,20.92598042493041,18.30401370892536,26.021538565269243,16.911658746119553,14.433600774587767,11.369268767287462,4.466331600777606,0.05256015080785604,0.0006156241764708421,135.99917763157896,blues.00020.wav,blues
-264.67847,138.85834,11.156023,48.538254,14.895925,20.584368,3.2051423,1.2625881,-15.847021,15.986576,3.3616717,-1.5137409,1.892155,6.3119216,-0.9948622,-2.4167242,-3.684751,0.4993974,5.050747,-0.786703,6345.582,1002.2855,1284.3698,371.27933,248.2447,130.10916,120.0555,104.491005,95.40044,85.191086,79.19172,71.92619,70.07034,68.553055,82.19373,89.57963,93.97978,119.295204,117.77329,148.60565,0.23320144,0.16180481,0.17967813,0.21733347,0.38632253,0.5575256,0.45657685,0.44280425,0.4035208,0.29652035,0.28424707,0.23417057,0.078898616,0.033389635,0.046820402,0.04310748,0.11126416,0.17309754,0.12451075,0.09965135,0.10795472,0.065583706,0.116892494,0.064750746,19.326919707873692,18.664104411251994,22.581228815136896,20.36983990496458,21.419999360091595,20.5285863326646,32.16056963125086,24.19683398328056,24.564341979968447,23.436075916555115,24.27033863626577,28.319846520575226,28.226832586513574,13.089501115662417,0.04793735185274768,0.002331948338808487,99.38401442307692,blues.00021.wav,blues
-233.85751,136.17209,3.2713182,48.931213,8.685134,13.97951,5.354868,0.39087018,-13.504575,16.856106,5.130938,-2.23188,3.9640331,5.318362,0.8122657,-1.0979141,-4.539752,-2.434786,3.313449,-0.6142793,6495.1147,959.6316,1162.2152,384.2662,304.38773,165.42633,105.526024,127.749626,151.53041,82.79495,114.41353,77.30098,65.94775,83.33337,101.05715,80.33737,78.6839,100.37828,119.25773,143.4217,0.38974726,0.23288268,0.21152742,0.2562979,0.3287828,0.49499997,0.35562563,0.3200953,0.28151295,0.31772664,0.25046703,0.23763894,0.13319406,0.053131323,0.076460734,0.08512256,0.09884639,0.16513248,0.095761105,0.09256638,0.06787464,0.1015828,0.080536984,0.054839864,18.65293979507618,17.909654138483507,22.69234471145266,20.27898307685397,21.424414512702562,21.98610505406235,33.057225880540784,22.85339734163976,24.548583365813744,27.62565479548632,26.73508179097038,23.50537148398912,27.748108012874344,16.58379664360059,0.05861340218653251,0.002867745893127177,99.38401442307692,blues.00022.wav,blues
-227.26886,137.7307,-14.493466,63.555702,5.612641,11.98464,1.8855519,-1.8633765,-7.6205554,-2.4471745,-2.886725,-9.429529,-10.923911,3.562558,4.137706,0.09554386,-2.9725447,-1.378875,7.541176,-3.0374627,4148.341,506.42682,1246.3402,210.88124,152.67918,93.664665,102.624985,87.26729,97.58157,97.68808,104.081825,87.9641,115.4956,68.98667,77.07603,45.250446,66.83941,82.56453,93.44997,74.076614,0.20807508,0.27335867,0.1879539,0.20784996,0.48305604,0.22900411,0.12476044,0.16496523,0.28222004,0.650967,0.36525828,0.1911823,0.06302672,0.1106302,0.057639904,0.038524218,0.15083835,0.039903477,0.03716972,0.048399106,0.046520483,0.1368908,0.06300002,0.048608452,16.078663085535215,19.496394484527514,24.151916666335392,21.211439044362944,20.580586373407975,20.623994438158494,30.653466381284947,21.615669737494535,25.024685551442722,25.35063726523681,23.42034494277629,21.18712204469045,16.51221910171338,4.844521045996566,0.052482675841718264,0.0010882949479228713,95.703125,blues.00023.wav,blues
-274.31186,130.41371,-6.3927994,70.405014,13.269141,9.461284,7.7256413,-1.2474906,-0.5775884,-2.3025885,3.783147,0.084823325,-0.93943614,2.2965147,4.2883782,-1.6618618,-10.444595,-6.7975335,-1.0660517,-1.5959948,5919.1855,500.65375,1342.4633,311.40585,230.56917,155.49146,121.516785,150.22717,94.16158,68.89307,76.78567,73.574776,126.72962,63.184307,69.64933,47.919437,49.094517,39.42272,44.258194,83.5063,0.30606747,0.23341648,0.23148826,0.17517269,0.20543848,0.23799178,0.11788559,0.08235786,0.12760814,0.2973147,0.6089549,0.53360045,0.08948024,0.076855496,0.09172811,0.06259622,0.08022265,0.093734615,0.02619984,0.023385644,0.033989433,0.06805966,0.13828431,0.13374227,16.01154497185364,21.706906472652637,23.97697226456178,20.16184667197599,20.0508330749294,21.274111672802825,28.83713952341195,16.088765464649175,36.75432879747035,33.74815968472254,24.07004624143351,19.61562549063829,22.801531933847492,3.8082829766579986,0.047297899937113,0.0010792057276398255,103.359375,blues.00024.wav,blues
-249.2894,130.98703,0.6773903,66.68578,17.897806,4.623737,6.5983076,1.2490499,1.4163896,-1.5791419,-0.9626631,-3.5719957,-2.9279816,4.596818,7.478901,-0.18313684,-2.825327,-2.6788447,0.74854714,-0.5342602,3981.3381,338.3749,1580.2117,298.57275,183.48572,173.33118,96.4496,98.33234,75.7444,91.78507,101.23713,85.181595,86.33532,62.489933,91.719864,100.588234,87.399216,77.31982,75.997215,67.66801,0.24268875,0.20951726,0.26639345,0.18093738,0.23689625,0.30532306,0.13582203,0.11215392,0.17645556,0.43691015,0.77591395,0.41275713,0.054045532,0.05725492,0.09083909,0.055323977,0.06690476,0.09594722,0.023263998,0.022686783,0.03631702,0.0527053,0.10834927,0.06397237,14.45383455114729,18.314835324475524,22.937615946056177,20.23225983848405,20.236060917887283,20.7834038752293,30.20482009920334,17.90710057408543,22.514345563391647,30.8732934951496,19.325925798496762,22.488567901980513,22.203842742532103,2.767235552259404,0.05172493288022446,0.0013392907439446057,92.28515625,blues.00025.wav,blues
-284.69736,108.8052,9.088283,51.22274,18.091757,7.612261,8.779499,2.362829,0.005786246,2.250966,4.2050996,-3.2933176,1.6082983,2.6657817,3.3244853,3.260079,-4.558311,0.47801885,5.929787,3.2283401,6197.203,676.24036,1446.0851,295.75232,210.405,181.81789,121.39312,103.10531,93.51633,106.17423,84.32891,97.7017,68.534645,74.02867,91.34881,115.49826,137.14719,105.82277,140.53677,169.68782,0.37567383,0.24711093,0.21831056,0.14892963,0.20581447,0.37001505,0.20077418,0.15389933,0.19805415,0.24975106,0.4662293,0.5094305,0.103229925,0.055036526,0.091701046,0.04337965,0.068436414,0.13504021,0.0502186,0.052527,0.05826588,0.052078795,0.11536537,0.15302348,17.45540250538128,19.93629658376786,23.140222729816635,21.207091239341683,21.689472577798174,20.329503002638393,29.94338983795626,15.992869335763197,32.49162071391092,46.77318628608575,26.671357778539047,26.215186244039486,24.878234632066455,5.865416917513203,0.051987591911764705,0.0014876887308098842,83.35433467741936,blues.00026.wav,blues
-228.25066,130.3444,-23.29129,70.1721,1.1422709,7.6024475,0.90993816,1.9782512,-6.1670074,-9.396024,-2.562841,-4.5228944,-0.26295036,0.17933396,-1.5074474,1.4652518,-6.9718475,-8.32218,4.2389526,0.98148614,2813.7727,689.3132,927.4456,396.89307,181.81033,153.58536,100.306114,88.57641,61.917255,85.992905,107.9189,59.02934,67.83878,57.06845,79.24757,80.53511,65.00929,91.86661,119.76224,132.0349,0.39033598,0.23876804,0.28077337,0.24514459,0.41312185,0.29711828,0.20195572,0.1253433,0.16362885,0.21441917,0.33201402,0.5618315,0.08668182,0.059386976,0.106188074,0.062197033,0.13686863,0.07164212,0.08021076,0.044651154,0.04574425,0.050960045,0.06885843,0.15437198,18.540155202701797,19.932572194453606,24.471910295719866,22.175503521712525,22.380437577432488,22.852239215304483,30.80065407891615,26.98658813056768,23.527669135807145,23.4591593814938,21.11411796543788,25.575529528026884,22.975933963293567,3.951261838149487,0.07235897288602941,0.0025428603270127243,95.703125,blues.00027.wav,blues
-248.98674,139.0672,-16.2825,57.117985,20.192654,10.188038,4.5439763,0.33127934,-7.8779507,-3.4479153,-2.646489,-2.8313823,-0.90216666,-2.4017203,2.567503,-5.855444,-12.398048,-7.310066,-0.94395065,-2.6873753,4964.012,398.1533,1166.4851,328.96716,158.32242,133.31969,126.42127,118.3593,69.86434,68.505005,79.388176,66.70068,95.473785,55.00629,62.28277,46.459087,55.85461,37.52538,48.63901,86.72537,0.29127097,0.22079144,0.25846353,0.17772096,0.21079667,0.30909222,0.16693707,0.10157757,0.1621763,0.3373442,0.59917134,0.47678855,0.085417494,0.066720344,0.10031433,0.05152207,0.069042474,0.11412644,0.044917952,0.0303831,0.05726556,0.08178778,0.14313763,0.11919066,15.095577909314152,20.20157282720697,22.859478421685854,20.084169064630878,20.185187608822183,21.052145763388406,30.33501376622833,19.97137216695881,26.443531533665798,28.580551082834543,23.89717655891253,18.786046951163744,18.630707529660175,5.393613621294599,0.04802843217879257,0.0008170362000089285,103.359375,blues.00028.wav,blues
-233.75082,101.178276,17.649767,23.733776,2.0820332,25.941923,-16.958849,15.098034,-22.278715,4.3951225,-23.207403,-6.057175,-5.0688567,1.0673921,-5.785367,-8.311131,-11.389136,-6.72795,-10.025586,-14.032895,3688.1726,885.6455,375.4763,219.35909,227.68561,135.67427,339.3887,113.49167,98.38819,122.584,167.40906,81.73056,80.94343,99.95623,88.89909,84.26984,98.33856,96.658005,73.93483,77.86713,0.26941633,0.35720193,0.4740206,0.43138188,0.28132463,0.22534518,0.20336454,0.22684212,0.2407507,0.31954256,0.17719382,0.16026364,0.10429929,0.097374514,0.16063137,0.13281259,0.08558317,0.10065407,0.071369484,0.09123296,0.08245085,0.13426015,0.049486183,0.051440474,35.202080999439936,21.488814487881722,25.40052494974118,21.79429528858369,21.452103438645963,19.740211290556168,40.11491343157114,17.263538817520473,43.18598171389071,40.10972604978298,25.649033199111287,16.307110765914228,9.98315344940092,20.31653319691344,0.05292636174535604,0.0032485986014382977,129.19921875,blues.00029.wav,blues
-206.96808,117.792984,23.23588,28.297827,-1.1239153,18.862036,-21.949682,17.849985,-25.585644,2.129925,-17.794416,-8.015903,-17.607277,-8.139437,-8.648127,-15.528326,-15.317337,-9.66383,-10.0986805,-17.833735,2024.88,763.9999,281.31085,261.38812,195.00304,161.00206,212.00827,137.38489,200.23985,103.03088,72.98914,60.389114,72.86487,85.65268,115.33906,85.829575,78.128654,97.2892,55.275513,91.00573,0.24510254,0.16382201,0.19979611,0.27149525,0.29217264,0.46710756,0.37535498,0.3863892,0.22237654,0.16280456,0.20548458,0.16564639,0.111033246,0.04785387,0.07901986,0.09057394,0.06550879,0.15286437,0.07398425,0.15051979,0.054083366,0.05068442,0.0960378,0.051296547,36.75804648080158,21.678001410431268,24.46702717731478,22.64861304284951,21.568066603448724,20.526931980357194,40.25787170285996,17.477372990610085,23.879453062135386,25.645273970694063,21.49018690353679,13.014597508520565,8.27402691474146,14.867755588184442,0.03937580120452786,0.0009461477223050415,151.99908088235293,blues.00030.wav,blues
-221.83113,110.83949,18.616821,30.920137,3.295923,22.587362,-20.41635,12.118738,-26.350498,-4.367485,-26.413198,-13.045098,-12.654766,-1.8243437,-7.258695,-6.661086,-14.686605,-11.720062,-11.023768,-13.388401,2512.0027,586.34436,190.01865,180.62456,221.5046,100.64534,318.4843,114.58094,108.650635,102.306984,128.5556,107.557556,146.32324,95.10137,110.87032,108.997314,103.241875,115.85706,118.57157,98.61669,0.1340716,0.28721806,0.44904146,0.3309781,0.15556233,0.102872476,0.19881524,0.28719676,0.24909948,0.41848812,0.24736314,0.18295348,0.036196064,0.08241472,0.15946239,0.10242919,0.050108448,0.031131275,0.09083574,0.1455832,0.06512088,0.14781633,0.061360452,0.09104807,36.24509315616503,22.60260609307472,27.633458584701323,23.7062136010296,23.305945527169534,21.721655712264198,40.275457498041,19.33473356534664,31.80877920503238,26.464440149438687,24.607239145283305,20.620727082857506,11.30525492475537,17.639359111010258,0.04296723829334365,0.0010965169375924686,151.99908088235293,blues.00031.wav,blues
-288.8077,105.89604,18.777039,23.710392,5.711881,25.549088,-13.47376,12.428972,-11.942034,1.5714257,-15.635912,-6.6506157,-11.713253,-2.9383888,-7.3725796,-15.697483,-10.9741535,-10.8895445,-18.505476,-19.103352,5313.419,830.0834,434.1107,341.7813,380.5854,164.51231,228.24864,125.75411,195.75438,132.40996,126.260956,81.47689,102.09924,105.30123,82.10545,54.529987,61.243988,45.00466,55.91434,75.39776,0.35371417,0.2190159,0.19678901,0.18292837,0.22371414,0.29618078,0.3117764,0.43531704,0.27741954,0.2480182,0.2964007,0.27394477,0.14806247,0.04869516,0.06840673,0.08077944,0.080493815,0.11819078,0.08659509,0.16171262,0.06750023,0.09328075,0.09871027,0.061076947,36.99222531303489,24.47196301884721,23.823482934848588,22.558329390315585,23.411675168610255,20.734487470329224,36.909026887484934,24.901141317208104,32.77695446603001,33.39560707906395,27.654257469717624,23.78551080903388,14.465422311284017,25.72787747898719,0.03939318583107585,0.003160470486239146,123.046875,blues.00032.wav,blues
-239.03807,108.6572,34.15189,30.23917,-0.47574335,27.292637,-21.379398,14.150509,-24.510178,-1.8840464,-28.050291,-11.25665,-16.47693,-7.637185,-12.799123,-15.357241,-13.729804,-7.3977785,-10.089319,-13.291538,3226.964,821.0204,279.34457,301.7252,236.93358,140.60176,286.85977,139.08746,117.4913,179.24117,127.145996,87.69684,90.46302,79.016716,63.395386,82.00409,141.13153,68.78947,70.45002,87.91073,0.31172585,0.21653469,0.17708136,0.15544464,0.24418199,0.45707986,0.31716093,0.23538409,0.21042238,0.26943257,0.28200138,0.2533916,0.103366725,0.06647372,0.075454555,0.043856718,0.05636408,0.16156247,0.08083901,0.10461496,0.07087598,0.11973578,0.10995104,0.07678561,37.02210811528998,21.684838049035033,25.75964610556832,23.24239344981391,21.390631137116365,21.044582247948373,39.98716441151989,20.40041206957373,23.622739561705686,27.235290896472723,23.242525510867328,11.80621993224249,10.699761625066163,17.286329693070993,0.04196988982681889,0.0014401763411364605,151.99908088235293,blues.00033.wav,blues
-217.23868,105.792366,15.617071,25.256382,-1.4402744,30.18982,-17.71522,17.318172,-27.209528,4.339167,-20.059492,-10.695944,-14.220667,-5.1562166,-3.4732654,-6.189413,-15.326929,-6.845921,-9.82767,-13.943093,3598.8252,534.31055,358.48257,219.50215,216.11087,117.58458,223.76323,126.61124,112.305305,177.40923,115.37899,70.95101,105.017136,83.052475,101.24438,66.56049,116.12091,93.47793,90.83837,92.89318,0.23829386,0.32618287,0.4690556,0.38103133,0.24735844,0.23893552,0.19860114,0.21174565,0.23596495,0.31428877,0.15840231,0.12556356,0.10238527,0.081636384,0.15646605,0.1082097,0.08467322,0.11152403,0.07019169,0.08855544,0.08100744,0.12611286,0.039701838,0.03638802,35.41780062980818,21.97278964342382,25.423441731930875,22.486294729515873,21.489922441011004,20.890153915603392,40.47668946971536,19.37756016344195,35.614630442109046,33.08803618181588,24.037192752136278,17.04542227227097,10.485678658325597,13.88720630456085,0.04570040392801858,0.0006915647326379664,129.19921875,blues.00034.wav,blues
-171.8102,120.280624,15.3275385,21.09045,-5.4192963,24.189465,-24.138222,18.551981,-22.348904,1.3031775,-20.763931,-4.988852,-17.118927,-7.8865337,-15.308929,-9.351315,-8.913866,-8.52509,-14.333636,-19.933723,1941.8174,693.75525,269.31125,146.60182,175.03787,119.297386,145.6258,100.665245,139.48067,115.71824,68.09528,81.4443,86.4855,62.948082,43.373768,49.52811,42.973824,57.218,57.13078,48.65677,0.19509725,0.17154741,0.2522575,0.295951,0.33865762,0.3788548,0.29348487,0.2932329,0.28477123,0.35736346,0.39827952,0.19950083,0.07803801,0.04649774,0.10052803,0.09837892,0.09747536,0.13336639,0.07146249,0.106352545,0.08245729,0.10425525,0.13595542,0.04475123,34.96391012770514,21.537253838775587,24.475948341492987,24.14671648449336,22.36146453168536,19.772296374599517,40.907825541498774,19.699868288904504,25.830428199558394,25.23506371619283,19.03554722153384,16.060945934872933,9.491980048334176,12.495132911506087,0.045430186363196595,0.0005743032686207303,129.19921875,blues.00035.wav,blues
-200.19609,116.34013,18.00621,25.31356,0.29173434,24.192478,-22.255909,11.186425,-26.848732,-7.6384597,-24.889929,-12.015525,-17.017956,-8.120277,-11.956443,-12.609148,-14.181589,-8.206693,-15.028046,-10.327059,2877.1646,484.7833,198.75629,290.8908,179.55032,99.99041,307.06653,95.085365,97.18064,110.71486,123.01922,98.815834,77.6758,84.38276,79.75952,95.73332,94.2815,89.637955,65.5446,94.14112,0.26505947,0.13887762,0.13094985,0.14859883,0.25637916,0.49997854,0.2702742,0.12934479,0.1770304,0.24998264,0.3173722,0.21450484,0.121285975,0.045984227,0.058440246,0.05047126,0.05967451,0.16539559,0.06016249,0.047595177,0.090956345,0.095316075,0.15703732,0.06395657,36.19967035790173,21.658155973634155,26.53834743736564,23.158822005278143,22.67547258073475,21.192472845601223,40.11592449275164,27.982972234105574,27.18203131448834,31.341086613247892,20.40081507513051,14.319255369461715,9.980395617873736,14.314863230117862,0.03690378289473684,0.000348740492695334,151.99908088235293,blues.00036.wav,blues
-328.68088,102.71113,19.895552,26.732681,7.151481,22.704802,-6.9743266,12.781994,-10.725781,-0.43366092,-12.373165,-8.907054,-9.2401085,-9.106373,-9.001113,-7.6363454,-7.1891537,-9.366816,-4.469685,-3.6831248,7459.561,632.9106,703.31244,170.31245,252.99715,248.58789,208.5367,155.02681,158.75774,83.674484,110.02354,111.033134,126.25168,133.56136,188.60086,194.04753,158.22775,176.35072,142.50017,175.98248,0.32037565,0.12673253,0.08796396,0.19923995,0.3410182,0.6233105,0.35199025,0.19951063,0.2057763,0.17814231,0.16852276,0.18161833,0.1433255,0.027022429,0.025104877,0.08446029,0.07240833,0.14725524,0.059448678,0.07163631,0.104610115,0.07152168,0.084474854,0.05678181,32.745983612040106,21.1847846637752,24.469735392700432,24.945179125581063,24.945064166897634,22.83928175465683,35.14621917967146,27.88500548514296,33.98562912110637,44.6507224401293,38.10170645951157,27.448001425692105,27.42097840601946,42.50362026729008,0.04816032858455882,0.0012731312907603982,123.046875,blues.00037.wav,blues
-192.69382,111.18816,21.37331,26.392143,-0.64837545,23.48088,-25.470797,16.924429,-16.979984,5.79015,-25.725246,-5.045352,-17.632244,-7.9208665,-15.150279,-12.345927,-17.235107,-7.7819333,-13.042012,-17.948872,3219.3193,760.0547,298.1621,250.50179,190.51306,170.50954,120.37977,142.12851,190.65277,97.50861,85.88091,73.278404,81.16733,57.756798,95.64478,66.26422,71.78851,67.18776,75.88378,59.059402,0.120932125,0.10103779,0.17656419,0.3550184,0.26481798,0.2447436,0.29145753,0.31145883,0.3464932,0.3177268,0.4434209,0.21708663,0.059445113,0.03812356,0.044475432,0.13474494,0.073148385,0.064452305,0.11321237,0.10399259,0.14321762,0.07956736,0.14549871,0.054477874,34.825051917013866,23.605651994285964,24.29781496475934,22.982241569970416,22.9339584965614,20.723487032935363,40.98523631502431,24.520964279499665,24.26083941017106,26.94471816974415,20.4490327418149,16.38378200264114,10.09865775534194,13.989798812543265,0.044378038530379256,0.0020159003673263748,129.19921875,blues.00038.wav,blues
-301.70715,111.53472,21.896408,16.14818,8.19624,22.085073,-8.614954,1.4815574,-17.084373,-8.345809,-17.013063,-10.57562,-15.689096,-12.605565,-12.253903,-14.553243,-10.10251,-5.7855344,-7.775144,-7.1861954,5068.0493,594.15186,301.87964,242.20598,284.12097,138.37794,280.9182,121.00169,113.2061,113.5668,106.542015,89.26788,78.37573,82.66793,91.07039,145.10483,142.69601,78.78188,88.78663,137.52397,0.3304924,0.22631808,0.18006529,0.16500486,0.28336158,0.48211756,0.24665098,0.1449341,0.17802908,0.28716657,0.2844296,0.25572887,0.13436243,0.068284884,0.07302673,0.05093198,0.06913263,0.17334238,0.054426827,0.058853958,0.057175443,0.12665364,0.12814304,0.07885433,36.661831494178614,22.49621863138443,25.47388043351838,22.384569519012963,22.289639758513,20.02030815908403,35.22688013554301,25.455176156269893,31.281025807319818,35.391993298241836,23.25104434215246,16.90517502786628,12.967755720327848,34.52944314450239,0.03533878857875387,0.0009463243875264594,117.45383522727273,blues.00039.wav,blues
-110.284325,90.705605,-2.528311,74.052734,-11.746768,39.214577,-13.1743,20.531588,-17.167608,12.827254,-21.434446,5.952132,-8.032604,4.243276,-16.482641,6.545287,-5.6936355,-3.6378522,-4.857603,1.8532673,1287.239,230.03955,227.60164,114.1207,113.4523,66.11797,86.384834,50.40351,47.026897,93.40308,41.11529,49.105377,47.12441,46.223576,33.935276,35.441254,39.59586,36.28623,48.269306,46.03876,0.37617865,0.45132115,0.35582402,0.43828756,0.2901656,0.2840233,0.32641563,0.4898103,0.6704009,0.45774195,0.33629033,0.2970637,0.07669023,0.10293525,0.05149241,0.10416576,0.041644353,0.053079493,0.055986445,0.0704323,0.101890765,0.0642565,0.06523906,0.041296724,18.363915395109398,14.839755270613722,20.120213024425652,18.19709954041654,18.656463080014568,17.27480105169109,41.642670036992676,14.056283385166415,12.900320442833195,18.77939022534256,17.730257526751647,12.448488140323896,8.78253507088408,6.0680721579239085,0.09765700585332818,0.0013829270377808726,117.45383522727273,blues.00040.wav,blues
-107.18975,88.47057,-4.1777873,55.48549,-8.01038,38.416542,-6.402575,28.576523,-19.820787,13.252739,-19.239794,12.076225,-4.583088,3.789716,-16.9937,11.624961,-7.362244,-3.6578155,-7.1791234,1.9747294,1419.5776,379.11514,324.43527,129.51045,106.996544,70.53996,89.45127,85.75231,54.84159,124.81678,68.72075,52.41402,56.83792,47.426353,40.59479,39.340206,43.54835,64.73044,56.363075,46.426067,0.3245605,0.35915053,0.419727,0.5674114,0.30381763,0.25177106,0.3247915,0.3940812,0.45383787,0.4272596,0.49134183,0.32737905,0.07371848,0.090213686,0.073895596,0.13099702,0.04525932,0.046951983,0.06613329,0.07449064,0.101264715,0.071192116,0.10830223,0.054924306,19.724751463187378,14.579776439451624,20.112956996734624,19.089651149818177,18.698696779339368,17.854780947676367,42.46197355114744,13.706565993683096,15.369418311790703,22.26015525702334,16.866105595357514,9.755516722926412,9.597891888167366,5.15232786552702,0.10228887504837461,0.001595845311392495,129.19921875,blues.00041.wav,blues
-159.56772,69.78482,-4.3918796,76.85114,3.9159083,45.167534,-4.867353,32.200516,-9.796341,7.812512,-21.826967,9.682441,-2.5915892,3.3045382,-14.970442,10.232261,-4.08953,-5.8507586,-2.4700005,6.6611314,2440.647,240.24892,515.4823,111.58429,118.92934,41.01623,58.172153,45.098507,68.40437,67.00046,72.39408,40.613186,79.54607,78.97772,67.13793,81.96002,67.36261,96.02575,164.27568,109.1365,0.4520205,0.48421323,0.34609014,0.2488407,0.31260264,0.36538532,0.42622963,0.36145958,0.329645,0.3440004,0.39505854,0.4666782,0.101244554,0.11426363,0.06502561,0.045492887,0.07017117,0.084179625,0.105531484,0.09280986,0.08185756,0.07725243,0.10067913,0.118100405,22.584050005743627,17.483220245142146,20.106928750766656,20.576989775976784,22.50442209837957,19.215763805875554,41.44775937431195,16.363141570262428,22.708608413883777,24.666039711698648,21.934270162689373,20.43397269606971,9.484369710060141,5.173336154504358,0.09786448759191177,0.0018251761590559567,89.10290948275862,blues.00042.wav,blues
-109.195,100.62705,-8.620549,47.36422,-6.559237,39.620792,-8.523994,29.564737,-16.583515,13.170685,-24.20932,6.5919027,-8.641899,4.917566,-15.442783,1.5376118,-6.739273,1.4151818,-3.9658139,3.2878773,2207.0964,230.71619,383.04086,83.04543,89.76001,92.42931,91.04487,40.96413,58.576397,113.589516,41.236347,62.996323,43.376667,38.85542,38.68355,38.55578,44.708466,75.922295,40.507477,68.18454,0.4472541,0.3154096,0.32273528,0.3677556,0.40908068,0.36744946,0.46419027,0.38035858,0.41961038,0.3853965,0.3904408,0.51891196,0.091032155,0.06351169,0.07029285,0.0874723,0.094083294,0.06594133,0.100471996,0.058535226,0.10109731,0.072775856,0.0670208,0.1127026,19.285217908455333,14.137932142600972,18.05922009549159,17.743993381745323,17.79732715347211,16.59384763604151,41.95195887039161,15.996479438055177,13.881764726019806,16.914085412643608,12.249298548823957,8.764235899213606,8.775607334955794,6.698165450884486,0.08716538373161764,0.0012250822617520922,129.19921875,blues.00043.wav,blues
-109.53234,86.9265,-8.6249895,64.4895,-6.306035,43.64582,-8.293103,28.546427,-14.08159,8.136635,-21.490427,11.0866165,-5.0944676,3.9787722,-12.864777,12.342427,0.0205855,-0.7392383,-5.130451,3.3071313,826.48016,227.93997,278.40164,82.32143,55.121075,38.84475,51.65436,54.91273,77.672844,85.49683,69.5659,95.068825,91.481415,68.8657,52.809814,61.300636,73.273544,56.313297,96.007965,92.61493,0.3180139,0.43596917,0.43366367,0.46461535,0.3147548,0.26139686,0.32799366,0.35045728,0.48082495,0.46867672,0.49815145,0.32740223,0.056694817,0.09902735,0.07348489,0.11633797,0.05416975,0.038670365,0.08113054,0.0650313,0.1225148,0.08482509,0.11886306,0.052246813,19.849244690622033,14.500344015069102,19.577430209491336,18.908191235971334,19.5298081016117,17.1529265576233,42.594461240304774,13.811685465326178,16.510426792863974,20.917417786931026,17.68831035997918,10.533579102778107,5.873470332020122,5.985766546745295,0.09257049088138544,0.0009004298017083246,135.99917763157896,blues.00044.wav,blues
-163.24313,89.78489,12.977459,80.69248,3.6667745,39.74513,-5.4003787,26.49867,-13.163736,2.7070131,-20.552906,6.0071893,-2.908132,-0.43483505,-17.545372,4.1541677,-5.9900985,-7.8620358,-8.565295,1.8571713,670.50464,207.69916,135.02101,43.34057,32.881306,38.831142,43.949528,31.576735,37.966293,35.917175,38.922802,37.751038,50.265835,31.98989,38.859394,31.966549,36.066463,31.966473,31.82498,42.8298,0.41372737,0.37703583,0.32707846,0.37675837,0.3157827,0.28818807,0.3601198,0.43059173,0.54481435,0.5708022,0.6339837,0.51776546,0.088003285,0.074066624,0.047431443,0.09326762,0.05303371,0.050843164,0.07547067,0.0831182,0.09632225,0.08124799,0.11097439,0.08953582,24.20033494261302,15.850984238914588,19.495703202393276,17.59924029698433,19.718682794158134,17.326422935328218,39.33221423042959,12.968940806774372,14.797907547621907,14.716950389908702,9.833484282068996,9.17345039009107,6.012711427241399,5.697500499951118,0.048051863631965945,0.0002663457698385263,129.19921875,blues.00045.wav,blues
-182.66501,90.68653,14.118146,67.55459,2.6876104,38.431614,-8.420627,24.123556,-13.787512,4.8449693,-16.676622,5.823079,-5.1492887,0.19378847,-14.486603,6.864802,-4.4448314,-2.9868777,-4.8211694,5.3993235,2270.0974,451.44525,267.3655,173.59651,117.54144,65.8176,147.13535,72.24019,59.854095,58.76247,44.45444,42.45628,49.565228,35.94617,40.21125,30.50585,40.16001,26.175194,35.686203,47.05596,0.29619077,0.41959465,0.42356655,0.48048759,0.3638698,0.26518154,0.34930357,0.40148482,0.50971675,0.45436847,0.39031193,0.30084458,0.06980637,0.11394971,0.08084615,0.1195752,0.074315354,0.04939063,0.08240618,0.07843071,0.12237458,0.09773588,0.113589674,0.07590614,21.02576441504501,16.573770483865463,19.79902657132671,17.487122144553744,18.631095211034328,17.089935691159297,39.33881271972428,23.597669232312928,22.80520709164035,21.289708624424957,12.543578800111321,9.303872996528,6.480169173961582,8.611688389680202,0.05842595056114551,0.0009068681392796371,123.046875,blues.00046.wav,blues
-149.97588,93.640755,6.3362436,71.51115,-8.113178,36.21202,-9.784973,17.641598,-21.119005,-0.12590314,-22.20099,5.435663,-7.4677796,-4.3329644,-12.409766,9.624794,-5.02424,-3.706313,2.3359404,4.162244,1105.4324,194.33978,172.50552,97.46407,96.589554,38.98628,51.22909,66.06121,55.37277,64.48191,40.76576,35.060246,42.09329,40.655205,31.279497,46.479176,38.23297,45.877285,53.601707,43.575695,0.31131613,0.4599725,0.27087128,0.32150218,0.53853405,0.30842108,0.3324156,0.31175798,0.43047523,0.2554797,0.21191932,0.28458557,0.05146721,0.12693653,0.044423465,0.059789084,0.1549803,0.042339224,0.11244224,0.053209506,0.103140354,0.05146436,0.04395268,0.09328833,23.66078185760094,15.902420246181618,20.91126138039073,18.09027390225141,18.743955090039695,18.371289939196714,41.07142938371665,15.100126681553448,15.755713799638775,14.946113977710647,15.187170200470462,10.056747025029635,6.2790972454310205,5.659554229702523,0.07534497145897832,0.0008400624428347161,151.99908088235293,blues.00047.wav,blues
-106.34815,102.64147,-20.172258,59.37521,-9.9672785,33.70612,-14.182175,23.516735,-13.329083,16.02607,-18.923176,7.8317666,-7.8003836,4.0504375,-11.348732,2.0717623,-5.7422743,0.46529794,-1.916794,-3.1317525,1514.8802,266.90253,370.83093,123.923325,130.11966,59.62217,117.847404,93.70679,62.068226,78.58253,61.97095,68.95921,50.65413,53.7983,37.25484,46.98432,32.199123,65.785614,65.27803,46.614292,0.32915515,0.39682308,0.41826907,0.4691429,0.29863623,0.2747139,0.3267257,0.38416064,0.45922652,0.40055275,0.47301933,0.32249966,0.07880786,0.09862546,0.07409789,0.107847065,0.05060114,0.057748996,0.07640878,0.07076924,0.10127818,0.07164908,0.11080634,0.052555364,20.566092193658132,14.938782519853197,18.7782875803216,18.58251619082514,18.81619740824853,18.032907953198784,41.53278090128453,15.596075172062951,15.866431816595034,19.24849148929981,13.488482978889191,9.529509017573439,11.878224636232607,4.505214142505626,0.09881232766544118,0.001307991703901324,123.046875,blues.00048.wav,blues
-255.97383,110.82752,21.460573,67.588135,4.2883115,43.11846,-4.508348,10.442597,-8.718592,1.6548898,-20.58779,-2.430674,-7.144061,-11.172763,-12.612459,2.7417226,-8.942421,-7.946157,-2.3538342,-0.71479535,3166.111,668.1158,352.05252,204.14539,197.4789,82.391426,74.36692,75.72056,102.62,80.30957,69.3501,60.125786,66.06447,59.48785,42.909225,50.888474,59.669903,59.197563,70.380646,82.67994,0.2745373,0.36567327,0.34684435,0.32847908,0.21961534,0.23861669,0.18790069,0.17457932,0.21846327,0.2568943,0.42267102,0.29683053,0.091687486,0.1302302,0.082263835,0.10658883,0.053389985,0.10038794,0.059658628,0.055851366,0.07930282,0.04707556,0.15827814,0.05973919,25.499474300732583,19.092094102865108,20.62600046390207,17.990107492561418,19.863145784418187,18.93943438018952,35.85143051744599,23.56407720933355,16.607288685891817,24.924391790455214,13.780227036898637,12.910619860217176,8.314735927162403,13.020240564595971,0.03997292533378483,0.0007603344342360978,123.046875,blues.00049.wav,blues
-83.00168,107.06744,-25.32368,57.122074,0.08129861,34.708904,-11.047215,20.53328,-11.220151,14.839782,-10.229965,12.542857,-9.772626,2.560521,-6.298749,3.0084884,-8.717001,-0.32524627,-2.9847345,0.714617,2508.6072,314.40845,340.75513,204.33904,138.0976,73.0377,101.76057,52.152664,60.900032,59.191055,43.782066,50.45211,45.126244,45.16535,46.592693,33.836433,38.787235,56.951794,42.425682,55.56815,0.42411488,0.31023794,0.38499457,0.4273915,0.45153156,0.3644456,0.40616408,0.302428,0.32740858,0.39381948,0.44180676,0.57656395,0.06410267,0.05272498,0.09291031,0.08047583,0.11321018,0.065651216,0.10008462,0.05729569,0.07800322,0.09419815,0.08764214,0.12822221,19.98034441965735,15.890840736277738,17.24725250891258,17.972490755280567,18.393898847516372,17.103194955175717,41.34284546133113,20.36361359397079,17.3411856026566,19.13805132123765,14.48414138857164,10.310689469580538,9.041222197013052,8.160360334296046,0.08580598152089783,0.001220013753226274,135.99917763157896,blues.00050.wav,blues
-55.59663,114.9512,-37.06935,64.90438,-7.164943,15.254702,-16.23533,18.643576,-9.752286,21.46539,-5.652098,12.78424,-16.537031,3.797079,-7.8952417,8.47764,-4.067899,3.2060168,-5.1801424,-1.2800463,1013.14075,318.58228,205.14397,68.89317,93.67145,115.03964,97.7557,77.92227,68.48681,73.37888,72.016594,99.31604,55.868965,54.18538,57.78683,56.32581,47.10877,50.184814,54.70299,58.00405,0.27397332,0.2973973,0.3632404,0.48123443,0.54962146,0.41552517,0.35471183,0.39161906,0.4402814,0.38726234,0.3819838,0.38768613,0.04687902,0.061904836,0.072544865,0.08683733,0.10430797,0.07451407,0.0675512,0.082420975,0.10355587,0.09678568,0.08150605,0.08309291,22.309370523234275,14.456362021794096,17.72310079069125,18.0384839093917,17.761752121304713,19.251335843228173,41.312895698971005,23.327517829329313,13.13752259478502,17.495501399252237,13.825686161565091,7.627067921415257,9.739402671173025,7.0016042056432655,0.1066270952254257,0.0009458024302537551,99.38401442307692,blues.00051.wav,blues
-225.30031,117.64152,-14.544607,64.80238,12.931657,19.029236,10.688534,9.883124,-2.382837,11.688009,1.5453439,3.049367,-7.628483,-8.961092,-4.351271,-0.0652848,-2.5532408,-3.436927,-3.8674521,1.3170226,7869.2607,671.84784,816.1761,174.41328,314.7579,251.54605,196.80531,112.85437,101.673134,65.74268,62.2606,59.37432,54.68403,87.33534,51.251404,48.191746,46.665844,91.44592,94.54072,82.435486,0.4035819,0.29704347,0.24479203,0.19054854,0.26879275,0.33137187,0.42052042,0.623737,0.42846072,0.29913145,0.27262378,0.28812408,0.1510646,0.07573528,0.07058427,0.041423507,0.06903143,0.083708785,0.0671159,0.1490095,0.07929489,0.06601029,0.08152641,0.06569343,24.490638239621777,18.760985797422457,20.147077162821507,20.65870424302483,20.521105746082572,20.852487311314256,33.20421133506036,36.726172823476325,26.3655869377855,31.349438141923155,29.179114029580532,21.317051905169436,25.22867693154447,28.8382373583364,0.06719384916795666,0.0030856698108435387,151.99908088235293,blues.00052.wav,blues
-76.75777,105.77048,-43.208836,60.950108,-8.791272,21.246782,-12.877674,18.621218,-11.3991165,14.5500555,-6.057421,12.74034,-9.374367,1.3606243,-3.6204467,7.0045776,-4.063001,-0.26885945,-3.7049413,-0.49661148,2906.8188,432.54132,390.82608,407.64212,203.8762,121.12484,165.48967,148.7779,57.034916,78.525154,68.963036,64.478935,54.85944,64.23223,57.118675,44.661976,60.58045,52.608963,54.571304,56.846924,0.42383054,0.46404892,0.43576172,0.44259852,0.30321595,0.39073187,0.49989352,0.39941615,0.4172973,0.36348486,0.4058841,0.40372682,0.077139854,0.0948004,0.087576695,0.094566315,0.05188739,0.07391949,0.10596966,0.07391564,0.09900553,0.07464925,0.07983826,0.08990427,20.432652401800638,14.923893805501764,18.47826754766239,18.41846631375226,18.9280586085515,19.78197831766616,40.625994243646495,27.37966871142168,17.164009083599897,20.659753812057097,15.12852470508889,10.643701399434898,17.64797036144261,14.05450945661251,0.13280229598006965,0.002349041644220107,103.359375,blues.00053.wav,blues
-58.0011,109.01412,-36.218388,64.04036,1.4301567,26.315119,-17.482681,20.431017,-9.543072,18.177134,-6.057144,13.878274,-11.297565,4.668999,-6.410603,3.2177243,-8.079231,-1.7114851,-5.424766,-2.5814133,1746.4429,452.53934,304.32922,150.64774,179.71602,87.464745,150.72116,60.363632,58.43697,63.372086,61.425987,63.67722,42.7113,59.193584,37.91059,42.393555,33.44911,43.290512,35.178703,38.43863,0.36941296,0.47348773,0.54716074,0.48001954,0.5049681,0.38620517,0.40740967,0.42260236,0.4990713,0.5493311,0.42888653,0.3659525,0.065002054,0.07168506,0.097134285,0.06575855,0.09707979,0.06302139,0.08433728,0.067685,0.08105136,0.09564173,0.058674626,0.05943703,21.773263661590708,13.681077584650787,17.37013447138147,16.587541972057192,17.566785306105057,17.618409682882223,41.563954154615814,22.09562693996498,12.596640486046295,19.41644281038111,10.560399828870107,8.61779777171193,8.905352142110003,9.72959295563875,0.10338599615421827,0.0019154485793310197,92.28515625,blues.00054.wav,blues
-98.69757,104.80117,-35.10867,60.695045,-2.8393273,22.231003,-7.8374567,19.03072,-11.578803,17.021759,-5.3873515,12.199111,-9.960819,0.35878807,-4.2613454,6.1379223,-4.8302402,1.4995236,-1.494247,3.5056384,3334.2988,339.91693,349.29282,284.70898,155.06422,125.8831,108.238235,104.45468,51.36731,105.1421,57.83573,67.97628,58.175743,55.40564,43.390446,44.31632,56.966537,43.514015,69.95037,40.352997,0.4244275,0.37559196,0.3971729,0.31778726,0.47164753,0.47915965,0.5307233,0.56787735,0.40186405,0.4048587,0.4131021,0.40983737,0.09976733,0.06725753,0.083751656,0.05417073,0.08847685,0.08455109,0.08572339,0.12435032,0.076218784,0.07943391,0.08726018,0.06952944,19.68519360741432,14.500620781857988,18.048766606705634,18.258088057055872,18.7047592158923,19.44282108626418,39.97725843048771,22.938629178713697,18.18230744679959,23.49311690957784,18.58439594842219,12.706533813580371,15.366308393599944,9.437247518704487,0.11316673822078173,0.0025275336589611124,135.99917763157896,blues.00055.wav,blues
-145.42918,102.859566,-12.5421295,56.96205,2.247263,26.607046,-4.2670345,17.337631,-7.9970355,15.232127,-6.937478,7.4603844,-10.468326,-2.3522398,-6.7850842,2.668579,-4.7798715,-0.94475657,0.030942675,-2.0021632,4627.495,531.2837,354.3144,279.06424,260.6951,190.63008,191.0773,108.22286,80.360695,82.486374,48.208065,104.10784,49.808315,92.45436,78.50368,46.584946,73.11384,62.92624,91.11037,53.29417,0.30068392,0.26945332,0.3997365,0.40748307,0.51919645,0.4208977,0.4363144,0.4218055,0.3778806,0.39052692,0.34542623,0.41914043,0.060127996,0.046696775,0.09115149,0.06469548,0.12354177,0.0854023,0.08637457,0.10439315,0.081649736,0.11228521,0.06831281,0.10973384,24.963823970339487,19.150502542947375,20.48094136959235,19.126594157941984,20.517386843386067,19.702404543374318,39.61429526381271,34.79583937101666,24.38564820331549,25.715615001209876,16.96184690929349,14.021028296411112,20.416182735470343,15.290567471775088,0.07547951335139319,0.0016985637675508208,161.4990234375,blues.00056.wav,blues
-92.76854,115.340775,-35.060043,57.853596,1.8453195,26.61206,-14.544862,22.132044,-8.207086,11.007707,-5.6440945,7.2728615,-10.202147,1.3271272,-4.106722,0.97495973,-6.550568,-0.68358743,-2.1250021,-1.5218054,3132.907,522.3376,408.79648,330.8796,301.817,152.65479,149.01671,110.00368,72.06664,103.771576,79.76718,70.30423,56.631767,67.30396,69.219986,48.09877,35.721333,46.252224,47.537666,50.07593,0.4118993,0.36027265,0.40026212,0.43002853,0.48665512,0.4606785,0.5119731,0.38285992,0.35020968,0.37517917,0.40800437,0.51383704,0.07256259,0.060602706,0.07946,0.07664183,0.10309296,0.069761775,0.10945146,0.065643996,0.07584562,0.078617364,0.07829531,0.11636272,22.987485583904935,15.332525717949311,17.452778267371677,17.376685805539612,18.320647950910654,17.22386339785807,40.06958981137518,31.03155532585465,17.60538523243883,20.57860626266472,15.181573447472228,10.762021800128498,10.084091463609393,14.627592865432115,0.08992387045278638,0.0015358982465625717,92.28515625,blues.00057.wav,blues
-95.45586,105.22937,-26.962673,60.836983,-4.847295,21.54521,-13.523774,12.135235,-20.232872,12.151344,-5.229753,10.264026,-9.45371,3.8617473,-10.19307,3.5859,-3.0982797,0.20068105,0.8410299,-3.420522,3218.373,613.42474,376.3512,116.80304,152.56721,167.94406,118.80367,103.389244,90.41483,85.880264,73.205734,62.068638,66.37726,67.29049,59.293575,53.060246,48.3466,58.016277,66.185646,60.75026,0.34883446,0.46315834,0.41224492,0.48273918,0.3061274,0.28170222,0.37204313,0.30498123,0.3380918,0.29305056,0.28664583,0.39040118,0.06741396,0.12233433,0.07617931,0.11410284,0.061450385,0.057956725,0.10139601,0.061733298,0.08809617,0.06949825,0.059880637,0.11934208,20.826612046880303,16.544119130348147,20.123708614657577,18.8326975985696,18.71965932845338,19.921111341768317,40.54230637505463,29.881087648181218,20.21845048531299,22.670955528304592,15.997534795898472,10.629223564705367,13.373087668770571,16.35222619609389,0.10437162889415634,0.0019301552960038738,107.666015625,blues.00058.wav,blues
-86.25098,91.9421,-23.4035,68.2495,-3.8901277,22.742178,-9.895618,16.891766,-11.393833,18.429016,-7.011848,10.766728,-11.93729,1.0025736,-5.922303,5.314186,-6.139845,1.9491451,-5.0979905,-0.66548777,2579.033,321.3634,238.68327,143.20506,228.31528,164.28769,125.65189,70.17402,59.974827,73.597786,41.374477,55.34778,58.572212,42.894695,53.425606,40.287205,47.921036,57.475315,53.94455,39.787956,0.45165232,0.40428194,0.41462442,0.27452174,0.37102684,0.4436114,0.43186998,0.5268196,0.3669961,0.39417797,0.4088738,0.38436395,0.104178235,0.080630444,0.09969653,0.04332765,0.07328226,0.09284029,0.062920004,0.11660615,0.05999092,0.08726687,0.09057966,0.06927765,20.5539629036129,15.108198359660353,18.111037427623867,18.254356565778675,19.599301384485347,20.14049994620856,41.58012842957587,31.75665935683262,18.03106656361198,18.766720190110714,15.82649050309251,14.783771888931183,18.16886310559648,6.3385564271796815,0.14228825524864552,0.004212239886207968,107.666015625,blues.00059.wav,blues
-67.805534,111.709366,-34.657303,61.34179,0.045181226,30.571093,-12.704327,21.166828,-13.13489,16.2878,-6.343271,12.295478,-12.483006,1.6834177,-5.147794,4.6469026,-6.9180565,1.048274,-4.73902,-0.6583496,1610.9379,307.90585,223.0666,228.29688,175.44434,113.29545,109.5804,91.8243,55.590958,73.43066,38.066322,50.165436,40.387817,40.866703,36.919067,39.43037,33.207035,46.621204,56.01543,50.21934,0.31159994,0.3668687,0.44531897,0.43716997,0.5655918,0.41455653,0.42376274,0.38662872,0.46559957,0.5952805,0.42169857,0.33708867,0.054277007,0.058225814,0.09485111,0.062310074,0.10811914,0.059208278,0.0814009,0.06831857,0.07541411,0.10844523,0.0628901,0.055118613,20.749536113906984,14.329481765344196,16.792277893652106,17.506377079810598,18.432116478843586,17.52868227908424,41.451649563037236,21.88097181671064,13.517842155545555,15.926443546126894,12.890667726009678,10.366486201215334,8.259679172974094,7.94522309400067,0.09745368130804953,0.0013969962505871523,151.99908088235293,blues.00060.wav,blues
-82.485886,94.17034,-27.139208,75.66252,-27.529984,35.589035,-20.298962,25.12132,-15.379855,11.346789,-13.402289,8.153384,-8.504351,8.285464,-10.359801,-3.460236,-5.226153,-2.5910985,-8.365252,-6.978115,1041.7223,208.28694,165.8139,55.360622,67.77048,42.328785,49.313225,54.663532,47.744152,56.46314,54.869205,50.092274,64.6792,72.720695,72.02806,50.138653,33.0177,38.1976,72.65337,35.891937,0.3694658,0.31469265,0.5477441,0.3568965,0.5215462,0.45586115,0.44225875,0.4869513,0.36730623,0.5596935,0.4925522,0.5081907,0.061146945,0.034725934,0.080640525,0.04372211,0.08765971,0.061848845,0.068196155,0.09902543,0.042845614,0.08935861,0.081833,0.0841944,19.154099796043376,14.98292991907326,17.637631602129694,18.948405799339813,20.59585128954884,20.744913710110435,43.86524889179448,12.000310645209098,14.594577538967224,14.063230693950333,12.935414838860797,9.865961012488196,9.262233430016476,7.020624341477011,0.16758439858262383,0.002548715364585769,129.19921875,blues.00061.wav,blues
-144.99365,95.742805,-21.61032,49.62971,-29.898346,29.358599,-18.849941,17.890139,-9.674273,5.5135674,-9.5545635,6.3690124,-21.091816,2.4598293,-9.537456,-1.415343,-9.326942,5.140728,-8.113004,-2.449215,1821.8978,711.69794,420.06192,186.31003,268.1202,146.08003,248.99937,91.80833,107.92496,77.34491,74.19103,108.22203,79.03176,90.473976,70.80346,79.24792,90.60285,220.34705,102.790634,109.61177,0.4403294,0.2965157,0.29633325,0.2783535,0.2617172,0.44035372,0.27770174,0.34898996,0.35150152,0.2491378,0.24539758,0.25549775,0.12591773,0.0684461,0.085529715,0.06972711,0.06086631,0.14954956,0.06334763,0.113964245,0.110550456,0.07425299,0.08613489,0.050983157,24.73066916154616,15.96684261364293,19.894673567898362,21.55964398549757,21.970439397461924,21.235267077622275,39.879656216159034,19.37751229271984,22.57423032551558,25.077850829602376,18.990593984345,17.205401123043064,12.973915883550228,9.830803188971984,0.11714895148026316,0.003783662612107594,112.34714673913044,blues.00062.wav,blues
-129.11397,72.11977,-7.7658463,49.26091,-32.721977,21.608433,-27.374638,15.002842,-10.258776,12.437438,-17.034569,7.118173,-18.020405,2.9276602,-14.486263,4.0620627,-14.537421,7.258291,-8.20802,-1.9981062,2036.6293,426.07434,594.2186,142.05518,107.387405,78.551994,188.1784,52.70178,121.44633,51.91313,57.256138,68.55467,66.19866,46.884777,69.79718,56.764683,66.72075,80.907166,81.40572,76.88726,0.4729351,0.31483093,0.3385532,0.3452724,0.2841185,0.4132329,0.29263738,0.29421967,0.3048464,0.3246275,0.28528935,0.29421902,0.1242779,0.05589131,0.10828156,0.093304604,0.054919902,0.124410816,0.069669075,0.08582785,0.100769706,0.09030145,0.08250785,0.052274663,22.961144238008455,16.31421389835071,20.450671114616178,20.170225323827125,19.725650618309015,19.60293415340131,42.52981141052211,21.220622828772882,19.200923517983703,25.720636314593,17.65193957498816,20.25637669448632,7.1514721253578575,5.35381826660814,0.15435583155959753,0.0030653401358737824,92.28515625,blues.00063.wav,blues
-85.17353,88.81205,-16.331642,59.223236,-35.993603,14.391535,-22.306257,9.651897,-14.823916,11.181605,-14.808832,8.478196,-19.59089,6.4134293,-13.782541,6.1157637,-13.154796,3.9341369,-7.6171,3.7527044,888.2186,172.14816,190.46686,130.11351,78.10094,41.02754,51.19437,53.45079,45.239613,45.724194,42.164024,36.548363,37.816776,42.20134,40.470417,38.964764,44.32654,48.016567,43.323547,40.95026,0.5866406,0.30649662,0.37001404,0.2621117,0.30945206,0.60768706,0.24195568,0.2556208,0.23626325,0.32434922,0.19706705,0.29215702,0.12293473,0.030305756,0.108456105,0.053117126,0.037175518,0.12684812,0.026761806,0.060755067,0.055538774,0.07475392,0.03825817,0.038529787,22.023606896446122,14.893100080036506,19.259172213505863,18.250189356180368,18.73798700325623,20.259990578512898,41.52974913235953,17.551959970036755,17.764251557932607,15.883798507020575,9.679825531583349,9.963415095763692,7.4056053983603904,3.512617624051571,0.14685171971749225,0.0010589539715073898,151.99908088235293,blues.00064.wav,blues
-118.37033,74.86732,-19.869467,46.947586,-32.569054,23.835135,-26.374111,17.692514,-13.826244,11.946739,-17.88878,7.555982,-22.900585,4.764417,-12.797208,5.620266,-14.7387495,6.6824026,-9.169973,-2.2361934,1182.8298,606.0689,342.13882,126.49994,128.80544,83.83734,157.87862,55.77972,74.61537,68.61495,62.19952,66.95666,46.098545,63.465786,76.15683,57.91617,90.25227,102.628334,135.94783,100.91766,0.5685389,0.26252842,0.21288578,0.2441617,0.27325183,0.24869734,0.24989326,0.42419133,0.21923979,0.22793418,0.27069867,0.31032965,0.16255133,0.04254959,0.054808863,0.07228691,0.07855736,0.076184474,0.055916023,0.12889017,0.0476652,0.07594967,0.09240241,0.050001707,20.249789403786288,16.411929661603942,20.794434822098204,20.532554353498718,20.0347564049492,19.510043080515583,41.90079721462884,16.880255934142838,19.110053725327585,24.425117263112902,20.266212661134123,14.056331065464233,6.911109656112692,8.092721763357746,0.14631846519446595,0.0025532304382802754,107.666015625,blues.00065.wav,blues
-116.546364,97.444626,-13.895614,48.974857,-22.594566,27.76544,-20.240068,18.63935,-14.6516695,8.481434,-16.655897,11.001678,-13.869425,9.742047,-5.09433,2.6373723,-9.890765,6.160115,-7.6891356,-4.851008,1589.7712,505.1731,291.69876,154.74753,162.44969,79.28989,186.21907,66.03078,73.89131,51.40223,69.90371,82.738556,74.52143,76.12542,75.83379,80.2436,55.54431,99.97856,90.491234,76.02453,0.34520912,0.33243248,0.4356432,0.30340582,0.38848293,0.35458747,0.311202,0.3524126,0.30162218,0.43754673,0.4690718,0.4664812,0.07605939,0.07036981,0.11978179,0.05274492,0.08833192,0.0841132,0.0685731,0.11057707,0.05723817,0.10781036,0.099659264,0.08709371,23.686025324023213,14.238257140629315,19.166876432543962,19.348650890328063,20.28262073834391,19.546189843231957,41.37636164416118,19.286752174556074,16.704474267483253,20.97708749137975,17.331764285605708,16.426608488110592,14.169475329308634,8.321818920162672,0.1217751517753483,0.00400132012698725,161.4990234375,blues.00066.wav,blues
-95.46324,101.38038,-20.697004,48.66807,-30.27181,20.812763,-18.313585,14.14687,-12.79889,13.44428,-14.0782,7.732656,-19.232273,2.8622496,-9.816176,6.917916,-11.309343,8.943026,-2.960888,-0.9738648,935.6232,365.84436,346.78525,176.33157,139.8549,85.4931,240.91283,62.267548,79.733315,56.54136,105.787056,73.01167,59.21129,48.577015,62.326305,66.26473,76.29174,64.6703,60.02253,60.46595,0.28484276,0.23302852,0.33838767,0.27491874,0.4189404,0.33385497,0.31326866,0.6014237,0.38233593,0.3138188,0.27941677,0.2810165,0.080669984,0.0461922,0.098191105,0.043295328,0.12600297,0.075986296,0.050112337,0.13082679,0.068836845,0.073293366,0.06678404,0.07225855,22.08749566492957,15.303133388341255,19.92836360202702,19.875612734607692,19.47388077932136,19.6786493661125,40.94087619762421,17.97017346962828,15.237174332937885,19.680602508645546,14.812056467103378,11.46399121920961,8.848225435436305,8.708176382815193,0.11276500217685759,0.001703399209712295,161.4990234375,blues.00067.wav,blues
-113.19473,88.705864,-8.925186,49.482693,-34.573833,15.864125,-17.744791,14.710542,-11.202001,15.367768,-15.07657,8.747663,-18.63179,5.4699717,-9.263917,8.01712,-9.552175,5.871999,-4.401514,3.614706,1587.9232,316.1194,227.65373,139.89232,122.96656,68.47381,68.051025,58.997963,50.377274,54.743263,68.7536,61.98549,32.869316,78.16073,78.86171,74.91123,56.48014,44.5771,55.84678,81.65161,0.37294433,0.20997724,0.22290811,0.18258339,0.26471055,0.57655007,0.24400698,0.2542512,0.2750273,0.39536098,0.2648718,0.21109387,0.11248184,0.033131275,0.07662621,0.04174992,0.031414077,0.16942836,0.027892202,0.0692282,0.07981811,0.118537635,0.06317893,0.035467,21.855621563614854,14.17951792701447,19.446554545676765,20.159861426856125,19.313062928818432,20.366898148855444,40.98845975688339,16.365687660033306,16.17661183554971,18.3569675215624,16.003381957740114,12.27284173957638,9.974329707468891,3.2265558148587647,0.13514619715073528,0.001514456983017283,161.4990234375,blues.00068.wav,blues
-121.42954,96.12303,-19.616804,48.020565,-38.80819,24.758066,-32.945824,8.104195,-17.81152,6.1132855,-19.998335,6.7939243,-19.340662,-0.10921181,-12.248765,-4.9202304,-10.407991,-2.0489688,-1.765213,-3.9528494,1180.8312,435.9374,271.67673,130.74062,199.52303,103.39221,132.22632,101.26779,68.93358,74.11519,42.927177,64.26412,87.26133,66.29117,60.703117,60.178383,59.10458,115.38695,104.84001,77.19068,0.29259628,0.19067258,0.34227163,0.24157661,0.3649532,0.39834788,0.2830318,0.43520623,0.22767939,0.21458957,0.2521808,0.26069012,0.10341212,0.03595098,0.10787378,0.04032581,0.118158266,0.13045108,0.06094283,0.13393617,0.0393785,0.06649824,0.08514511,0.053906005,20.695134730496097,16.51582433779527,20.335422966652015,20.90558140201062,20.98825101623755,21.173815040519337,42.4465863579854,26.078838523850326,19.761348053419113,22.493239334833447,20.80249420555101,16.155367384370873,12.154955076462207,8.371653348174227,0.12514096664570434,0.002504560474090067,123.046875,blues.00069.wav,blues
-133.0444,105.72739,-22.146265,41.81865,-26.996668,19.124523,-26.56932,19.24604,-15.334524,6.9896555,-10.818551,6.7937427,-11.729828,4.40094,-6.044507,1.9662837,-12.326304,3.2550435,-8.811428,-3.3753583,1943.62,800.4653,316.05417,143.67093,155.0701,88.24781,223.87268,94.77404,91.89693,72.628044,98.95879,69.71684,71.370125,65.75447,63.078197,70.770996,92.98464,64.59363,64.490395,71.415794,0.4047218,0.2848425,0.23898084,0.27340013,0.3396714,0.45552588,0.30007705,0.26518536,0.25049204,0.32097453,0.4155126,0.32286364,0.11305989,0.06859292,0.061564732,0.0831569,0.0819561,0.14355072,0.073058575,0.07567019,0.06581493,0.08831846,0.12515722,0.07029182,22.278806196420586,16.508945533431454,20.329586368499083,20.206709100049306,19.74844197181745,19.125250193594848,40.20748646266433,23.147573220753983,21.856545235421986,28.539117584294427,22.059380293834497,20.25712617236565,15.04848101706192,13.722229237873147,0.0983489895752709,0.0017462419774728415,143.5546875,blues.00070.wav,blues
-89.391495,93.78779,-14.57109,54.391533,-33.51502,19.421158,-19.763674,13.022463,-13.869494,14.611718,-14.970264,10.589299,-18.023413,6.658279,-10.205867,6.529359,-10.848846,3.3216321,-6.1875305,2.999421,695.12354,192.58809,133.76848,99.30157,64.555954,41.70029,47.00677,46.063267,52.43446,51.5353,60.203384,35.3749,34.410305,55.10666,54.281418,39.768433,36.446465,41.19336,42.51324,40.246086,0.48343647,0.24265361,0.25104457,0.23521735,0.31490007,0.61323124,0.25641748,0.2631158,0.24248496,0.3463451,0.19143587,0.22271103,0.12813912,0.032598644,0.060027078,0.061924785,0.032038756,0.16322596,0.031087613,0.07623563,0.052239534,0.09252557,0.03769558,0.025145752,23.10537895293792,14.388790607483132,19.96250400302798,18.774378028310235,19.422436844634422,20.834815919841454,41.54337053415232,16.0833336536012,18.92939066925519,19.024758304788122,11.719177264227236,11.066357533602684,8.636544951264321,3.3184159507856394,0.13468663832720587,0.0014273373318856107,143.5546875,blues.00071.wav,blues
-118.68192,87.62362,6.558794,45.09805,-38.915703,20.813005,-26.863337,13.798009,-17.23861,5.1101575,-15.709853,3.981842,-27.549044,3.04777,-15.956566,10.867772,-12.65191,2.8237092,-13.335965,-4.3752894,758.7098,306.7022,248.16017,87.3531,78.76162,60.239964,46.446148,57.72302,43.824852,45.904247,41.770138,43.413876,41.175877,42.523384,35.982456,51.029327,33.191273,33.137535,34.925007,44.186405,0.22623052,0.23746438,0.48727354,0.25895846,0.38016224,0.22036913,0.28979248,0.5230703,0.24706203,0.22697662,0.22581805,0.36114094,0.055974796,0.023353519,0.1468075,0.030732492,0.123292536,0.04440421,0.052561603,0.14065424,0.03432597,0.059196252,0.034011465,0.09772093,22.96247895919051,17.374017543709133,20.287841596859792,20.34320278893678,19.346832384391174,21.149443652500658,42.79403298710256,22.676330078014928,15.837638307936373,16.674866343004165,8.285668034697153,7.204719100247629,4.623072432066884,5.1552474874514065,0.12924562814434984,0.002799086129388059,103.359375,blues.00072.wav,blues
-30.129288,103.7448,-19.76573,56.411625,-12.72487,20.194227,-17.348097,16.309158,-18.444427,8.932052,-11.661623,11.210426,-8.851257,9.101229,-3.5740461,4.384886,-2.8308272,4.7261167,0.48242342,1.4773945,1123.0977,204.43088,185.01085,173.4392,121.37858,94.64758,90.1624,64.662094,56.84802,52.386333,53.73331,39.468105,51.892693,52.963882,37.731236,38.74848,45.266594,44.094547,51.53599,70.00986,0.3497718,0.33089772,0.29128405,0.476109,0.3075927,0.3007618,0.3208819,0.33775765,0.32188994,0.28191578,0.49956378,0.2859019,0.100211956,0.076045394,0.049724273,0.11791078,0.060175873,0.0698397,0.08760585,0.07973075,0.093729556,0.04188773,0.13569245,0.041633435,19.123870638706958,16.509216056335735,20.298396136877805,19.84578646085035,19.271447532564007,18.923410156390794,42.89606892659168,29.04137092495169,18.311751393565437,16.6638882947806,12.897986889101693,9.567706983357654,5.765231049330418,13.568026037244145,0.10056968665344428,0.0009933535840277793,99.38401442307692,blues.00073.wav,blues
-56.03289,87.84067,-1.6012411,41.205364,-5.620271,27.784927,-24.002584,21.768122,-18.42899,12.328123,-13.717034,11.850821,-3.9822721,7.09853,-4.468587,5.122545,-6.652361,5.871457,-3.6964025,-1.9647617,2866.092,358.13525,288.10788,165.8059,140.18718,108.571205,91.6027,64.85086,85.300285,65.853584,65.63604,70.903915,58.626953,88.10268,57.233784,56.005127,59.64285,53.930958,67.695854,69.06949,0.32479703,0.3681601,0.35005182,0.49737024,0.31926972,0.30865014,0.28408787,0.3490411,0.3694265,0.32760417,0.5794872,0.32814223,0.07742626,0.081778795,0.05767702,0.11141114,0.058450475,0.06883845,0.070904724,0.074213594,0.09494643,0.060399886,0.14057218,0.04804245,16.918105972475086,14.902894497147255,19.89083617840361,20.56127069306647,20.80107483129711,18.075427280294463,44.31231841026049,28.10778902940303,19.619428629003473,18.385099464585554,17.62461164650399,15.069485769348928,7.684769949346631,9.335011164515175,0.12091612446787926,0.0016698289258501849,112.34714673913044,blues.00074.wav,blues
-86.33548,92.7005,-15.399187,54.052013,0.86678725,31.560293,-14.622711,23.325447,-14.978638,15.339354,-7.0493617,12.182225,-6.110912,7.021336,-5.812698,7.440921,-6.0741916,3.3776991,-4.2786126,1.2500927,6846.8667,779.8273,500.90082,238.4208,214.42142,129.72664,93.8962,49.03272,73.999756,75.32654,83.15804,61.919395,92.456566,47.544083,48.14234,67.87384,46.929848,41.3904,53.474083,44.235302,0.5765214,0.46035895,0.4220095,0.39439738,0.53090745,0.4711454,0.40355232,0.5201734,0.43327153,0.49211696,0.45491603,0.43812126,0.096842274,0.0681364,0.07303874,0.060246434,0.09256488,0.084237576,0.062107068,0.096549444,0.0644477,0.101486266,0.080181085,0.065092154,14.319803541437789,16.314598692118885,18.628850678893137,18.952787992245906,19.281651097890194,17.867714478232276,42.13718988553301,14.034466607459976,21.652282876088314,21.528201256239157,20.75010980617515,16.390973308788407,11.823518777637018,21.42822137227215,0.10858664497871517,0.003210580025376113,117.45383522727273,blues.00075.wav,blues
-52.701164,74.455414,-18.715458,56.307217,-3.9593265,31.987156,-16.45779,22.41769,-12.262029,27.228352,-9.233885,7.8071027,-10.567175,6.944951,-9.136492,13.022678,-9.85732,3.6924515,-4.954326,4.4225,1344.4116,222.23784,219.27394,112.86574,128.18298,101.37074,138.89772,80.13587,66.50578,65.774414,83.32619,51.72937,59.158535,49.734894,85.40925,51.386883,52.945385,56.425163,70.8428,65.25113,0.32584396,0.26377293,0.38028732,0.3083715,0.316824,0.53643334,0.3260227,0.39766034,0.27765167,0.4278607,0.4771002,0.34922045,0.06745881,0.048829924,0.11013251,0.08836644,0.07157983,0.109840274,0.03786519,0.10309935,0.034370366,0.08694189,0.1376203,0.08527898,19.15394710496034,16.76993563171172,21.166411933161367,21.77367293664209,21.57468728143118,19.244753291221702,44.47802124286403,26.070083983506393,17.08135923687948,26.373853584201104,13.336348258740024,12.825493742723753,9.32571295377886,11.981679635620802,0.1364685625483746,0.002664558806629296,117.45383522727273,blues.00076.wav,blues
-29.039146,104.53732,-30.978956,38.15443,-7.991592,30.89167,-20.596235,25.83078,-12.959671,16.941612,-12.263682,10.786708,-10.564546,6.8762565,-10.298928,6.96821,-10.256611,0.7044424,-6.006501,1.3486158,1956.2665,307.20514,308.07376,109.175575,133.5931,96.44126,98.719185,69.86036,84.36275,53.48429,58.669197,37.430557,46.057068,40.305706,40.656124,46.880024,51.75951,46.481823,31.898449,44.768387,0.55544645,0.34035873,0.35369298,0.34397513,0.39716545,0.44617975,0.37079063,0.46404132,0.34487802,0.4436681,0.40357432,0.4427392,0.106098905,0.049693085,0.07005801,0.06404827,0.074275546,0.10423517,0.058491893,0.105084874,0.06088926,0.09000766,0.08473076,0.087704726,20.141379806796103,14.573442646586276,17.517487313597577,18.083503746663208,19.543125385893276,16.800319356753207,43.17112093347521,27.39957993504308,16.45983627528967,20.141158244515854,13.646061703023243,12.965030457784705,6.8012506694959365,8.020529745018282,0.11152578064531733,0.00114567753889385,99.38401442307692,blues.00077.wav,blues
-2.5510163,101.25788,-33.92729,41.518402,-13.815158,31.920723,-21.868603,24.458948,-15.881366,15.794475,-14.372411,12.507441,-13.373969,6.1127505,-9.06967,5.033296,-11.333126,3.1684957,-4.5717015,-4.033881,735.3646,164.13426,142.82718,99.83738,105.014244,48.342278,66.76727,42.868336,41.04232,32.81215,43.872128,41.156155,39.46842,31.859306,35.527966,24.009264,35.233288,30.374691,46.85536,35.250755,0.34453157,0.5283111,0.47427052,0.53920066,0.33008754,0.32914272,0.3091841,0.42533356,0.40429792,0.35721272,0.55868447,0.37083587,0.06687173,0.10297805,0.06413893,0.10959958,0.054149546,0.06438163,0.063707136,0.08124985,0.07767534,0.04407045,0.11095344,0.06724854,19.721901422613882,13.561077296064125,17.439797605614487,17.30733759527855,17.789195155056085,16.279011385448918,44.67134768831959,31.994634698028573,12.62790319710864,17.69443689152937,11.836339065733767,7.122724492262656,4.369569663176776,4.382245321171617,0.12386319659442724,0.0005565215291049023,123.046875,blues.00078.wav,blues
-3.5590715,92.92779,-25.118544,45.18721,-10.871894,31.862423,-18.057924,28.628012,-10.234054,14.673487,-14.906988,14.751648,-15.609781,9.549894,-14.798732,2.0748363,-13.824648,3.5714698,-5.971642,-1.6474386,1020.6434,171.49611,148.00333,65.70567,70.28931,42.49345,72.8497,48.181896,59.0572,41.789806,30.210163,28.555014,40.881348,42.952213,35.298443,46.793232,38.152576,33.259754,34.376945,59.873184,0.37625623,0.3779209,0.39077207,0.60067695,0.403376,0.34884703,0.43558,0.42402655,0.3340736,0.34080946,0.6224747,0.40360063,0.0869955,0.06046904,0.05106591,0.110258214,0.053201817,0.050003536,0.09772201,0.081488654,0.058673505,0.04694021,0.091674745,0.058623057,21.48799253806294,14.4167676661784,17.118556261087573,18.02569490778635,19.30820638916563,17.20910756805007,44.922558384564454,37.59758084477616,15.230109933144362,19.5265119795015,13.428800784342828,12.368099962433119,5.645692056590264,4.746797284209486,0.12473545133513932,0.001185921460673177,161.4990234375,blues.00079.wav,blues
-54.747242,119.48588,-34.86474,37.537148,-15.886235,22.081097,-14.668317,18.534313,-9.643757,11.258853,-11.732052,11.539119,-6.4307184,1.7856675,-5.876253,0.38029101,-9.063585,-2.0153258,-5.416969,0.028836029,2271.7803,398.2615,246.39479,185.61363,157.55302,112.45841,207.73389,95.065254,124.48171,77.08695,75.8127,55.873127,72.89416,61.147186,46.933456,64.62306,48.696285,44.877705,54.10836,49.089474,0.43588275,0.34366557,0.45876098,0.35902387,0.4376153,0.25817555,0.2918811,0.46044427,0.3037309,0.36337605,0.29913473,0.40738255,0.10955102,0.0653546,0.10904553,0.070267916,0.10804821,0.048677936,0.054336898,0.12729084,0.057265617,0.10053144,0.062444918,0.087198466,21.50363960288906,16.26785915236787,19.183479429274414,19.814620334576116,20.603126893691794,19.3872051656223,41.64862833694409,32.04726386960046,20.35423558618378,24.774559370722983,17.181310913031673,14.493287994471396,11.40876857281802,8.64641644688549,0.09403873597136223,0.0012045563970391256,117.45383522727273,blues.00080.wav,blues
-26.955238,107.34024,-46.812206,40.932655,-21.469862,24.816854,-18.9477,15.260985,-15.0442505,12.270949,-15.239539,14.331287,-13.830045,7.565649,-6.1833706,0.33221066,-6.835121,0.97067875,-7.571379,2.9214706,4597.1016,436.726,199.98367,239.96631,73.19101,55.246815,81.02325,70.58341,60.67105,59.370857,41.501766,69.03472,43.24331,43.85359,64.847885,40.599846,48.032467,43.696136,51.294064,39.144714,0.41186264,0.37235975,0.6419905,0.2842326,0.3695741,0.36576214,0.36902755,0.44988164,0.2324921,0.27675322,0.3350413,0.4544158,0.09936998,0.052186888,0.12349245,0.025509784,0.08759687,0.06628027,0.06851735,0.10292798,0.022587454,0.056662362,0.06631449,0.07297264,20.60819827047785,15.162547410613934,18.280584529181606,20.21813599545107,20.61282533152387,20.250685753660356,43.479875562685784,35.717050407948946,22.113615813581497,21.69564888224484,17.594784415363463,17.295156202533914,13.273167370905714,7.265253217013026,0.12727247303115324,0.0007274682951916865,103.359375,blues.00081.wav,blues
-29.400257,108.69148,-25.589895,38.440144,-18.353867,21.7857,-25.172714,22.406967,-17.606058,14.675623,-12.086358,5.462191,-7.70603,7.410018,-11.327916,7.2359223,-9.470523,1.9366981,-6.331344,-1.3017331,1406.9934,254.51268,268.19858,154.75987,203.77934,97.36748,99.986725,62.850365,83.9522,88.97706,61.486847,64.140526,64.24384,66.95779,65.514885,68.16674,81.96284,70.21054,57.247166,61.935608,0.3044495,0.3812374,0.3619936,0.30514202,0.47864142,0.27242327,0.29799306,0.30147755,0.27356932,0.4886281,0.2892391,0.31184334,0.0760109,0.10006728,0.09071471,0.06463053,0.12420309,0.04712994,0.09131077,0.08405848,0.043239012,0.12683208,0.05191963,0.07772697,20.858981808019248,15.439595361326736,19.486551318133095,20.110173494060206,20.530672392632844,18.330372907117763,43.0979430884105,29.12706761401682,17.12742605176578,19.38251389801125,15.40254728340436,10.128939215183463,8.054599170187156,5.848023630590245,0.10515129160216719,0.000643863742559879,123.046875,blues.00082.wav,blues
-19.893549,98.89588,-24.47666,49.585854,-16.200876,30.19781,-18.029512,27.554832,-11.405636,14.877994,-8.908682,11.671264,-10.886021,9.310545,-5.8320613,9.2586565,-4.049497,3.251027,-3.466164,2.3792584,973.60645,152.57466,181.62437,58.369835,50.936024,58.56567,55.063057,33.80202,57.47212,43.94177,39.291023,41.07261,56.395752,46.234398,39.229908,35.281788,47.900368,53.321636,38.22887,60.459316,0.5460673,0.31171012,0.38598418,0.31303853,0.40949017,0.6682118,0.36629063,0.34440947,0.38556764,0.47913703,0.5271818,0.39118516,0.09939269,0.04093228,0.07966639,0.04906651,0.060226504,0.09120991,0.046516165,0.055606198,0.06751744,0.07337555,0.12096445,0.049980115,22.01116290539938,12.202131411132767,16.15195272998218,18.200466229529457,19.215898316626095,16.619277332030254,43.88248205907331,31.68081514144328,12.293456169370064,14.665667534429,12.326818089568446,12.021360541864869,6.277333884748697,4.143228553415471,0.11795053393479102,0.0013108083563003424,135.99917763157896,blues.00083.wav,blues
-38.994843,112.03825,-31.817709,38.240677,-6.320669,23.330563,-18.778877,23.932188,-10.934216,13.2348585,-14.38119,13.326929,-10.922001,9.794659,-5.0327086,7.201395,-6.7550354,2.6630874,-4.3824415,0.41451114,3891.59,433.50613,178.39975,86.91245,143.9651,60.725838,73.5258,60.91614,47.895027,41.02865,51.634277,44.585808,53.33232,49.96749,88.059105,65.54082,45.135666,55.698524,47.894318,61.213818,0.5687237,0.30889022,0.30265203,0.44104797,0.2966399,0.30171436,0.31870753,0.57243866,0.3370241,0.33617696,0.58176446,0.38982806,0.11592078,0.040873136,0.052756503,0.109073296,0.039897263,0.058132008,0.042377964,0.10748261,0.07612849,0.059717655,0.11583902,0.05869712,18.96001090298998,13.807768178901213,18.647211024474693,19.80435830465029,20.37530073680319,18.129431734452016,42.782096150467765,27.66294379085674,17.234716507362023,22.21525706826673,18.88536307249313,13.013799114502445,8.826811687856567,10.301322491107829,0.11339689555921052,0.0015504241222781274,112.34714673913044,blues.00084.wav,blues
-180.14874,131.41078,0.5733359,43.165672,14.135556,25.621374,-5.315874,12.034328,-13.538714,-1.0941217,-7.614392,2.7180746,0.77427214,1.9981464,-6.0900593,3.488055,-8.33755,3.2056518,-0.93039954,-2.2530375,4540.2935,1279.0621,584.7806,260.78134,191.35896,301.59665,202.31528,109.167885,143.71721,97.76841,116.96435,108.22293,85.103355,178.8702,128.28662,120.628265,104.65181,105.07519,63.37968,73.530174,0.36588255,0.33152676,0.4716728,0.2751013,0.21546456,0.19473228,0.2219409,0.38584048,0.31244028,0.3432884,0.31690067,0.34984872,0.11563001,0.064712286,0.13077275,0.054641075,0.059151776,0.055458903,0.050523486,0.12600033,0.076507114,0.11491973,0.09434005,0.09192739,21.713525113826908,18.006797929727465,23.458210233559758,22.722123118799946,22.92591175966654,22.00812383489827,37.44509445200066,29.402612809321113,19.344984748819932,26.30850729091851,22.407043257157444,19.65810348620456,15.512756088473242,26.56916464570919,0.059416496347716716,0.0016710870385353946,143.5546875,blues.00085.wav,blues
-212.8154,139.06923,9.454342,35.44627,12.709544,20.417665,-5.573953,10.893662,-8.731713,8.055455,0.1637972,2.6417468,-1.0257349,-1.4032178,-4.7048326,1.141811,-9.476274,-2.190912,-4.0981097,-3.3432798,7250.496,1556.6445,732.645,258.18045,310.74878,186.048,180.32544,102.061325,140.5961,76.00223,95.23539,75.52669,76.21577,72.580795,72.98465,100.29982,81.193924,54.765385,52.25193,45.740425,0.28954592,0.26634634,0.3729839,0.3216968,0.33470604,0.40994644,0.42452648,0.45256913,0.37857386,0.3675216,0.4060798,0.36633956,0.08497579,0.058044303,0.106114924,0.08053231,0.09314507,0.1077945,0.08898594,0.13318153,0.08062641,0.091535255,0.107787766,0.09120397,20.762147610852818,17.277814002225195,19.531121837642658,18.509881607481205,19.576876538977572,18.065784175522193,34.45069153225743,32.34142422795424,23.295954585246246,29.241857711397213,20.060164277742032,19.048084658305523,15.299843011129985,31.219753350048954,0.04882661329334365,0.002729048298537565,123.046875,blues.00086.wav,blues
-155.51651,125.655754,1.5753217,45.82987,0.9089945,25.391241,-10.813493,15.574149,-11.929206,1.2717781,-6.6615033,-0.7791247,-7.7492247,0.41930747,-7.0296316,4.0091085,-6.2660284,0.951334,2.0064611,-5.7357626,3074.9382,802.1496,493.72568,354.14285,262.17404,157.65178,240.34264,130.20953,161.72234,109.13391,106.97066,111.8459,74.21238,87.805016,84.766136,61.712437,53.565453,64.032364,68.354385,84.03464,0.30446142,0.4117104,0.30284622,0.3249027,0.31316838,0.36252776,0.34671533,0.2864625,0.3979178,0.39409634,0.33710343,0.25899148,0.07509981,0.13566121,0.06899721,0.09151697,0.07610801,0.101684555,0.11267054,0.06300341,0.1122003,0.11052006,0.0989795,0.06489926,23.428012835306305,17.36535702658211,21.020445242808773,19.920735377199208,19.685356788592358,18.85806377975932,38.37393772114971,25.967937557118926,20.0878257132742,23.32712629835638,16.742357921048484,12.87344565248241,10.030755747556142,15.040833977028868,0.050889337025928794,0.0011554584950490036,172.265625,blues.00087.wav,blues
-194.27951,151.85118,-1.1928881,39.1946,16.582485,18.252386,-1.399161,14.87771,-11.616781,2.4488766,-5.0791736,3.9416006,-0.9037845,0.63561094,-8.353415,-7.5132484,-8.047444,-5.4091463,-2.5346594,0.12955062,3236.5396,567.71277,204.95828,127.982414,181.01355,96.78704,119.91942,52.51677,79.61099,90.058426,74.02404,68.49764,63.16122,39.00327,55.130188,35.47568,44.150253,38.910614,42.486145,60.87345,0.38707197,0.41316673,0.5122684,0.33770233,0.24120161,0.26846442,0.3327261,0.39589128,0.3917999,0.40297726,0.44395247,0.40726566,0.09549712,0.089068644,0.11803868,0.078252405,0.0587489,0.0740375,0.07427653,0.10039615,0.08311954,0.091835424,0.111709155,0.07820453,22.30763758416492,16.054926477136352,17.44366518737861,17.61627974707619,18.313406617346907,17.92305168649626,34.411822844332626,24.858765382287647,15.489650038944221,17.619752936965366,12.158654410365548,8.745362283948472,7.165144730337539,14.496882432918065,0.03206556574109907,0.0001747131234536028,172.265625,blues.00088.wav,blues
-346.88687,139.24796,24.084862,22.264015,18.64784,11.657903,9.017679,6.977828,-2.0233006,5.420398,1.6508169,-2.3530064,3.193639,0.7052996,-3.092132,-2.1101782,-2.2120807,-4.5766625,-4.726689,0.05927522,5369.1646,1054.4437,913.69464,311.19476,230.53163,274.18372,163.3985,80.60784,104.47057,72.864395,108.922386,68.66131,58.108902,73.462555,54.575428,39.201843,48.864338,46.58084,48.681164,42.319748,0.39008325,0.28116,0.22107574,0.22271091,0.24884456,0.25403655,0.27065432,0.39029434,0.4493392,0.5359525,0.46854612,0.45161986,0.124325685,0.0656062,0.05238099,0.074563116,0.088232175,0.09404286,0.06250551,0.11543635,0.09714407,0.13702948,0.097407795,0.08726811,24.61219934800583,18.996921826868288,20.273770863372484,18.677304801080926,18.504408027841833,18.110960257955764,27.149339200032642,21.561962151691983,22.21761376586092,28.613319888219216,17.342450158828633,12.928801876371208,19.578323733270622,16.272852487395653,0.025639678671633127,0.0004047585104262952,107.666015625,blues.00089.wav,blues
-177.48735,115.33375,9.963015,54.05621,7.6156197,28.31573,-9.070212,20.05844,-15.0455475,6.2224927,-5.688931,1.3798963,-5.843507,5.0113225,-0.755297,5.057277,-5.084398,-2.7971687,2.4293883,-5.3729053,4498.5107,1385.0208,682.3346,320.787,330.70526,181.07832,181.53131,112.10483,150.65117,107.440315,109.31764,134.88512,84.71976,102.657265,74.02038,73.32089,79.40981,66.76712,68.81917,64.37411,0.34384826,0.31515962,0.3166593,0.33829787,0.43941867,0.4222878,0.42014205,0.38847166,0.3608309,0.38311362,0.38362253,0.42283452,0.08794684,0.07203045,0.07945587,0.08522393,0.12303063,0.0983406,0.09099879,0.097159415,0.08253219,0.112110384,0.08769185,0.10618053,21.612066788441044,17.03654198795754,21.250998387441268,19.705230030613567,20.027360073370673,19.226271680244903,39.04367797646758,22.358285776772092,23.908279415460072,25.63376582855951,20.80989391322309,16.95133022765035,15.458734228223056,22.43668763760966,0.058235853449109906,0.0026865106757187245,143.5546875,blues.00090.wav,blues
-236.38347,161.695,-1.1533349,27.288706,9.581352,20.619047,0.23412783,13.796686,-0.50091976,10.18543,-4.4546185,5.5080886,-3.7167218,-0.89152694,-4.904812,-2.8723423,-3.7585268,-3.3457856,-2.416106,-3.7838302,7767.0156,1108.9359,609.05774,116.26674,332.68997,90.43579,80.39862,104.10338,90.208725,82.56304,85.61033,57.42142,57.361565,43.671585,70.40405,46.778736,36.21057,45.862556,45.684555,40.279102,0.5377913,0.4445386,0.47121185,0.42534262,0.4295852,0.32071468,0.29288808,0.30396172,0.3733363,0.36926928,0.47439462,0.6203576,0.10191018,0.09525684,0.09718049,0.064996876,0.10575908,0.066660255,0.05874098,0.08347255,0.08630318,0.06754052,0.076842956,0.103128046,24.739629719192592,15.073998866072861,17.776720633873637,18.192292852072143,20.016737678934792,18.19556977984326,32.63027081232498,22.8262498595485,17.05519784975522,19.01192690833365,20.45629272033349,19.363922413349623,15.27606872701732,31.522334479265695,0.03605269204721362,0.0006528482373695055,123.046875,blues.00091.wav,blues
-332.30798,128.08076,28.825216,41.83606,31.234669,23.35822,5.787223,8.9962015,-3.8611279,3.739,-0.86905843,-0.43693075,1.4746556,-1.567048,-0.8314689,2.168971,-3.891913,-4.1972795,-5.9321833,-3.447435,7289.046,965.9975,1186.084,303.9362,229.02516,159.81754,187.02026,148.59201,183.84906,95.79746,90.78581,82.65478,92.25211,68.965,57.66644,60.42583,72.65251,43.203735,45.365765,32.36425,0.35883507,0.30686092,0.2653844,0.29485044,0.39960492,0.4487655,0.5514618,0.45839897,0.39537427,0.3936889,0.3970614,0.42249522,0.095867194,0.08400431,0.062044214,0.068354465,0.12720397,0.103731185,0.10480102,0.09573092,0.09612935,0.11309909,0.08031549,0.106216185,20.886743949814424,18.562925546196993,21.603644234693558,19.08614018973854,18.902553395808866,18.067120096403794,29.499307239125766,29.04730939678458,23.078439880957212,24.94833259430329,21.47742942505627,14.260827179943657,21.704671703915828,25.16597509615109,0.03231802075270898,0.001601446278661144,83.35433467741936,blues.00092.wav,blues
-350.3589,169.54633,31.780228,16.713755,28.661758,19.24909,7.846699,10.039795,4.742695,2.915623,3.8965418,1.8103498,-5.970981,-5.258748,-0.2288824,-1.7753276,-3.7088392,0.17516911,2.0766783,-2.892004,2658.621,622.7366,316.82483,213.63356,188.3433,68.675934,40.632214,36.6534,40.67466,36.656433,46.585888,42.379414,35.502487,33.88439,38.69862,35.26728,34.14607,34.543175,44.24417,61.476616,0.4155119,0.18880256,0.23865339,0.33483887,0.37644008,0.3857562,0.52162457,0.29856512,0.33433965,0.3980545,0.44077364,0.5994692,0.06585328,0.015317231,0.07669517,0.10116809,0.124619156,0.08929092,0.09954174,0.03775463,0.10437417,0.09473562,0.07389237,0.13267319,24.256941060556077,18.73804230407032,22.099750695924488,21.46514361173202,20.902322019948436,16.347522003664135,26.025603997505964,27.95327626471482,18.977319197308713,24.092431612864132,31.679192877519927,20.706073130000917,6.939187471588921,10.009679052171812,0.021700549051857584,0.00011753311866021876,143.5546875,blues.00093.wav,blues
-206.28116,126.62033,10.590663,43.21572,12.4949,19.41366,0.35196793,12.730944,-4.5792894,4.058012,-4.4092126,3.663423,-1.4560472,-1.7015555,-7.1546535,1.1864167,-6.225801,0.60127276,-1.6042645,-0.53922015,6803.6997,1107.7646,763.79956,226.37567,230.45056,258.3927,136.43752,76.768265,74.032936,60.136658,94.4938,59.156433,74.308754,110.416626,74.0001,80.64351,69.5768,68.20556,68.23586,56.657673,0.3519871,0.40087688,0.3380239,0.29051054,0.37559748,0.3406349,0.36057195,0.39019236,0.43655354,0.49172902,0.37645912,0.36744776,0.110359974,0.10224473,0.07783626,0.06940116,0.10934781,0.104829095,0.08668474,0.09299898,0.079037145,0.1336073,0.07874971,0.07698111,24.270389369677797,16.822040045274655,20.76927157181756,20.848768775311857,21.128338403933554,20.652277963141447,35.749713500290774,28.482805389814963,16.166880220531446,19.59140793616548,15.716524404426492,14.874518631501362,16.57496446298659,31.351359436571293,0.05090785543246904,0.0025063066915360197,103.359375,blues.00094.wav,blues
-130.58153,139.9749,-1.2707361,39.310425,-6.3536654,19.767843,-11.213425,27.243687,-16.53454,7.0218787,-1.2004069,1.6136365,-6.6290407,4.952462,-1.633869,0.9539639,-4.84161,-5.970589,-2.78672,-6.4928164,2306.6038,958.0304,535.8586,172.83064,253.68987,145.85251,109.76321,126.256386,104.77045,100.94592,71.24206,147.55861,63.221542,91.82133,58.17266,59.675987,75.985176,66.96839,51.54124,67.58567,0.3600298,0.4108976,0.3363951,0.30291906,0.3120808,0.31408063,0.42758557,0.33645067,0.3443878,0.3695027,0.48548147,0.4397973,0.08177097,0.09154717,0.07094955,0.06398438,0.07702874,0.07153121,0.115792215,0.07964335,0.09321857,0.09588258,0.109702274,0.10737374,23.539957513306675,16.206103768702224,20.604049000141973,21.567093841846905,19.73633394447231,18.6514814617542,39.73837483691267,26.493674320985786,16.75617513635986,18.465768821424412,20.74844026247574,11.11194081312416,8.848679763587713,12.123294559764274,0.05714742465654025,0.0013296089566604398,135.99917763157896,blues.00095.wav,blues
-314.58218,139.91444,11.862516,30.102106,-7.5390353,14.907039,-2.6808987,6.701544,-6.3955092,2.8176138,-11.706482,2.0630279,-11.438629,-9.510527,-15.186691,-9.362389,-5.6654944,1.5621172,0.89712536,-7.9567275,5282.75,680.62115,527.5572,488.0706,264.83475,214.60222,174.27455,114.68171,133.35544,86.16358,139.7741,147.38675,85.39898,82.77756,94.721794,168.60252,149.45782,165.35724,176.93266,138.17274,0.18420227,0.21320055,0.17043251,0.35544214,0.53630704,0.3001634,0.26512417,0.20984286,0.3076854,0.14086056,0.16534409,0.27875465,0.0461473,0.08964179,0.0414018,0.088577844,0.13272373,0.05742054,0.11655661,0.058294337,0.14555474,0.04663174,0.039856892,0.108126745,23.07000113953214,20.23113270260559,24.05205069681353,23.97179248374957,21.5820157172492,20.254259079499096,32.249211757760385,20.30291149817442,22.069647510358905,26.685334598364445,24.29788172257125,16.758630095739182,15.2018517450435,19.80156634815346,0.048313766810178016,0.0012663996468785157,123.046875,blues.00096.wav,blues
-148.6477,145.73776,-9.363346,48.451443,10.54387,18.014605,-2.6345782,16.958082,-11.506824,8.731703,-8.173254,3.2235358,-0.67975867,-0.7301853,-6.8214393,-3.9379206,-15.737845,-5.5963683,-5.797906,-0.04746778,4155.1987,1369.048,245.85246,160.07594,220.4103,163.20932,149.42792,76.63767,92.689926,157.59201,66.11905,103.23907,69.85126,54.034843,43.741432,95.24486,69.83178,102.35385,54.268867,55.363808,0.48110697,0.44949374,0.42067507,0.3083447,0.2998241,0.2838773,0.3521056,0.39566955,0.36662036,0.36089408,0.3503991,0.43439946,0.10484597,0.0991946,0.108447924,0.067490466,0.07883927,0.07554018,0.08707479,0.10068695,0.082841136,0.1012238,0.083281405,0.094812095,23.564794783823814,16.04461319629031,18.884482487598497,18.621450128767403,19.565197699118283,20.498749055636335,36.58868589166731,22.739218981472156,13.964916552750905,18.303338843077025,17.9302988455941,15.078564717855704,13.723624215728519,26.140349780236985,0.04462595842202012,0.0007629277301849995,117.45383522727273,blues.00097.wav,blues
-90.70722,100.1076,-23.924429,52.588295,-20.928015,31.502182,-11.213113,20.094328,-10.915236,17.563923,-14.097334,12.994508,-11.420426,2.911845,-12.017497,4.827647,-11.165411,1.1622108,-3.9213326,3.2532017,2589.534,298.92334,450.85864,120.39099,109.56876,61.38332,113.167015,77.59378,49.731243,50.50544,68.79266,59.550606,60.86051,63.97647,35.68204,44.59609,36.136513,45.413094,60.10013,44.43202,0.47012007,0.3422484,0.36540493,0.38522094,0.4461875,0.4431376,0.44624603,0.6515389,0.46274522,0.46061262,0.44728872,0.39759037,0.08377822,0.0539267,0.06563549,0.061167028,0.07348768,0.080619045,0.05113535,0.113706276,0.07019996,0.082650244,0.079997525,0.05687852,19.394645899538375,14.241171638831643,16.221733940321304,17.50859302687714,18.277916261468533,18.68031054398169,41.27783363345356,11.39105412907738,15.079953218619083,16.880230948279976,12.200497114104914,13.18151365931886,12.056410266736094,9.181131124374845,0.12842590520994582,0.0024332123014337748,123.046875,blues.00098.wav,blues
-177.19162,136.2142,-26.910713,36.37278,-18.759426,20.905872,-1.7765751,3.0159326,-5.5994096,5.6345954,-8.114802,5.645384,-10.786549,-2.4161382,-6.942407,-2.508999,-5.207821,-3.4113264,-3.249949,-2.684024,9701.087,546.26483,1626.5819,239.7292,247.0687,107.9799,110.89735,126.266884,70.80818,76.27403,76.50904,79.796074,62.098824,50.137135,57.495308,79.02801,50.976368,64.431595,81.01451,92.451256,0.37277687,0.25515264,0.31611946,0.42459512,0.41967475,0.43884438,0.34123325,0.43841833,0.31623185,0.33158165,0.44399723,0.34432253,0.110817686,0.037367325,0.074950844,0.08977983,0.09126671,0.100084916,0.057212237,0.11327439,0.06973812,0.07701729,0.10053869,0.057676964,19.963460833359978,14.833263604571497,17.647243902150898,18.51442721941829,18.54575370783325,19.058546284160286,34.21974847947681,13.177858530440655,15.417072237599847,17.66026020541352,13.380756266889675,9.594383285484847,11.52584228779684,15.378518553701667,0.07479924535603716,0.0016717334870407538,92.28515625,blues.00099.wav,blues
-268.18002,135.68788,-34.07107,25.634863,-12.970324,17.894695,-9.997608,5.6292233,-14.146461,7.497626,-3.9705248,8.258684,-1.352737,-0.3773991,1.0275253,3.8083541,-0.30203095,1.7795614,0.8909794,-0.8330715,1791.4954,188.971,231.28568,169.08212,71.259674,74.50739,114.91133,65.87309,75.46017,177.3681,106.72442,80.16047,154.39728,188.0535,171.76555,86.02732,100.54899,95.51311,97.16551,121.00758,0.124386355,0.29783055,0.4111552,0.20605502,0.34023395,0.15989876,0.33706334,0.19655734,0.1747488,0.321541,0.14644842,0.312635,0.014918075,0.089495905,0.1228609,0.042037416,0.13309795,0.017609745,0.13024394,0.05789703,0.043719746,0.110706046,0.01413032,0.13510257,17.09033099361968,16.735494736286963,21.99276316149071,25.30313131571523,24.988435363608616,23.747469269592926,33.76821786975034,19.976680938356015,15.108941332775458,15.757953767546285,12.27675003880476,10.542991608786041,8.323078428571046,7.45002657065406,0.09824505974264706,0.00043088644932927686,95.703125,classical.00000.wav,classical
-324.09195,133.59413,-25.021385,24.567686,-11.9398365,17.660225,-5.5225825,1.7202383,-10.571335,-0.8508675,-7.797244,3.5256078,5.046798,1.3635533,3.0031667,-3.1203184,-4.2890625,0.5890151,2.8685892,0.3691809,979.5033,334.0035,186.78082,151.56288,130.14314,139.43428,122.77022,82.27499,76.73685,82.2147,98.3432,117.717514,192.98651,156.44345,163.51984,158.71179,75.740036,134.71103,153.6273,123.817505,0.163991,0.24028559,0.38843623,0.1533817,0.14760645,0.11815948,0.25492683,0.16151164,0.090750314,0.17607564,0.21703637,0.46840447,0.032906868,0.08884492,0.1427643,0.03743632,0.06414564,0.03295275,0.1106159,0.04977558,0.014736208,0.07505578,0.051542003,0.18268265,17.33498236636885,20.484560124338312,25.256267281156866,28.54524725585592,26.73740383302341,25.408570503835822,32.5711840330967,17.661087585477816,16.98615069631335,16.84940234967526,19.88334183203604,13.63754000078159,9.664687701374776,7.482452426850898,0.0877715781008127,0.000629877195355397,117.45383522727273,classical.00001.wav,classical
-235.30643,141.13675,-34.679047,30.99717,-16.400242,23.120686,-11.043702,7.6586432,-19.017239,4.236546,-11.835343,8.918064,-1.4424688,4.288449,1.4757489,3.1938703,-1.3142381,2.9318151,-1.6683867,-2.899859,854.9337,197.71031,151.60144,135.26427,50.8553,81.8072,79.26558,59.23326,50.794365,77.72834,60.068577,67.50786,99.59268,81.336525,95.11138,84.83797,77.07162,74.02578,59.243156,53.042133,0.1973449,0.4233053,0.36183715,0.23213956,0.39298567,0.14596352,0.23273097,0.14154266,0.28125015,0.28668743,0.17813197,0.46025547,0.01876979,0.12356572,0.1067319,0.040757094,0.1351119,0.012545202,0.08394659,0.021283615,0.07631414,0.087746195,0.016691083,0.15010647,18.27865409741856,16.763821247421465,20.976099852829943,23.482922475074812,23.169670678065003,22.633590986619794,34.98857967250048,21.21528135380507,14.75692385666629,13.35202881547269,12.40580999201978,11.624935029977639,7.4586018211901,5.691641863708232,0.09004972003192724,0.00039530374400186907,99.38401442307692,classical.00002.wav,classical
-326.89987,127.39418,-30.584469,37.47575,-5.291166,20.80699,-1.7857137,-4.6031647,-4.048745,5.2380342,-0.6428717,2.8008628,7.245895,3.9837852,-2.3909738,1.4819998,0.58346105,-0.60632175,2.334065,2.65221,3199.8215,309.96542,462.5974,127.45162,131.1071,116.74175,72.69436,100.23483,93.018456,73.80948,125.61073,173.1837,151.03796,113.01639,155.05629,125.202095,111.4462,151.59587,133.92981,210.3175,0.33424395,0.13990048,0.34851426,0.25364512,0.26025316,0.26674956,0.20027818,0.3216395,0.11443018,0.20066118,0.16787545,0.20261218,0.14043589,0.014457862,0.15039945,0.086666256,0.089765206,0.12099464,0.057934232,0.11093149,0.009303751,0.06720212,0.03999176,0.049646065,19.739367602704625,19.440232870026247,25.286568192183363,28.504708034629207,28.182967839102574,27.954367215274523,30.552109569085193,23.47248141714666,17.545661316368225,17.509311227575044,20.42146223894972,16.556214244031484,15.716215569620228,17.59175389844122,0.10895172213622291,0.0011611599490677943,135.99917763157896,classical.00003.wav,classical
-259.96228,118.93238,-35.606533,31.990017,-16.535492,10.620698,-15.65591,7.4423375,-5.8104644,8.268948,-18.018595,-1.1994923,-6.346673,2.766038,-2.5898237,4.387975,-4.1366515,-4.7818193,-4.776668,-4.6100764,561.58386,220.51277,142.6569,63.692036,75.797745,58.54462,56.440548,108.63608,96.41409,96.83395,183.59541,161.15971,104.320854,143.8423,83.51397,82.94172,69.373886,131.8008,115.47844,217.25298,0.32688832,0.1401861,0.24916662,0.12604591,0.34185755,0.24101692,0.122785054,0.13005394,0.18343642,0.31037262,0.18286435,0.30428323,0.11555098,0.024277102,0.11805517,0.013499782,0.13618661,0.10555336,0.035064775,0.041262545,0.07030005,0.12454194,0.0556518,0.101648524,16.285093396098272,18.906278055328347,23.212939023257473,27.985832496194035,27.29563481919114,26.119916075601427,35.38393654131115,18.156503832364024,18.72405956291934,15.089907961557142,14.902351889094966,10.843790545289005,10.308287160918322,8.939630242668715,0.1128666644494969,0.000835189798831469,107.666015625,classical.00004.wav,classical
-264.2774,138.15092,-30.101551,37.824226,-7.180178,6.7829356,-11.8189,4.712041,-9.843633,5.8637476,-9.573777,2.6703959,-4.796442,-1.403382,-2.0961947,2.9775221,3.3557782,4.811315,1.7625698,-1.8270731,7373.2153,320.25787,147.80096,178.13269,95.45257,108.27861,73.74109,81.659676,62.770367,93.59232,55.31459,85.82395,72.212234,80.52575,86.933624,77.70708,86.33067,78.6388,73.05361,89.748146,0.31514436,0.15606017,0.25539863,0.38896015,0.18442395,0.27638194,0.1646924,0.3622953,0.4298488,0.25400147,0.2585231,0.17690514,0.12652516,0.025031185,0.06809812,0.12448702,0.025145974,0.10529965,0.01740764,0.109312266,0.12065331,0.061558574,0.083838984,0.032109767,17.72893272911546,17.680827936900773,22.448905226000498,22.20233177397346,21.884653381439225,21.86312131622037,32.341111956663426,24.54673286855904,16.519763310142054,19.507688856279355,12.592726428981068,11.32218799719681,6.861795290399287,28.109623850045985,0.07523877406636997,0.000617238531159153,143.5546875,classical.00005.wav,classical
-295.74353,134.53831,-22.449306,40.759247,-5.87598,9.276347,-11.875942,6.2949286,-8.866929,4.406289,-9.378154,4.06138,1.6256827,5.1374664,5.440424,2.281029,-1.8154348,-2.9235117,0.13862069,3.1956718,3994.2314,308.06592,160.33974,85.60886,118.019165,69.65728,85.56292,85.62404,57.087982,76.68996,105.28147,82.86908,93.99707,80.13204,100.656494,84.61693,98.2809,100.387566,87.819305,102.614296,0.5870932,0.22400935,0.19463162,0.23414159,0.1738512,0.27659523,0.1908584,0.29742336,0.31598887,0.1565654,0.18860598,0.29764733,0.14568491,0.04904536,0.051659085,0.07639274,0.033548348,0.09783715,0.03943493,0.085443,0.11962309,0.031389836,0.07356125,0.070377395,18.67638547073532,19.896489532565536,25.510152793795342,24.914867225222316,24.720523746798094,24.127695333912293,32.910926126208295,17.98537084108992,20.150926645972064,22.801424709911764,13.47651461680638,11.77298525476718,8.62427344788641,15.36307477007366,0.07292321739551083,0.0007318056508754336,103.359375,classical.00006.wav,classical
-286.86823,135.91835,-24.436617,36.661175,-6.2452145,6.9629345,-8.168272,3.8440666,-4.3983455,6.4327855,-4.1305766,1.549041,-4.3528376,-3.0135415,-0.005728376,5.6492386,3.429659,2.8336725,1.0971845,-0.29091462,7847.754,530.96326,524.28784,142.71536,155.06935,71.090965,105.815285,155.4552,87.248055,104.64037,82.3985,93.0948,68.89789,67.28964,64.25341,159.79726,121.70792,69.389595,63.90059,91.27258,0.18926112,0.14117497,0.3417446,0.39531985,0.20488274,0.3902492,0.17468993,0.2759983,0.306214,0.25841585,0.46888638,0.17212023,0.08412918,0.031118112,0.10144735,0.1332236,0.023361148,0.12822923,0.024533503,0.08280573,0.10515433,0.0393006,0.14722022,0.02794284,18.6193702478881,18.730272213673256,22.360404912181398,23.39370135076003,22.315480442800244,22.97169163706037,31.70241071625036,21.851603257589378,20.350382929907713,21.537249427440976,20.526092564181685,14.387032442454771,11.760173903400451,25.797130923431343,0.07314694998065016,0.001149983385453876,107.666015625,classical.00007.wav,classical
-292.15292,127.763664,-29.909023,37.442085,-9.556902,5.113049,-13.823929,7.0317283,-7.0326324,6.4920025,-9.904401,4.713663,0.37483144,1.4678972,3.392585,6.0727816,0.9615311,-0.7544363,-2.0979445,0.7595849,4866.165,252.97176,202.10864,85.846825,112.44911,77.4557,84.50664,61.505444,93.73541,97.15743,119.65373,122.71125,164.89339,148.5602,152.41534,143.27779,142.2176,94.05938,122.0438,104.26943,0.4799339,0.20538834,0.22570889,0.1687805,0.17346181,0.3258971,0.17479628,0.24695022,0.19402732,0.31362778,0.3422688,0.20627627,0.15416859,0.023904985,0.085150436,0.056069866,0.04405927,0.13305214,0.035248857,0.087613165,0.058613013,0.09079789,0.11911925,0.026321877,18.806597453298398,19.475803991148958,24.503901948689126,24.25079363319588,23.5088742280782,22.858466345654104,32.61705425481474,22.40640035448026,19.60773895311784,19.0299780082233,13.330767304043565,10.855870367180644,7.687139586158737,15.306936089247925,0.07878788336880804,0.0006541358420106344,135.99917763157896,classical.00008.wav,classical
-356.14395,139.79286,-6.286765,43.188293,-8.879337,11.050314,-8.39305,4.4185205,-8.283711,8.682832,-8.135775,3.427108,-1.4406308,-0.4118334,-1.7198921,-0.29489475,-0.65489024,1.1565771,-0.6220705,-0.25813487,5142.4873,595.18744,222.19296,75.44393,120.97623,63.848785,70.56974,55.52203,84.05182,59.077988,59.240795,62.919117,80.94446,75.800995,81.93362,79.44022,80.782166,105.12062,92.58734,88.090645,0.33016554,0.22437374,0.42635623,0.4164789,0.18139309,0.17932324,0.23200299,0.32183537,0.21312858,0.25441623,0.28166786,0.18491611,0.122723036,0.028575327,0.13809456,0.118296,0.029387135,0.057426877,0.06087704,0.0997194,0.057780452,0.07176308,0.09341163,0.027091954,20.663992706421062,20.577657657762234,24.411184235324974,24.455732252829204,23.82760773220517,24.255809140857203,30.33177761862313,23.683892456623575,20.183346506898214,19.552830994818414,13.845068952542105,10.97083417721078,8.893297655589647,17.4283486620702,0.05627025686919505,0.0007707678969701283,129.19921875,classical.00009.wav,classical
-315.04453,128.73926,-28.93491,30.839514,-8.996638,7.9901075,-9.846989,1.441412,-8.973623,6.049842,-3.320935,7.609508,3.7989612,2.9383373,1.8396777,5.2037983,1.0788432,0.14129525,-4.532043,-2.31263,6212.707,259.11484,515.09863,119.84148,146.32034,137.14497,92.22332,134.37317,119.641106,94.44843,163.478,158.33975,144.2835,96.38678,110.304214,113.17976,99.51013,63.102226,98.558235,99.59566,0.2863065,0.14705962,0.32778803,0.31758833,0.21730123,0.4148789,0.1493091,0.17877263,0.10868823,0.24739899,0.38125786,0.16367668,0.12797666,0.018268991,0.115372576,0.1088113,0.037017375,0.14981636,0.014198187,0.08845886,0.020493438,0.07957784,0.12858702,0.021817118,16.7157279015322,17.14180855545163,23.65845719613177,23.927635360400657,23.37330149442045,23.298634422809254,31.140934003649075,20.44646322512531,20.764569775610767,19.107878221470187,21.57588386121467,17.774440905230627,14.63787586096325,21.22314484045122,0.08621640987809598,0.0008472227180920166,103.359375,classical.00010.wav,classical
-385.26587,177.27786,-9.337663,24.373219,5.805441,-4.5630627,-6.356949,-6.9578943,-4.127428,3.8580673,-0.3582021,-0.94612193,-3.67056,-2.0986044,3.6447048,0.73262924,-1.2266603,-0.74592507,2.7860498,1.540899,1534.4835,664.9501,184.68602,142.88426,64.32514,76.251144,51.3294,50.95856,56.109116,97.10107,110.08954,51.257275,93.33962,77.512276,63.705605,44.560898,58.3635,57.24667,111.270706,69.35777,0.5396535,0.2526784,0.30663714,0.17036451,0.12699977,0.2747445,0.16171512,0.30076098,0.24271832,0.14842883,0.14593175,0.2683963,0.16015719,0.042842913,0.12625474,0.038037132,0.02167082,0.10212145,0.02435084,0.12319062,0.053566,0.052865457,0.04929319,0.07424703,19.76362895515828,19.735307174448774,26.17283552915101,25.949417519436977,24.462633682333234,22.0653623984868,24.64823448715144,20.21840824484612,16.801721324223728,14.299664087521228,11.101588503304889,13.89860379993683,6.144786875202714,10.655877885263543,0.06072601223877709,0.0003937663866209878,151.99908088235293,classical.00011.wav,classical
-362.71387,143.93861,-18.981813,30.657846,1.0281466,0.28484517,-7.9897437,-3.8509774,-8.94467,3.2497702,-4.4546375,3.649625,4.933547,3.2838123,6.360601,6.0672398,3.8507254,-0.24739732,1.1675682,1.7840002,7765.503,1298.8417,512.3447,104.04983,116.07285,74.16309,88.82525,55.594223,116.91381,96.50695,201.00238,256.0709,221.59735,242.27963,201.58006,130.72108,109.434135,77.59483,107.01761,127.34902,0.5431309,0.18975419,0.19267823,0.10470744,0.25117472,0.39679486,0.13831471,0.20689274,0.12183777,0.25909534,0.19384567,0.23001534,0.14584315,0.021880187,0.10033883,0.02107,0.07454192,0.1473946,0.015023361,0.09159114,0.01773978,0.114396796,0.070949666,0.054903578,19.534016626844554,20.650904392157425,27.363054159926214,26.155989073626273,24.47772273410391,23.220857145724633,27.72793181944162,18.479980748364582,23.129344029343027,19.309004165821797,11.35784134247932,11.944606216720162,9.964892214700269,20.699270695110165,0.06593875471652477,0.0007390888591057616,117.45383522727273,classical.00012.wav,classical
-343.13556,140.08688,-20.911034,32.332195,-3.6868103,2.9435577,-10.66953,0.319103,-5.7843456,7.68808,-3.6771073,2.553818,-3.4980676,-2.2409534,-0.8364203,0.8789198,0.473556,0.9455657,1.8694178,-0.63902676,9890.342,1650.1028,411.09906,128.3661,153.28625,112.96701,86.887436,106.10747,151.17009,170.84103,178.21535,119.60715,107.98607,88.44259,111.26156,98.62982,67.36538,86.63155,180.3592,156.21533,0.3114078,0.20166127,0.4075592,0.14311837,0.19530454,0.18155779,0.18618923,0.43192434,0.1780225,0.22759141,0.1153825,0.20483297,0.14601871,0.028844045,0.15288694,0.017583903,0.0804779,0.076344356,0.024524221,0.16485885,0.024365282,0.09326677,0.025271483,0.056267016,18.981419092462872,18.407280592178118,23.96211586048079,25.380486775718428,25.204014152265184,23.527341670710666,29.394130352992544,27.08160870899294,25.26326297664415,20.871697101184814,16.955388682338103,15.232675847504002,9.832651614102671,31.319771675615886,0.08088953354779412,0.0010079317401393778,129.19921875,classical.00013.wav,classical
-324.6391,147.82701,-31.937817,27.408855,-4.508828,-4.1651044,-12.588299,-5.1182966,-7.741826,0.8432943,-8.195583,-0.822447,1.0045,3.6744754,6.201359,4.7141476,-0.044552922,-2.3374503,2.2290115,-0.55090624,5530.647,691.4914,279.6503,72.80427,146.70636,90.71859,89.863556,69.86752,66.75693,77.66396,65.21104,99.450806,150.1639,113.08383,94.3319,88.70649,86.99946,100.19389,100.92087,123.58577,0.37519476,0.2517466,0.44982305,0.15492345,0.13290578,0.06842393,0.17341553,0.28818372,0.14769748,0.25497252,0.1314143,0.3802832,0.12086935,0.041253164,0.17705157,0.021791335,0.05271819,0.009374898,0.043440275,0.11708224,0.02606564,0.101740465,0.012063626,0.12306095,18.222978607226636,19.900603114196613,24.61648700016589,23.377506671998646,22.89245469931045,22.476862539939873,28.758416412299628,18.772936042096703,19.219795957353423,26.430041515120045,11.051647688011398,8.552268422295993,5.553447456521394,21.838935139878874,0.0684731309258901,0.0004997845543772437,143.5546875,classical.00014.wav,classical
-449.51437,124.973625,-19.919233,27.45221,-5.775594,2.2272975,-6.5527916,10.601105,3.3547375,14.393793,1.9887382,5.250284,4.426795,5.072792,7.1730843,6.192042,7.1587806,3.852237,2.6193507,4.9503307,4777.649,1119.9867,190.96254,207.45576,97.68478,33.77298,79.14666,138.17476,269.13895,217.9689,317.8096,201.57251,143.53526,187.19586,129.56136,163.30394,138.98892,223.77562,291.51834,268.9151,0.2080674,0.11122769,0.15198782,0.17790513,0.38956854,0.13980076,0.28656545,0.23641092,0.15842016,0.2496977,0.15762194,0.33191705,0.08852712,0.018556714,0.08059768,0.03148956,0.16520853,0.018573912,0.12505375,0.0701365,0.048027884,0.10686343,0.03692855,0.1400629,21.7532249768695,18.6541667454033,25.542079727915084,27.572898062790976,25.02295506962256,23.38287357634624,27.229272039231848,13.78780479541071,31.973216465765976,23.467569480989372,17.04351895319412,10.900956175229888,12.732730920486347,12.333688241443973,0.07575237640286378,0.0006374316987292136,123.046875,classical.00015.wav,classical
-482.67636,154.86115,-5.025982,29.73767,-1.8687446,8.223097,-4.7659545,9.646515,-3.3353896,4.5322237,-10.103474,-0.6667129,-2.4448435,-0.16459122,1.8707215,3.4802008,3.3868608,1.1131744,1.2773035,-0.6721354,4783.393,250.63972,243.70782,48.168488,156.328,39.24005,77.12671,60.575188,116.19188,79.27186,129.93057,73.27052,72.805786,78.04919,51.574738,60.96622,57.159172,72.43597,134.34962,111.42156,0.2190599,0.23902053,0.6498103,0.26187477,0.08797823,0.050590646,0.14219289,0.27119508,0.13931072,0.2569766,0.12612902,0.18677546,0.09342079,0.023814248,0.17348231,0.030113442,0.040061444,0.007982885,0.051471133,0.115843944,0.019572489,0.10776266,0.017511081,0.078976825,18.275512359010026,22.99158707833484,23.601416892485034,23.865673180529868,21.54161292897944,19.92638496676904,23.84680421664422,15.972911643896598,17.990070243866437,18.15912233908337,14.516122522350786,10.537426428194873,11.156376983214596,23.28938438847503,0.04766448880127709,0.0004210278995574411,99.38401442307692,classical.00016.wav,classical
-311.51123,148.66138,-33.509113,10.361734,-12.907805,1.2325779,-12.908661,0.8045733,-9.738699,2.0689795,-5.106063,6.7442927,4.615778,3.7654855,1.271204,1.2486953,-0.08448588,1.4975204,0.37977076,-2.9951375,10702.774,810.0718,225.29498,449.18372,134.56467,127.013596,99.67075,53.690292,80.12302,111.83463,146.30202,134.31387,191.29572,117.11154,70.11896,89.20591,100.46527,77.35429,116.84455,138.90166,0.2553236,0.2945165,0.26337108,0.21962917,0.50053245,0.21890412,0.16877425,0.1575375,0.17605859,0.39867938,0.17194323,0.25167304,0.06642491,0.1030043,0.10192276,0.035760388,0.14109322,0.050817497,0.05635524,0.06292176,0.03073589,0.16543736,0.027327321,0.07614285,18.8153571281223,17.571596085903305,21.862886500599668,24.02742607929162,23.00952901418859,21.268339121861707,30.05946868091245,24.198797755739715,24.791791697538724,18.51415280167005,12.656324936633627,10.467271422216518,6.8580939881636835,28.31297200496573,0.08111553369291796,0.0002833757860569211,117.45383522727273,classical.00017.wav,classical
-405.6831,145.69487,-0.8267259,23.067648,9.225309,-2.6439388,-5.750473,-2.0919256,-0.64706326,6.759229,2.8076077,2.446449,5.084673,2.3814898,1.8640759,2.5028794,1.527922,-2.2602873,-1.4472849,2.6102087,4821.4204,1867.2338,454.0949,203.0663,89.26697,71.54998,70.532745,162.66853,106.7341,94.9387,128.5533,146.05952,108.616615,121.947624,130.50406,76.49732,69.53462,86.59482,106.02691,163.69655,0.2727672,0.22677553,0.1478575,0.112964705,0.28168124,0.3678798,0.15742314,0.26766685,0.30054843,0.16199438,0.32985285,0.2418939,0.10555568,0.09647704,0.048337806,0.0235998,0.10764573,0.12521872,0.01937058,0.10289276,0.11035062,0.01697213,0.13034178,0.059630487,18.797358796430427,19.19016346985003,25.93852042481707,26.616986886548922,25.596516549497828,22.72987280301014,26.030287626087368,17.126334968767072,22.316406052090812,21.268894229172087,13.169952934422946,11.549521925098675,11.362177930009981,14.205961869982781,0.07066888484423374,0.0008249963265048804,129.19921875,classical.00018.wav,classical
-475.86765,141.53087,-8.475216,33.992065,0.5255779,6.034853,0.02793133,9.537156,2.162517,7.0820994,-8.048426,-0.10827344,0.7882739,3.8774939,5.3098726,4.664308,6.8744106,5.3992834,1.0468252,-6.4937115,5816.4854,1230.3512,471.92932,66.19218,151.57675,38.06675,90.64796,212.50836,134.13577,128.33075,159.41211,118.83521,171.62566,148.823,79.5431,93.43355,83.311935,121.08168,103.190994,123.12735,0.34971055,0.23413542,0.28399426,0.45938617,0.18989122,0.18594609,0.16362265,0.35560974,0.37193918,0.22249731,0.38593262,0.2059015,0.14239287,0.078703485,0.06610773,0.14380215,0.03171526,0.071135774,0.030201644,0.102803305,0.11783142,0.034613628,0.13569945,0.030783799,19.09913002305224,18.562399119828644,23.04268541713528,24.88379052156571,22.35529092314234,21.597447958487635,24.482471435555876,16.431907677542203,21.447163425224197,24.461383582492605,22.758434733206126,17.556323027286595,14.480336132901959,20.767409879565218,0.057591488486842105,0.0010783078908648345,123.046875,classical.00019.wav,classical
-300.9405,161.08626,-24.240719,27.966187,-2.8622556,2.3875616,-11.273425,0.22528113,-6.841877,6.0946074,-8.138311,-1.8053259,-4.1101503,-2.0455983,-1.6021353,0.6482637,1.4507607,-0.22119513,-1.2912163,-7.10176,5363.2793,910.0766,316.46683,160.34476,129.74936,72.57371,84.605225,85.960434,70.39007,76.66486,114.96838,127.60714,124.53483,101.81129,97.93154,90.89345,58.215786,56.238594,96.81635,92.764854,0.21486041,0.12451957,0.35901675,0.34742376,0.16145901,0.3332407,0.15373845,0.26446405,0.2862964,0.28247127,0.51713103,0.18305007,0.09661977,0.010290174,0.09700284,0.13017166,0.012468214,0.11143126,0.017097473,0.08707728,0.09633404,0.041194186,0.15769061,0.021343058,18.91869598566918,17.516567742073445,22.763709839670792,24.297873982392606,24.37573039554119,23.037321809333278,30.00591790734083,23.412255629411458,17.622425648136407,21.197250275255122,11.599073119872653,14.134836271029044,9.232848366063365,28.016634118057734,0.0698128809500774,0.0005192345700776195,143.5546875,classical.00020.wav,classical
-278.22952,147.87563,-31.567955,20.35228,-9.5826435,-6.244679,-13.601204,-0.66615534,-7.274475,1.0198699,-11.758481,-0.9619851,-2.2164094,-0.5725286,1.8691945,5.1443834,2.624588,0.824502,-1.6428111,-0.10273474,9442.352,683.5929,192.29117,131.51521,108.33478,167.28496,111.85776,118.652824,76.864334,108.85367,84.81687,74.01015,141.4546,81.011,99.07327,63.793587,54.81844,58.212547,81.25137,117.683784,0.30251727,0.2520546,0.22999157,0.19869018,0.20985165,0.39833805,0.26289874,0.18366696,0.17211801,0.29146588,0.40952128,0.29071882,0.09558313,0.07688669,0.06601934,0.065354176,0.047368355,0.12469979,0.065854326,0.055446714,0.046891704,0.085019566,0.13340963,0.07543784,18.323346450863472,18.161708019675203,20.66383299478797,22.400396547621288,21.988590682592967,21.766670352812046,30.938514181820175,23.565006200303905,19.64787882801945,18.4836000510491,11.570595730434826,8.03467326553327,5.828398103877618,32.96325400149307,0.07956679022349071,0.0005560486161614793,135.99917763157896,classical.00021.wav,classical
-278.78244,160.01924,-28.398985,23.062634,-2.6952755,3.0099838,-11.293976,-0.50866956,-11.364047,3.1734755,-5.1071954,4.339189,-4.0708914,-0.15333013,-1.6684713,1.6420276,1.0030911,-0.7636375,-3.8361166,-3.5538943,9728.695,463.74637,433.37704,139.12317,194.9215,59.266834,87.973465,52.62687,87.27931,45.831703,95.83151,71.82341,64.28963,72.41259,63.81741,56.26785,39.325214,39.555984,61.233917,117.04729,0.34315118,0.228359,0.26773235,0.29321375,0.34069663,0.5195006,0.21404706,0.26460776,0.1324214,0.23025364,0.30119395,0.18020327,0.11569458,0.0591983,0.09669784,0.10406997,0.07502549,0.1426949,0.018315217,0.11343297,0.015921935,0.061338674,0.101137415,0.02614554,21.14096723166284,17.582450300990942,21.572016333412005,22.241258833102226,22.085930567122702,21.98910085100987,30.14498769895125,31.845379811595876,18.203027727896675,17.631978881291893,12.101161138347546,9.21025352580039,8.828992609669028,25.87557750948464,0.06844629813273993,0.0003944670555627668,107.666015625,classical.00022.wav,classical
-406.96542,163.13947,-2.4138153,32.456657,7.907838,9.677142,-5.4890423,9.523497,-3.1028214,10.209687,-10.385391,-5.3867087,-8.080066,-2.0579,0.3721493,3.411156,3.4882953,7.39557,6.4349704,0.18093653,3314.4297,219.94055,413.54074,85.766235,95.804985,59.956596,75.562065,36.973175,37.18943,50.87227,92.643654,86.38818,87.10169,91.06116,65.51044,71.56925,96.69696,88.293755,109.972015,113.33586,0.12949498,0.094241425,0.3033568,0.625884,0.27909845,0.24142125,0.15699333,0.21508314,0.30641997,0.25565058,0.39795956,0.20054823,0.050825775,0.018749585,0.045841265,0.15856564,0.025959857,0.09624963,0.03713108,0.054771967,0.11163526,0.07068745,0.11617509,0.057311334,20.024750939450538,22.19282326225613,23.501711200487634,23.570374951418504,23.95289707649838,22.696417774394366,26.881326181591675,17.284313132671514,20.97728674631066,19.299806411442017,19.56085442086686,13.716703065345566,20.016072595902752,15.366199639822721,0.044227245791408666,0.0003461459952725566,117.45383522727273,classical.00023.wav,classical
-223.17725,163.24625,-34.416225,24.187868,-10.304307,3.2287347,-12.884593,0.8050692,-14.284255,1.6726216,-10.143485,0.24415688,-4.545105,0.109062925,-2.8684523,1.3458036,-0.3440428,-1.0627356,-1.094488,-8.057165,1955.9756,322.4545,60.355625,63.717342,84.54736,71.16464,57.919796,74.816055,63.917347,85.155945,62.92834,80.00801,68.16835,64.73798,55.429386,40.2171,42.877518,69.96677,84.58302,101.93992,0.23656605,0.2523408,0.45243692,0.26899326,0.13567859,0.1584244,0.18693046,0.30873945,0.20621276,0.31052676,0.34399158,0.17923872,0.099560104,0.062613346,0.13552101,0.08470225,0.03429439,0.048980933,0.039211906,0.11968615,0.046391923,0.086821906,0.12121683,0.0416168,21.480692939879013,18.06003961942953,21.474900145180662,23.251200673980097,22.69528775847731,23.453351756304475,33.058136866497804,30.764733671069028,15.97155206275881,16.062048332693934,10.629094914966782,8.08320958850178,5.507104081248776,16.24020840513843,0.07164771490421827,0.00031816921374422787,151.99908088235293,classical.00024.wav,classical
-221.28345,173.33664,-37.456543,24.362453,-8.687614,3.3857913,-12.841176,1.0815359,-15.328135,0.4232373,-9.623609,2.2928088,-4.4855638,0.3625776,-1.4866271,1.8132915,0.22892378,-0.9652815,-0.48393935,-6.2636614,881.0754,383.68073,80.96665,36.537743,46.549477,51.540756,38.422245,44.21631,56.04054,66.58885,66.48655,77.65435,63.838585,52.17456,41.32211,41.930977,35.47869,48.149467,49.633408,69.5963,0.3409093,0.1969579,0.39420894,0.27632493,0.19342244,0.30051658,0.26003218,0.41850427,0.22972426,0.38449255,0.34364265,0.22966258,0.12330672,0.021367544,0.12433073,0.06840579,0.036488183,0.103088394,0.043282636,0.13765419,0.02722229,0.1236718,0.0888717,0.045054026,21.623160114098848,16.10561282966632,19.59375160221315,20.89238523937173,20.396636972406384,21.484223598457305,32.16897750388794,28.171113193368658,15.82859813815799,14.959440936695904,11.458859446987551,7.982612307534087,5.298946092597071,9.476274115574997,0.068293993687113,0.00038508177452030543,129.19921875,classical.00025.wav,classical
-319.33237,143.66473,-31.164366,10.908864,-5.55389,-4.265031,-8.952561,-5.5834894,-8.020538,2.3426132,-4.4772716,-0.31978709,0.9748614,1.1464473,-0.48819205,-1.3061253,0.13897365,1.4960647,3.7090788,3.0729024,9459.511,680.3301,496.98877,374.85242,151.5135,125.633224,56.204487,118.0922,89.29664,99.72448,125.13647,87.48806,78.967384,84.231255,80.94159,81.732285,115.443756,137.80264,142.12129,158.09465,0.31284004,0.1713587,0.38464487,0.14286038,0.20876575,0.19251801,0.17999862,0.49195933,0.20521517,0.22396673,0.16185713,0.27214867,0.1341545,0.024012681,0.13335262,0.012875837,0.07523619,0.07442518,0.024519801,0.15414487,0.037112553,0.091008954,0.053122614,0.07618439,20.102467488022526,19.919293575806726,23.463611125553054,25.949903841589844,24.540395692698553,22.346525926887658,28.57744006464816,26.037621533169922,27.534350402896372,22.804317437090564,17.455802769236435,11.164178835817761,7.808042719476167,28.589507753679232,0.08174818292859908,0.00043101738641499924,151.99908088235293,classical.00026.wav,classical
-366.25018,181.5994,-5.5262704,27.00837,-4.8321323,4.6107154,-10.542602,0.1676211,-11.139511,3.584806,-10.332784,-1.0784339,-4.5973077,-0.47885728,0.83569163,0.25169602,2.1313152,0.69891196,1.0251924,-3.0680041,4063.6526,146.5102,323.06622,88.89455,121.07359,91.932724,50.62936,47.87587,94.64873,50.3725,63.25958,88.8646,95.87951,76.21156,71.22862,49.9584,75.98824,53.61466,62.131676,99.00573,0.41827068,0.22012055,0.16716905,0.07946446,0.14575414,0.3348092,0.1414062,0.27820536,0.1790366,0.44037545,0.31955707,0.16464065,0.1478045,0.033655148,0.06858452,0.012718657,0.024185898,0.14280304,0.016143473,0.1267024,0.02485808,0.16450822,0.07326106,0.019820387,20.27960411697216,20.98702994863609,25.202498153938944,25.724923592021472,23.539207367391345,21.397036793278573,26.932918355998503,24.99654969092823,14.442274810755393,16.556807146698006,17.649942573644303,11.443834737618964,9.211754311834353,19.176030038345765,0.05344941224845201,0.00027843218510902,129.19921875,classical.00027.wav,classical
-228.95734,153.97128,-30.685274,20.8126,-6.08023,1.1724142,-10.788691,-3.8824687,-11.589583,0.88214755,-8.279238,-0.7267746,-3.104451,-3.4343467,-2.6240344,0.722561,-1.9660418,-2.5158813,1.5716063,-1.4897674,3138.3823,900.3499,304.51178,130.7409,147.93526,78.19272,109.24272,102.485466,62.088634,79.56434,97.8656,63.30344,104.51087,90.77007,56.06427,64.95205,58.512733,61.46043,76.415306,83.554855,0.3316296,0.23058373,0.42773092,0.16584481,0.19227247,0.17101145,0.29514295,0.4496235,0.19933182,0.28147644,0.14883101,0.26160622,0.14231756,0.03975238,0.14306399,0.02249726,0.06693873,0.048018493,0.06940312,0.1455696,0.028392049,0.09267532,0.025638837,0.076130636,20.19004116477174,17.040464280317547,21.123625550182997,24.042778580306624,23.397165467445383,23.237772256411414,32.783108258842894,30.769216419299827,23.399874257675993,18.688149977057737,14.04085119773736,9.398234496124363,7.711793882993981,29.81105144617097,0.08109777113970588,0.0006954854378346818,151.99908088235293,classical.00028.wav,classical
-297.24658,130.27441,-30.589977,27.486969,-7.054992,1.9900564,-11.125771,4.752086,-8.771535,5.415232,-5.375333,4.4642715,1.7346499,1.8842247,-1.3122158,1.0872452,-0.9889347,-1.4661269,0.63026506,1.1544709,12936.006,1557.8914,331.51508,83.46187,185.52498,127.36039,107.929665,70.31409,146.33304,107.007,242.36261,161.99443,184.46686,160.48091,145.47197,102.590996,112.58079,65.47944,88.49617,183.26512,0.3604804,0.22205946,0.4771273,0.17473981,0.24922948,0.21840878,0.17295784,0.27068493,0.14503005,0.282573,0.123161316,0.2671438,0.13359848,0.029916361,0.1749902,0.015969194,0.08264785,0.08857196,0.029298602,0.09867691,0.013266876,0.1070578,0.015595449,0.09538192,19.750661102442095,16.79876009978227,22.174128319642172,24.06138093457677,23.500242186682748,23.175207244486668,32.097424905215085,26.959130378343463,22.784083506511482,23.808087825588327,14.700286305121551,10.746352251869471,7.84153737037547,22.896304913507326,0.09221523981714397,0.001140986527832285,135.99917763157896,classical.00029.wav,classical
-315.67807,149.66841,-30.59499,23.221498,-8.699832,-10.104396,-15.733574,-4.047281,-7.652163,0.04623177,-11.143897,-7.67045,-5.8706336,-4.864973,-5.1484585,-5.4147186,-3.1673822,1.4542385,0.13058141,-4.1758366,3937.6423,506.83356,426.90854,56.47707,230.8779,54.35017,86.932625,72.749275,97.01244,73.313805,53.371735,71.88106,63.355976,58.95545,54.983112,64.978386,60.13759,55.546917,63.9196,73.06061,0.25746617,0.1906922,0.39334607,0.3091068,0.17859893,0.2805634,0.22978064,0.36819237,0.33326477,0.2960045,0.31540352,0.1875142,0.08618649,0.0438329,0.12483161,0.09652893,0.03990485,0.088438876,0.063598625,0.11481076,0.09987507,0.068059556,0.11770963,0.039128024,15.504047846941994,20.06475345604497,20.90452381923443,22.773003307984958,22.84544509681696,22.945923392754615,29.179280321054478,22.5366565203457,26.11752814406201,15.724592479958924,11.617897202548509,9.452802010778141,8.73373893778175,30.126960465669335,0.06372448239164087,0.000858718566961078,117.45383522727273,classical.00030.wav,classical
-374.0075,172.44232,6.402986,20.150894,5.8518014,1.5909549,-6.710564,-1.1913427,-0.29050222,0.33312535,-6.55182,-7.3002505,-7.3283715,-10.215596,-6.1451335,-2.4330475,-2.6743848,-2.2819083,-1.1540517,-3.8159146,5778.866,539.139,647.57635,145.559,270.68732,96.30798,74.2678,76.233734,90.6051,78.5704,70.51329,61.38424,72.866646,69.90724,48.568897,37.683487,41.25323,45.30279,69.7654,88.6968,0.2984037,0.21784243,0.34086955,0.19885786,0.25878105,0.35866165,0.37417266,0.45494175,0.42487934,0.23461188,0.18181063,0.2943251,0.09091311,0.03913493,0.12147645,0.040666904,0.075862214,0.0934434,0.1012062,0.11630473,0.1069611,0.04717813,0.057151575,0.09744443,15.747291827149596,16.175684888264993,17.92730464572508,20.02737298395906,20.91513454213292,19.607496340146454,25.260435764132115,18.395206435487335,19.556848263077157,18.09103967982485,14.134414672389125,10.170281622859465,12.225711848362103,24.18881093001815,0.03945743336397059,0.0002805104896770846,112.34714673913044,classical.00031.wav,classical
-498.60873,177.52312,11.209716,27.63433,-2.8418262,5.090956,-6.604384,-1.0570544,-4.144494,-3.0533736,-9.90994,-8.573808,-9.189356,-11.935739,-9.192497,-10.894249,-8.854792,-3.9375076,-2.3939705,-2.2963572,1807.9862,139.26988,100.82739,48.52649,66.729454,40.367302,65.752785,37.370007,53.544315,38.908134,43.26757,32.10367,32.180782,33.43075,29.647663,32.615173,40.302437,44.050323,41.602634,47.94873,0.28821853,0.6999816,0.32396188,0.21525796,0.24533175,0.36395615,0.35009736,0.15744923,0.2724723,0.18707311,0.15841042,0.13618375,0.025370259,0.1168515,0.028804805,0.08081434,0.09906452,0.08622818,0.10931925,0.028327538,0.06708795,0.05345038,0.049057286,0.023831764,23.351060026200873,19.706645575207574,22.429719923568975,23.341096939372978,21.781985522354642,18.214910707789215,20.99739259022752,11.935254311030292,20.22945583417293,15.264357434701525,11.586719194240679,9.473939432814378,4.307411056205924,5.9961798487247355,0.03658178937693499,6.252243579411509e-05,123.046875,classical.00032.wav,classical
-429.10315,120.74545,-1.6823534,17.948557,7.7335906,-2.0437236,-3.941744,-2.536047,-0.5834436,-0.79653716,-9.051198,-3.6899388,-0.9829521,-5.0013146,-3.811294,-2.411517,-1.8980626,-0.31377116,3.4164839,3.1428828,7323.102,1454.0824,691.4195,72.5178,161.40785,68.67259,115.93502,82.537926,58.411694,55.98559,82.216736,107.07738,182.76547,258.3885,165.48932,90.19151,89.22403,63.55513,70.42359,84.7223,0.41253823,0.28442627,0.19094175,0.26480165,0.34093207,0.38690013,0.19571039,0.3051727,0.45631474,0.26622322,0.21261787,0.33111122,0.11343162,0.07734862,0.044202186,0.073625535,0.10847594,0.11631095,0.04213004,0.063306965,0.13462205,0.043872613,0.06989637,0.10445664,17.215323501952124,19.572772985595535,23.052175401384666,23.96860970621316,22.906224426327235,22.401468604110338,23.600786744133483,20.503843998294823,31.088848261779248,28.139408592005346,18.09260455159674,14.650366068719066,11.2344409224932,27.257125509329306,0.05439309512867647,0.0006792252478628206,123.046875,classical.00033.wav,classical
-309.24283,138.64113,-29.713259,33.618786,-0.37825724,5.2437377,-6.3323126,3.280733,-6.714091,-0.6922031,-13.243885,-8.528504,-9.668246,-4.2979574,0.25033712,1.0183245,1.9202206,3.7188308,2.5588636,-4.925927,4601.513,976.0759,309.01364,90.53899,153.79683,65.9499,76.7166,81.64259,173.98273,114.402214,91.430984,140.44229,122.653755,206.05159,247.5484,140.44547,146.35948,133.86784,164.71478,252.75964,0.37429997,0.18011998,0.19281211,0.13403536,0.20450002,0.4596191,0.24102287,0.25116846,0.2599725,0.35858423,0.3737366,0.25931555,0.122264154,0.029340705,0.088666186,0.028660886,0.05175527,0.14454482,0.047836825,0.09979719,0.0839484,0.10321935,0.12427832,0.06344922,18.466417736825964,21.16629436535806,25.018617206442592,25.15416518009009,25.77653609300448,25.976243561017338,31.778707104421997,18.718121560493646,25.009381394612447,24.86455374143323,17.136484184363578,14.714291289815593,11.864392137477013,22.25902879570641,0.07356796028444272,0.0014769172684225304,123.046875,classical.00034.wav,classical
-319.78223,165.98755,-11.918571,27.240343,7.8435597,1.7273006,-7.849843,-2.4120853,-2.908876,-2.5311303,-11.365741,-4.6136103,-4.4873595,-7.4551673,-5.5800185,-1.8725945,-1.2823328,-1.4261755,-0.48846728,-4.1007814,5657.287,998.8854,1118.499,175.69557,215.97499,76.65503,105.62496,59.235493,84.31948,69.100586,53.154068,107.30782,81.44831,58.351067,62.98972,54.67259,66.9585,50.415527,68.74992,64.38069,0.33530128,0.38980004,0.25528255,0.24274749,0.33398342,0.26550004,0.27472717,0.28472996,0.468644,0.38462,0.25844726,0.3372303,0.08529326,0.13306375,0.07100978,0.05446089,0.10970397,0.06462454,0.06554373,0.07392684,0.10890541,0.09952864,0.06469927,0.1000411,17.324806060458066,15.624817686389964,19.434922595017678,20.915397072360012,22.64328491663458,21.99851392631152,27.030019893049175,20.495609740430176,16.01328080497702,14.352077013558983,12.419396579370312,13.0277697192405,15.832871957579917,36.75067293010198,0.06115495900251548,0.0020332969789047767,151.99908088235293,classical.00035.wav,classical
-419.26315,127.44508,-3.7823563,23.200216,-4.3346996,4.030428,-8.209103,-7.6188607,-7.075689,-2.9239516,-7.409898,-5.437336,-9.099495,-10.619321,-5.7393737,-0.39309853,7.029701,5.5932484,-3.4755454,-5.1741652,3959.1448,1453.7566,310.05896,160.47482,250.27327,123.09728,161.72932,45.48845,70.13082,42.568542,59.050667,48.95501,51.40221,64.50705,68.58192,89.55598,136.5007,143.7329,170.00104,85.028625,0.15404035,0.30050638,0.29994616,0.4052225,0.28206903,0.11986765,0.15475768,0.26481724,0.207493,0.29304126,0.20924841,0.18056989,0.034738712,0.12863652,0.07929788,0.14837453,0.08536802,0.023094358,0.046213683,0.117467694,0.06305357,0.14017934,0.066321835,0.061483465,16.182666297395386,20.92837769702572,24.051581008205876,23.254868668353488,23.7606981155221,20.916873388528884,26.347341286577933,25.453622775736683,40.97047555432414,26.40256382489697,13.64966904709539,11.807919508785565,8.607873963218491,24.631354864198492,0.059410449521091334,0.001158190310566403,123.046875,classical.00036.wav,classical
-275.37598,125.30793,-41.05129,24.607311,-4.788928,-4.253848,-15.021034,-5.045092,-5.001838,2.4730597,-10.894702,-8.017638,-5.1663785,-4.6154666,0.7097465,6.520474,5.9003935,2.6877103,-2.0309052,-8.056194,5743.029,1018.4611,509.60507,123.67865,239.10957,93.10174,158.77827,82.72293,110.43862,100.51715,53.02837,77.49485,109.75211,71.444565,103.35522,135.45474,103.03216,85.75129,65.7073,106.190956,0.22602594,0.24934508,0.23471268,0.21480113,0.38346913,0.2087921,0.1859422,0.29462028,0.33974427,0.53999656,0.29996452,0.23306844,0.07541293,0.050516576,0.080395326,0.05888927,0.111740455,0.05013933,0.06691832,0.10495587,0.071583204,0.13980696,0.06780074,0.062493518,16.26900375105952,19.359036432803364,22.20072629460029,22.953581803313572,24.248274890515553,24.585965098450618,31.8028928498389,20.763260486504578,31.143053412401812,24.07346753351498,18.95447608269217,16.001047870172687,10.888624909200576,34.50089288219399,0.09395219076528638,0.0017376351031028617,151.99908088235293,classical.00037.wav,classical
-276.03903,146.35081,-36.59162,24.200796,-2.5551605,-2.1697466,-13.303985,-6.504971,-9.398983,-3.1274786,-11.537067,-4.1871166,-1.6895956,-1.5234597,-3.192893,-1.764735,-2.24864,-3.538693,-2.989189,-3.294925,6582.0503,487.15717,376.7654,257.88434,165.2559,88.89272,94.7548,79.475876,72.14877,60.516327,66.8428,62.9249,108.328606,69.72903,72.0328,50.97397,59.082012,51.393707,89.33021,97.62612,0.24362761,0.31889674,0.46781373,0.26825127,0.31498605,0.16608927,0.2220905,0.31618974,0.26401392,0.3873501,0.27854863,0.2866757,0.06630498,0.07001622,0.1321002,0.053063355,0.120779775,0.03396072,0.07113117,0.120202035,0.05574389,0.11423026,0.08317325,0.07009954,15.396328505742781,19.738485786991337,22.34041376813541,23.137847983444864,24.393229236341075,23.74540287912736,30.472871169112175,17.66406271798003,24.274757900836576,21.53795728542426,13.033246903157416,12.168744609442507,9.344605224749722,31.241029080312774,0.07583589819562693,0.0007513601522400706,112.34714673913044,classical.00038.wav,classical
-409.53445,116.80004,-16.164232,11.717685,0.7060148,6.0069485,-4.2744565,0.4954767,0.43389046,12.597706,-1.1140985,-1.1403233,4.957852,1.7595057,-3.908855,3.505475,2.7971115,3.1026053,0.66038114,-0.23965208,7022.3306,643.6392,357.3526,126.21143,270.86276,114.27592,176.11433,90.028275,159.25708,174.54341,100.97644,140.2188,158.773,138.90744,53.64406,55.60109,50.47378,105.080376,244.30098,172.77863,0.2960651,0.19633892,0.23524068,0.32676303,0.27857694,0.21608856,0.21346028,0.15635155,0.28030857,0.31401846,0.37339565,0.36404184,0.11797938,0.05791299,0.07197415,0.119113825,0.09796668,0.069251865,0.069790654,0.035876233,0.110012755,0.10065387,0.12095059,0.120074905,15.814587368899296,15.919246326253795,20.656587199688154,21.700624716055533,26.372996924144697,24.95808471223025,30.172577840559207,14.887128441210551,21.447328626017054,25.58335588301701,14.436629930505482,30.05035982283488,23.960332987295693,24.837495983152593,0.10895928066950464,0.0023704843749003993,129.19921875,classical.00039.wav,classical
-358.65674,129.08748,-30.39764,19.88953,-10.38638,-0.652045,-10.611145,1.5420539,-3.9753864,1.868904,-8.83354,-7.1676545,-8.212758,-5.9410625,-0.11584019,4.27639,8.967238,12.802729,14.691521,11.507997,5653.692,710.89264,646.9539,121.00163,206.5367,99.09606,126.78766,66.35093,123.90577,73.360176,75.80424,60.96609,66.264824,75.146515,82.36496,92.26256,118.42098,177.43318,231.3273,254.74207,0.17277458,0.1635851,0.20126832,0.17624821,0.20020835,0.29448012,0.5209585,0.3204106,0.36901835,0.24691142,0.19010025,0.15071867,0.050341126,0.055301648,0.07821108,0.058325432,0.08004649,0.07441419,0.15944071,0.05467781,0.130036,0.07508176,0.063341245,0.06181195,15.992616139153691,21.95223629793394,24.75922757887837,24.780582792798185,24.90923058058775,23.084884034689832,29.116383185124477,14.65980477041243,24.562849008864763,15.252863799758877,10.9723552107049,13.219891351746337,5.863668912538292,15.220686250759043,0.0726431737374226,0.000609267339877221,112.34714673913044,classical.00040.wav,classical
-368.46594,124.26599,-31.582445,17.601763,2.3229306,-5.9495974,-11.807772,-5.547481,-5.407888,-1.3051713,-8.427182,-3.613824,2.2061696,-0.045435477,0.23757216,2.5061414,3.0928504,4.838548,6.2253428,8.735003,5206.0435,467.82126,426.52628,178.83731,173.18787,84.46009,222.02591,124.816635,141.77663,38.435993,59.472347,131.30214,207.69838,110.48384,72.612656,62.57004,97.41014,79.13475,73.30076,100.210754,0.33525097,0.24715585,0.36127648,0.27032065,0.46498245,0.3180143,0.20744224,0.23465325,0.15818124,0.2152689,0.21427473,0.1916434,0.13482703,0.054271903,0.09450335,0.06240986,0.1301315,0.08478073,0.07372349,0.075378366,0.03796614,0.0645276,0.07414577,0.032808535,16.970875578364005,22.1589503401004,24.43479798319939,25.271575321926342,24.91522990150551,23.721991614357442,27.676614539128586,13.921031159711193,19.58408619989991,16.09663772737062,12.621316431930316,9.922945783449679,9.352893933972227,21.81279900192558,0.07881698372194272,0.001148089930469571,123.046875,classical.00041.wav,classical
-160.33943,164.12074,-48.87504,1.5913545,-7.591044,-2.631471,-11.077547,-7.0276327,-8.120849,1.2311883,-5.4963484,-4.222176,-5.458137,-1.7106261,-3.087998,-1.289857,-6.098767,-0.928412,-4.0418134,-1.5555358,2443.818,485.84955,183.61336,112.34464,99.999504,33.464897,32.372177,37.063965,40.042427,43.47498,50.87665,45.973328,59.784466,77.399605,86.64023,50.226048,53.617653,71.93483,52.522083,103.91755,0.28026357,0.15560095,0.18829611,0.172256,0.5843467,0.21115121,0.157605,0.29806346,0.24182911,0.4342718,0.13582529,0.28117487,0.08353792,0.029129565,0.086278155,0.010591829,0.14097789,0.038010206,0.037038412,0.11927876,0.03566216,0.15366875,0.008345823,0.07559852,16.535027558713825,19.339858401837088,21.854188378067075,23.285865385153382,26.540746718252965,23.47690327060271,17.679373060732818,22.041936672739556,16.014600078396693,16.68843874770723,9.819835167714045,8.284417887422471,7.3886011682764,9.482200752474093,0.09385279605263158,0.0002813078554130754,99.38401442307692,classical.00042.wav,classical
-249.54944,161.56836,10.129534,-3.0705643,-0.59651756,-2.0836587,-12.191772,-8.60149,-14.638914,-12.049384,-12.30034,-7.1745567,-7.891679,-2.0824661,-2.9097533,-0.86809933,-3.9725292,-0.8842937,-3.9836187,-3.891574,3639.0696,574.6501,712.651,165.58897,77.70842,52.416943,60.899803,58.1484,46.59658,53.72457,45.472794,59.00341,43.441517,54.56042,70.21857,98.2688,112.109375,119.4931,95.96276,77.62379,0.10367677,0.058246773,0.2112271,0.36521494,0.13899252,0.17465508,0.10680414,0.24985741,0.13253571,0.14542711,0.46698466,0.13772336,0.07389509,0.00648877,0.074592866,0.16417219,0.02095712,0.08281202,0.017043773,0.13088079,0.051130436,0.022020355,0.17106426,0.013660915,17.443981822970017,19.37641248589685,26.03261220756328,25.674276688464655,24.226358289909275,17.310471588969047,14.911007479278766,17.719205919665043,19.37787787349408,26.42864499290272,15.877325751515585,14.49167121691287,14.992861991535415,4.707353332459119,0.051040885618227554,0.00022569007159689423,123.046875,classical.00043.wav,classical
-402.22232,154.00491,-15.211341,15.294042,-3.0777786,-3.1944375,-9.778082,-17.310207,-12.30656,-7.9146423,-7.0827584,-0.28117207,1.5458186,-1.4655558,-1.7400693,1.8587352,5.0292315,-0.7410973,-0.13983282,-2.8593116,2901.9353,1290.5455,321.25464,200.63045,139.41795,136.47202,167.77043,147.87129,135.9008,173.69632,125.82914,133.17497,121.808784,105.622314,134.1651,61.931732,110.9046,108.19203,137.87395,226.50534,0.353284,0.20863949,0.18041079,0.3756131,0.22110635,0.2737876,0.20261751,0.26553643,0.211687,0.15660413,0.39293802,0.18230835,0.13637544,0.06664038,0.030636469,0.12573747,0.05052073,0.1234892,0.072376974,0.09213901,0.06794688,0.028195264,0.14566562,0.019618275,17.77548630386536,21.514022608836335,26.36622994931662,27.072927213536097,28.202696184782372,25.81096943641977,19.49154146239988,14.008595260953399,21.534715917832706,27.28332969893299,23.844616802170147,25.142125579114868,17.566758517109076,11.529263928172552,0.07170553768382353,0.0005437213309452499,129.19921875,classical.00044.wav,classical
-170.8866,157.03914,-21.966076,5.2446537,-4.092412,-3.6912687,-8.810494,-4.8575964,-7.874582,-5.4110103,-9.373978,-6.623614,-7.811286,-1.4611747,-3.5911329,-2.8573444,-3.9215784,0.2007721,-3.4326358,-0.8309016,1643.422,250.61917,157.9243,187.70506,111.1602,78.5685,86.94393,86.741585,104.093445,95.74238,121.74458,87.96947,91.03093,80.32348,76.85126,46.2685,51.219616,92.390175,123.96246,101.99093,0.24062291,0.13201363,0.20688783,0.20555659,0.33549884,0.29258147,0.24306387,0.25380298,0.1749954,0.28618887,0.18794486,0.27602312,0.09551479,0.025993643,0.08140053,0.06008246,0.1182777,0.11375673,0.08586474,0.10691192,0.030507144,0.102513835,0.052571006,0.098703,17.512026678664892,18.75892286027536,23.00165186530222,24.078925605669806,25.048541682010576,21.5343411674794,16.274980328161778,22.19197580146232,21.688324128215342,22.533459533978373,13.173518229472176,7.896121221424856,9.491027912147239,7.057999639561622,0.0622955416747291,0.00025451524093761277,184.5703125,classical.00045.wav,classical
-85.26499,118.42306,-31.47277,20.282015,-4.4177094,6.9225984,-10.950942,-1.6200852,-7.367901,-3.0173,-4.437201,-1.4064466,-4.246369,-4.164333,-3.9796493,0.2765607,-3.3924832,1.6937985,-3.6853893,-3.4415329,552.0401,374.04797,72.898315,38.525646,51.523357,42.67018,30.956823,26.40625,27.198805,46.351395,28.12996,44.176636,36.132996,24.97407,28.573154,29.951643,35.6628,24.496012,66.99904,59.938564,0.187272,0.3901508,0.5803363,0.32467294,0.33424032,0.27569467,0.25910506,0.3473527,0.42146227,0.42965943,0.36029962,0.25124338,0.02074094,0.077320255,0.11040743,0.042955264,0.102110505,0.053794418,0.04627484,0.08059885,0.09086865,0.08123541,0.07427942,0.045942143,17.18280656140848,14.226390946455082,18.46392040107468,19.849700428793856,20.71315584185491,20.55852927470007,21.254693458382782,16.902246298939957,12.050271818798716,12.265691701989546,6.354548236633553,5.566800599807747,5.994233088966075,7.457455128532605,0.11161308170472137,0.0006014071699517841,129.19921875,classical.00046.wav,classical
-436.8423,154.1132,-19.859339,20.183603,3.1647444,0.44639242,-6.5306387,-4.603338,-10.0562525,-6.1532865,-4.529443,-2.7835944,-5.23532,-7.384834,-6.99331,-3.1899664,-0.3512986,2.226785,2.5725396,4.4761767,3778.7117,165.43462,175.57161,148.93745,97.08286,71.15613,45.31875,35.7327,58.64475,66.23974,67.7278,57.229652,58.60679,62.5198,55.300743,54.786522,61.56867,55.32156,113.137115,162.34099,0.2588711,0.24988548,0.23601803,0.19757071,0.47313341,0.2325971,0.37142164,0.19668157,0.1258519,0.19593959,0.13453819,0.42907092,0.0653781,0.078616954,0.09155795,0.028368123,0.15225147,0.02849542,0.1364696,0.048711017,0.021411814,0.050770827,0.008989037,0.14248523,19.732395772594547,20.662719739677758,24.890308344885682,25.226954150889096,24.040943186303554,20.658664099117335,15.887580944495644,14.176825249249122,16.145803173558075,14.179093359566954,14.226065603113474,11.447890397573971,10.321576233674929,2.5603111497405195,0.06632537369388544,0.0004203017935626585,123.046875,classical.00047.wav,classical
-123.763306,148.43001,-21.551395,17.444748,-1.4088042,4.1782947,-6.9904447,-5.1033363,-5.7957006,5.0631213,-6.247765,-1.9818286,-0.96844095,-2.4530773,-4.3262076,-0.87545633,-4.7048717,-2.2297258,-5.140934,-3.2070837,8780.763,2509.789,421.646,222.78592,116.4256,112.42481,44.095074,61.279255,76.12618,55.71185,39.15109,50.689713,53.83548,58.930267,51.418568,58.075073,45.75594,53.608227,55.28927,84.4275,0.22305568,0.2651278,0.3150231,0.433116,0.32439488,0.2243444,0.30517545,0.20011595,0.30551162,0.2931021,0.33070642,0.34269375,0.042082433,0.077281296,0.07864692,0.1284344,0.09629301,0.03999038,0.09506691,0.034132525,0.08350815,0.07862621,0.079403445,0.10583011,18.10518307691533,16.955446933133167,20.771632996817694,21.893948520607513,24.375945733410777,21.898502375829917,18.487477355238692,19.46443092549475,16.318590385186262,18.2017256000609,10.862455123934794,19.73638448113616,10.445177361716489,11.271436413177652,0.087271581124226,0.0018368526399241282,143.5546875,classical.00048.wav,classical
-98.35358,98.3555,-20.490532,18.820034,-2.095781,2.665037,-7.3115172,-3.5901136,-7.989524,-1.9183743,-4.731997,0.6237761,-2.5930846,-1.4701573,-3.1693437,0.6580324,-4.818465,-2.221544,-3.8104963,0.2340916,3453.064,562.1023,123.734886,123.80051,49.27047,30.373888,37.896957,28.500353,34.015564,44.89024,60.436325,36.614326,39.630558,57.456173,38.731396,34.419056,39.281933,32.48533,44.22966,52.59711,0.5672502,0.22129181,0.2787291,0.20264935,0.3409087,0.31959802,0.2697981,0.5040021,0.23177876,0.24236757,0.19719647,0.36381242,0.1524905,0.021972055,0.07431261,0.024561029,0.10283513,0.09915965,0.031596847,0.12587425,0.032195445,0.056324285,0.036913797,0.06509449,17.61610652905403,14.318739338603297,18.580806869159282,20.06895169529106,19.323272513120994,18.124760654866094,16.0741903814105,24.248874872564233,14.166522464283219,16.046936388562155,13.165245861993268,11.31144536767486,8.548630247855591,4.235261723296702,0.10944642813951239,0.001174314721849899,143.5546875,classical.00049.wav,classical
-449.6218,151.50313,-12.74668,44.27039,6.244759,4.053898,-1.4805393,-1.624076,-2.4867768,-4.282386,-9.653202,-1.3421049,0.14638385,3.7282507,5.2857785,1.2080822,-2.3039155,-4.1256194,-1.8161486,1.2358323,4607.974,455.1247,132.94038,45.45792,38.36362,20.819925,30.676966,37.556446,29.240147,19.247381,21.86644,25.301218,47.888096,107.06054,99.571,38.851715,47.286972,43.1956,30.814577,42.019043,0.5367996,0.61359423,0.22317371,0.15468682,0.12139614,0.22342642,0.25310856,0.2596604,0.28272754,0.19466354,0.37551674,0.19446546,0.12327495,0.111695305,0.026423868,0.0521568,0.012068751,0.05867854,0.0724819,0.042802062,0.08791489,0.032921676,0.13025469,0.011959477,16.168286573689105,17.31314661844505,23.35135039248128,21.852029985614944,20.726873299870483,20.627375290379785,16.097394846633865,12.015440092545475,17.678678139555732,18.290266754123657,9.223453242713164,6.517129802617491,4.067963292394698,1.8835447349887078,0.049492898002128485,0.00021778101531056727,123.046875,classical.00050.wav,classical
-230.27237,119.15338,-1.0512242,28.384487,10.00878,16.125824,4.793946,6.192378,0.9515957,5.915187,-1.1755238,3.5739172,-2.0996544,-0.90729177,-1.8530504,-0.0061340095,-2.7977016,2.3327787,-1.4417098,2.738794,28254.176,1155.0317,1083.2749,95.97859,138.4082,74.14688,66.36472,36.05937,34.03402,40.89762,55.36878,40.107285,39.32734,34.103886,29.00945,39.24841,35.69533,41.128937,66.38082,60.883205,0.37507305,0.39823943,0.4917449,0.41076046,0.45233428,0.323075,0.40875915,0.40376136,0.28654388,0.3396207,0.31262535,0.3749494,0.08435248,0.07105016,0.1285781,0.06609476,0.107396945,0.03925456,0.107826814,0.10782254,0.051674746,0.08603526,0.05224203,0.08830746,17.510949802768184,16.421265723226014,17.349715821554568,16.584793244082725,17.040906527772304,16.553706790012782,16.57041621032695,19.818857099954915,32.477832309591875,26.218791588656153,17.838854525470577,9.601609064576971,8.214017748573452,6.1922036202288915,0.06010507872968266,0.0016020911563379623,135.99917763157896,classical.00051.wav,classical
-186.42809,86.65457,-15.711973,14.741792,-2.2158973,6.271489,-0.8879223,0.66504693,-6.0883217,-5.213674,-7.8659334,-1.7187315,-4.7045016,-2.0543664,1.4163773,2.7643514,3.301296,3.110024,-4.4082932,-5.0353703,9541.063,929.929,593.00433,110.537735,98.736046,102.25785,39.5957,50.19965,120.11397,182.92978,155.70682,86.46891,102.252396,98.29873,56.527115,64.12726,60.822544,133.41042,78.19865,64.18591,0.4453079,0.34236494,0.3834715,0.35206878,0.39714244,0.3935496,0.33796594,0.3313271,0.30986422,0.46075958,0.50929445,0.39324054,0.1040451,0.06188464,0.0882014,0.0733428,0.098165944,0.086388476,0.06515876,0.08065271,0.057777345,0.08884463,0.11611291,0.07199519,18.927755248887486,13.767395687532092,17.48172120571055,18.89504610046874,20.209590579815096,19.02280489478049,18.995822108141645,36.434209256572814,20.43554418943581,20.175112307876216,12.122187306008172,8.044250415469318,6.889484735074176,10.187571751951415,0.12697013169988391,0.0023325732309129104,161.4990234375,classical.00052.wav,classical
-119.304375,149.57779,-43.31768,24.63625,-5.609388,10.784379,-2.8926942,0.7833024,-6.5456386,4.388039,-1.2940494,1.3600912,-1.0813606,-2.439028,-1.9371481,1.2953314,-1.3851025,1.040794,-5.6063,-1.989935,4784.7075,920.8092,236.5627,125.634575,114.44527,63.62679,69.29033,41.174564,46.217514,34.952827,39.114586,42.791523,30.409727,37.146034,39.958202,37.14926,36.27283,35.53222,35.944393,26.520802,0.1814247,0.251158,0.65437055,0.2408537,0.2276286,0.28136867,0.31636217,0.5384486,0.22165933,0.32336244,0.22502165,0.19489379,0.05498539,0.023449894,0.11381127,0.03324859,0.05493248,0.08877536,0.030360807,0.15800017,0.017474165,0.063842185,0.04999997,0.02931989,18.21875722715034,16.61905440968659,20.303333986721093,21.52052692999263,23.56303228470234,22.475739776887583,20.347213380928032,21.6134353313133,14.354014513929274,13.90224693404533,9.164437272040677,8.128647101251694,4.152566733739433,10.742557217274182,0.0879189694998065,0.000536467388001911,107.666015625,classical.00053.wav,classical
-106.22088,127.37078,-45.286133,31.277216,4.305441,-5.068433,-16.129375,14.690696,-7.912098,-1.2216625,2.9819396,17.464767,-4.0720086,1.7858331,0.5945659,4.6090927,-9.991413,-3.341979,-3.1053746,1.9085141,3636.9194,738.65985,271.0518,157.59575,436.15683,115.91503,251.14674,301.94067,136.76624,280.6772,324.30872,297.6781,262.93652,124.73611,198.70903,124.06173,80.93504,67.20253,64.33517,66.51265,0.5081605,0.5083855,0.48933086,0.3699994,0.28508854,0.27867785,0.21047315,0.25046682,0.21144477,0.21122593,0.23835233,0.2723322,0.1441518,0.10420977,0.11994504,0.09479386,0.07141493,0.079804234,0.04262854,0.06884625,0.047632523,0.05843863,0.08057634,0.043386254,17.889480008812914,15.718710279118056,21.12199674068272,21.432027967816204,21.980159505401147,19.2332024904059,34.68620417720539,13.898009531231056,16.878045132549246,33.05776602458711,18.25308741935732,12.708703693821683,18.155396035029458,9.718033228521326,0.11627820844620743,0.0014218131596791458,129.19921875,classical.00054.wav,classical
-484.0267,144.12991,1.3964738,8.075531,4.933926,-2.3170042,-2.7469437,-6.8448114,-10.147137,-8.056599,-7.1516695,-10.563926,-7.787432,-2.953303,-0.26718092,4.28538,5.3024387,0.19885655,-4.530799,-1.8802834,4512.1055,1622.844,479.06662,134.12437,115.76775,56.29309,47.086143,43.072937,58.51623,73.83563,59.993614,66.259895,115.34524,123.26112,73.53796,151.7419,201.48538,169.32133,170.28589,278.17532,0.09572725,0.240594,0.11918495,0.29182756,0.27498424,0.10078281,0.17061429,0.09200787,0.259332,0.29171917,0.124691024,0.17628136,0.011660522,0.1330211,0.012085684,0.124502964,0.118713334,0.02254705,0.09862136,0.012180874,0.12582469,0.13948694,0.016110547,0.10068974,17.110161618068595,21.3130101972845,27.23790050932357,28.06311364497019,25.018233981454365,20.988118280755614,15.94882750950184,12.597975141312588,30.536989776587966,33.17533084576858,14.992164206019533,15.802274501004813,14.064731393910435,3.516121777376274,0.059341288941563465,0.0005206935844203465,123.046875,classical.00055.wav,classical
-81.13433,129.09853,-42.534824,33.17631,5.6636167,-6.40225,-2.2610986,7.3734436,-18.71801,2.4979706,3.7862806,1.9323547,-10.066779,0.94372183,-3.569819,-6.166297,-8.030749,3.7742696,-5.0294724,-0.85415214,2716.3398,374.45422,138.50043,116.32976,101.305214,97.57037,94.85837,87.34051,64.6842,44.6662,73.42683,47.776745,58.971962,36.94308,38.0853,39.017723,35.766724,39.14623,34.992474,47.442383,0.16565232,0.20651051,0.6908086,0.3029929,0.27772588,0.18376519,0.3261541,0.62049264,0.2790657,0.2839783,0.15213938,0.26522288,0.03351016,0.011254096,0.123286836,0.023554863,0.10277868,0.015393152,0.03947298,0.10930595,0.020623062,0.085771725,0.011546524,0.048327077,20.00253580704381,19.26452674809542,22.702597543741536,22.090212297881205,20.672671843385675,22.681863227201344,20.18628478442997,36.200120143381746,20.281086604357764,16.751858174750154,11.110633404324176,8.869306330663482,5.43917386085967,6.714119146869207,0.09672579455301858,0.0006908924734400819,112.34714673913044,classical.00056.wav,classical
-367.15607,112.80696,-18.747368,10.16273,-1.6047246,3.802954,0.9223538,5.067149,-5.3725705,-9.522553,-8.495645,-1.7838283,1.299132,-3.8675706,-2.6413088,-1.0574461,-1.2753583,-2.50518,-2.5693927,-4.0697618,8875.017,1439.3479,390.72687,229.2189,98.91962,69.64702,71.105125,82.41459,172.4393,165.0162,89.5849,102.06234,178.51538,117.99847,136.88174,101.86245,56.03847,97.18227,208.95201,152.0848,0.39473045,0.21220157,0.36833233,0.20344858,0.21090093,0.23700249,0.14323516,0.30492637,0.20854433,0.24797483,0.30798566,0.20691393,0.17038839,0.030688738,0.13795832,0.066119276,0.06270571,0.09770876,0.019378187,0.1327864,0.057409476,0.077421345,0.11154112,0.039570455,16.32110282333428,17.280627263462442,22.300405487184243,24.919139793547387,23.999458714117964,20.673772138817593,18.155621426865387,18.311379532118742,25.343777401112803,30.646574443865838,25.63617298945764,19.418407732479704,16.340413602905457,12.171850022542833,0.09525792738970588,0.001664765468170855,107.666015625,classical.00057.wav,classical
-349.95245,161.85112,-3.3711889,14.167044,5.733972,3.5160558,2.977491,-7.090642,-7.9175324,-0.36460108,2.8495579,-2.4810457,-6.7919483,-8.835341,-6.662253,-4.9016824,0.093119904,4.2603326,5.0968914,2.610582,1758.5784,336.29468,269.42267,75.847244,56.319447,57.145016,56.931824,72.928444,95.77775,164.6162,102.7537,97.27899,142.65843,83.434586,93.25093,84.365425,93.810905,142.74254,80.55534,137.24042,0.25889388,0.15513971,0.40333506,0.14622828,0.35984614,0.41566476,0.22014871,0.37764296,0.17055759,0.37423643,0.11168458,0.19519146,0.08477343,0.02167642,0.14636207,0.015398451,0.11385489,0.124112524,0.024541417,0.16072261,0.012264981,0.13137706,0.012734839,0.064426005,29.22826855366288,18.495751968704127,24.990243008948116,27.99558483391098,28.119155879579726,23.607369818546463,15.267909136339584,16.32413906982894,14.211010171163405,17.268940704561906,14.796325266414787,16.422432873633024,12.8487085314855,3.6820979678801287,0.08186836360777863,0.0006907501497756259,129.19921875,classical.00058.wav,classical
-197.15273,137.3531,-34.18893,25.362162,-5.266597,-2.777788,-9.506929,-7.6099863,-7.6446853,-5.6678395,-4.3867764,-5.4302173,-3.5417912,-5.667922,-1.8943717,-2.8863933,-3.4759872,-4.0221157,-7.300359,-4.2040553,5626.3696,606.44446,416.5272,86.09009,46.016014,43.100983,36.279427,39.502857,48.538807,42.239365,52.361988,50.667137,47.871784,34.612354,37.286858,34.086216,34.88722,48.390026,57.334023,108.21689,0.33309987,0.19689222,0.3095982,0.18925624,0.3075407,0.33598718,0.24827413,0.32611772,0.2459393,0.37599057,0.21811667,0.30418837,0.1010132,0.02548562,0.12049289,0.02680842,0.09340957,0.112864174,0.053641967,0.11297767,0.05324704,0.11605215,0.04482489,0.091247,31.099702285166234,15.578219204132322,19.810624428744436,21.840035749541805,22.871141342155475,22.7127024283635,18.74077415548836,20.302924706443694,14.984452071325457,17.475871325178215,13.520064434515165,11.921199931753888,8.106943862134116,7.909977384140743,0.09329951141640867,0.0009086929718521578,117.45383522727273,classical.00059.wav,classical
-166.43155,122.135544,-32.106792,16.685278,-5.4006796,-2.487123,-9.832806,-4.9005094,-6.974422,-4.571057,-6.6684146,-5.4972816,-5.3725696,-4.962301,-2.791163,-3.1922195,-4.0852013,-3.5495975,-4.6303477,-1.165406,3272.5723,695.2566,223.56247,59.508404,43.12367,43.68784,30.322979,31.212559,38.93496,44.126633,54.78089,36.60138,41.9703,41.597775,53.570965,36.843555,38.018974,54.195034,50.234703,62.283978,0.40976623,0.2298857,0.28202835,0.21535839,0.31852317,0.33988664,0.26599,0.38274002,0.24949661,0.34075186,0.23353374,0.39522934,0.114749104,0.038434245,0.08439272,0.038782224,0.0893812,0.11607484,0.04161056,0.11801008,0.04372985,0.104114376,0.045619085,0.10354394,30.78904742289209,15.236303130821423,19.094321293459043,20.454294058244248,21.47194063188768,21.377591959582404,18.53397466178512,16.326274447399676,14.65648116222296,17.144637814014846,15.89055797033987,15.130017415877813,16.243555375782,8.68852268589608,0.10401637782991487,0.001006094692868113,123.046875,classical.00060.wav,classical
-274.38638,148.3534,-20.334354,21.812437,7.930837,3.7759368,-2.2328162,-6.1013494,-5.629294,-6.689498,-5.906605,-4.5949993,-1.5465236,-3.0266495,-4.695847,-7.7213106,-7.2142706,-5.40659,-5.247943,-5.2739983,7366.5435,689.7776,620.0023,93.55432,190.05905,102.230774,52.437645,69.80601,49.209965,54.426968,74.278336,87.918526,84.51863,112.19035,125.9232,84.98231,103.236176,82.488716,92.34143,87.530334,0.47097528,0.21900257,0.31081384,0.19041495,0.31671742,0.20581326,0.20139425,0.39423662,0.23731615,0.37750953,0.17266715,0.28416416,0.13825445,0.026683725,0.11690637,0.03289453,0.110550895,0.05500294,0.04055926,0.12235817,0.03267851,0.1426852,0.023992863,0.060086034,32.79274981984298,16.232992570920292,22.73697271247365,24.39988269176652,24.344458220240934,21.694151675170016,16.781345810992036,22.79828593625876,16.160700060250246,20.904722918641042,16.21599559868972,16.705242818311895,16.702421408961044,7.943131170909797,0.07612614587364551,0.0007733541501853961,151.99908088235293,classical.00061.wav,classical
-305.4226,135.9234,-11.752712,18.215021,10.38905,3.0129585,-5.5959153,0.14172545,-1.3495618,-1.8677533,-3.2052636,-6.742522,-2.6944177,-5.5971813,-4.52364,-4.7845087,-5.3687053,-2.6217136,-5.8361917,-6.929955,19533.354,1055.3804,461.03714,108.26808,148.18108,61.582176,87.148,43.662273,53.42103,33.58639,50.00985,45.216396,59.99344,29.596823,30.973177,37.064484,56.03004,43.449413,43.182518,47.646023,0.43406484,0.26032627,0.33326435,0.2179192,0.24301006,0.4537987,0.33212325,0.30205795,0.21611902,0.3676689,0.38469392,0.2984731,0.13447572,0.036500085,0.106221825,0.059368737,0.039468374,0.12726063,0.0821241,0.10517205,0.037391063,0.10089716,0.11727037,0.050965857,29.37881886246671,16.08473859906422,20.082165009763795,22.059401649013736,21.803310133822364,19.74317178063102,15.709353939083549,20.43620099020667,23.96256154554332,28.724042586092704,24.186908037447097,13.519356151494707,11.606784679190149,5.7798016446448495,0.07404603751451239,0.0012352683138491536,92.28515625,classical.00062.wav,classical
-465.86432,180.2054,56.636234,11.02556,5.8447804,0.73191833,-3.9742084,-5.888048,-8.464273,-9.792967,-7.6927004,-3.2534184,-1.8652486,-4.019154,-4.1090255,-2.4697335,-2.3577726,-2.9964194,-3.223165,-1.7109013,1486.0372,434.66074,322.56845,137.49492,48.937176,48.353382,43.972027,43.32505,42.839554,41.53817,49.665276,45.229572,50.97398,62.89944,74.29444,83.59199,65.365135,56.031334,59.661686,36.39597,0.25638014,0.1772225,0.25013644,0.16080016,0.17695172,0.45994478,0.192076,0.13119672,0.12041736,0.18346283,0.37709394,0.23527592,0.10591874,0.049070545,0.115015686,0.06556579,0.019709488,0.16097718,0.02679899,0.05012967,0.040569834,0.056086432,0.16699684,0.06299214,16.752297909106648,19.085622964909756,25.99641520157031,25.09118353675607,22.38717054017786,15.703107273919423,13.503183049143232,10.584212155747535,20.014729038741468,24.141899338622142,10.284883346956319,16.17807683600046,10.658896681103078,0.8837189013683536,0.036054203753869966,4.399607313157024e-05,99.38401442307692,classical.00063.wav,classical
-498.68024,145.66777,46.47074,15.253132,3.067774,-0.8257452,-5.210668,-6.1987047,-3.8057752,0.088642135,2.7183187,2.2182076,0.2439276,-0.45965165,-0.87284726,0.58734024,3.2759447,2.2999613,-2.5685794,-4.8113203,4588.692,904.57294,818.2442,232.39001,93.3551,86.19522,81.34494,62.61912,74.41803,105.38661,87.04535,58.536606,75.31878,59.594513,44.404415,39.49076,54.602894,46.101,38.034843,49.480747,0.13228798,0.21326414,0.11767267,0.3151551,0.19685441,0.056659833,0.10438923,0.19398183,0.60182756,0.2663613,0.07038457,0.11831054,0.016830217,0.13142033,0.013965096,0.124397606,0.06843599,0.006817792,0.052888498,0.018571112,0.17926325,0.04280997,0.010171053,0.075687,16.09679438966806,19.911969648775116,25.275709681188175,26.046926471738306,21.077762217227537,15.748994241820851,13.798774407330317,11.05928454569766,20.962997035768993,20.832358245768763,18.060878475423078,33.39839825045318,16.03814080797925,2.7021807182433766,0.04229906395123839,0.00015406668958033303,117.45383522727273,classical.00064.wav,classical
-421.71588,172.793,28.1083,-2.576975,-3.565678,-4.865174,-8.889885,-10.696762,-7.6852007,-7.9576297,-7.334867,-2.717175,-0.9175328,-4.206839,-8.415389,-8.393858,-4.1280904,-0.41836646,0.086624786,-0.26054707,4849.0366,628.47205,1034.262,176.24786,117.020775,93.73135,107.31988,119.442894,104.739235,100.201416,127.03205,182.89497,164.88145,84.236626,59.369015,58.602257,64.792114,54.700356,79.33374,134.58788,0.1635941,0.35692453,0.49000946,0.28249216,0.1381985,0.17700396,0.18760458,0.11599459,0.09088236,0.15327975,0.18015473,0.15018739,0.043022078,0.12610714,0.13694254,0.11154561,0.037463684,0.06260499,0.092104,0.04060484,0.026734414,0.06738651,0.071152784,0.059802704,15.674579694476778,19.482898255966383,22.818403706586267,25.06910726279752,23.667176820797483,17.710565248597703,14.090786497165151,12.336436850316465,17.132587051208663,22.658950467379935,17.91078614435949,15.567706799193537,23.36200833347451,3.4153597613894,0.047511806428986066,0.00021502725432722572,123.046875,classical.00065.wav,classical
-429.35043,175.13577,31.91132,4.2821155,1.0457515,-5.7668777,-9.477815,-11.283073,-10.581982,-8.664747,-6.33389,-1.6819392,0.81892645,-0.18230247,0.035870627,0.20540485,-1.8460836,-4.415224,-4.9679823,-4.601114,4223.4688,895.7769,765.2818,149.26016,94.62694,67.22123,66.22716,78.163605,63.759613,72.83289,106.79979,121.11489,136.86017,100.011055,121.07366,126.506775,79.09104,70.82691,73.56312,88.99037,0.27219146,0.16109675,0.20583239,0.18325253,0.06995351,0.099701084,0.10599865,0.2832789,0.1879678,0.12434547,0.32101044,0.23043065,0.13429463,0.05006573,0.089929305,0.08923111,0.010265632,0.047974683,0.018512823,0.14777625,0.0787958,0.025301553,0.14749807,0.07054377,16.495299661090208,18.56924161198718,26.64820246293368,25.92367187894161,24.96091693335883,18.614439239139507,14.0285844728887,11.49120646523758,19.329825626891576,25.000549162258995,18.641159270665128,17.289760791650806,21.670080560621486,3.9649094832733547,0.04503222958591331,9.359442526931557e-05,135.99917763157896,classical.00066.wav,classical
-413.57153,143.4208,31.354317,14.031839,1.528158,-2.2939951,-6.4803357,-8.104998,-5.9279113,-4.468454,-2.7899303,-0.814875,-1.2128332,-2.3862698,-3.8151693,-3.519501,-2.7149518,-2.386343,0.621123,2.6633341,11536.833,2289.7373,1394.5922,183.0535,167.11578,95.1358,108.29998,117.18682,73.74733,74.10534,62.917015,52.01268,71.72131,100.60917,81.683556,44.5558,31.752714,45.69282,59.77935,65.311806,0.42254052,0.231947,0.2970721,0.21177362,0.3842247,0.31580493,0.17658606,0.3243559,0.1634273,0.12490911,0.16929394,0.38813493,0.12800859,0.036752928,0.12084999,0.04395484,0.134635,0.10558418,0.030335765,0.11872706,0.043392804,0.04988169,0.051853493,0.10488074,15.49289104810602,18.494579312421124,23.369457813245514,23.808431972099502,21.758484016116757,18.063492747284258,14.736224141316834,13.250500951135566,18.178834717651878,20.83749948305976,15.095756617735045,31.146983924307165,32.47113326858137,7.955682836129438,0.046355350836880804,0.00027309476553409395,143.5546875,classical.00067.wav,classical
-234.41783,130.25517,-39.531143,19.335638,-6.793274,-5.1301126,-3.7073677,-4.0360165,-5.071877,-1.3683323,-7.73577,-4.3820004,0.46520522,0.78497344,5.4507375,8.774231,7.0391765,2.416,-2.3088343,-0.24569996,4016.7559,256.43997,122.9606,61.268776,67.440025,39.47488,49.375103,72.02594,111.008575,42.25766,72.025635,83.45071,93.91448,97.22367,99.13761,101.24137,66.1867,95.81638,97.44306,110.04873,0.41676953,0.12567209,0.15850107,0.08215894,0.29507536,0.5276157,0.15229538,0.2886566,0.1442847,0.39837232,0.33066875,0.16738765,0.12351324,0.00885339,0.057751294,0.0096577015,0.063784,0.15330316,0.010269118,0.11898646,0.013395216,0.121520415,0.109983884,0.013371478,17.82293097856079,19.995354815816565,24.370626746532597,26.506910972814236,24.054825933902663,23.551447020835663,18.883993581656476,21.803921729340473,17.594254135208143,16.348763530721516,11.973568484589878,9.106667906548969,4.761002942160651,4.121069040971889,0.09520237217008513,0.00034002958014298204,161.4990234375,classical.00068.wav,classical
-321.1795,136.29668,-28.299364,31.01146,0.5664157,0.23202671,0.65548545,-1.3426684,-0.057697,-0.42475155,-6.180906,-0.14451802,-0.45611703,-0.7306296,7.474552,10.973123,7.8342543,4.3253202,2.9853892,5.849007,1763.7322,284.54214,197.36752,101.50264,54.276127,70.29281,54.013218,46.790115,47.8948,61.43663,67.26581,71.8515,93.53035,63.523632,98.9086,159.24666,185.5076,109.162224,106.972984,104.50368,0.39428604,0.124584414,0.17896467,0.074943356,0.23662882,0.43130136,0.15175028,0.29236794,0.119670205,0.34636113,0.32868576,0.1607232,0.14988108,0.009711005,0.06923551,0.0070995134,0.06574195,0.15051363,0.013327516,0.13282967,0.006378811,0.12633033,0.11896118,0.01842612,16.66392875830186,20.09987295933669,26.813827980349338,28.041573986075555,25.035876129488702,23.836978983866544,18.743791680323355,14.596190678021687,19.11802516199437,18.479788674903993,13.304188078881726,10.455045169475525,4.875915844718779,4.746898797568044,0.079280321812113,0.0004402575912009302,117.45383522727273,classical.00069.wav,classical
-321.19263,134.53426,-18.23528,22.17988,0.4295409,-3.805615,0.49535295,-1.1447424,-1.9025488,-0.10540186,-2.7555182,0.59320694,2.4970195,0.30708176,1.6812915,2.8881428,2.0844865,1.1636723,-2.393689,-3.4079027,7183.3716,573.8286,342.57654,84.6464,83.08907,53.930294,49.096745,54.47742,75.4642,81.96987,66.41086,105.75281,79.010185,61.14201,63.22432,61.81064,71.91346,50.019905,46.815533,98.3926,0.24016494,0.18247908,0.25182092,0.1688777,0.21252513,0.2716943,0.14158559,0.21744512,0.22609726,0.54008967,0.31467712,0.16349135,0.09725979,0.041788105,0.09856635,0.06175323,0.061441783,0.111867085,0.027607484,0.09125184,0.04507852,0.16784905,0.09122054,0.037461635,17.10595289901921,19.219748385848554,23.28945869910467,24.186453970966657,23.78362537073696,23.16116684391798,18.282210907278166,17.008460071574923,19.36252500196469,20.081572668957122,18.987346731418967,15.039243241381772,10.493181058919456,6.041113994416512,0.07085595854295666,0.0005649799720325683,151.99908088235293,classical.00070.wav,classical
-269.69882,136.47507,-25.00176,26.395002,0.6870049,-5.381706,-1.1201948,-1.5102577,-0.16106214,-3.78516,-9.28722,-3.1484406,1.6416065,0.67547286,1.8981234,2.2316878,-2.1227548,-3.6631796,-1.0772649,3.5317945,4964.147,407.80124,223.84926,80.477974,70.24337,30.033585,51.5614,101.44606,92.22066,64.46443,81.62598,94.440285,95.85923,119.385086,116.96188,95.73349,86.59681,60.105843,88.389244,165.11401,0.46530312,0.19248612,0.173071,0.104232185,0.18461294,0.29413238,0.12555902,0.19328164,0.09473375,0.20329995,0.22883752,0.2382978,0.18468341,0.04101667,0.08779344,0.02002244,0.06799661,0.12514515,0.018476082,0.088452615,0.010765045,0.08466907,0.09679354,0.058292013,16.11502851060107,18.11058569789694,24.138355798938957,24.023752825478734,22.96201645940801,23.525970411956052,18.687730613083364,18.284644353971746,15.14635989510341,18.998087669729216,14.877232718229125,12.381679137449572,8.845666979454782,7.400041180985093,0.07585706208881579,0.0005555695303103736,143.5546875,classical.00071.wav,classical
-360.83704,138.98073,-12.931411,33.80207,7.5938,-1.7090735,1.0358477,4.07697,3.9310114,0.93355,0.50411135,4.682115,3.340199,-2.2543888,-1.8542652,2.2155046,1.7880185,-1.5159181,-3.251121,3.9964302,6765.9614,840.651,200.94482,82.8518,57.215134,35.344753,37.59632,33.419075,54.513187,98.46227,175.77551,166.27852,76.89889,63.183678,74.50464,51.065704,63.901184,55.36116,76.71847,101.76704,0.31457388,0.19967651,0.32023475,0.26618284,0.24991164,0.47222045,0.21978188,0.175759,0.15546344,0.33544046,0.40430957,0.23974945,0.09062431,0.040342208,0.09934727,0.08136127,0.053407647,0.15260164,0.037334777,0.06492954,0.03399248,0.09375186,0.12869014,0.05360015,18.318130488730812,18.45275084646276,23.25446367719328,23.107680869014626,23.77295788715917,22.627737281704924,17.44444110938206,19.50869156526739,25.600972816011197,21.522231987751802,14.562715365445039,14.041959108225024,9.277883981122725,6.83892756327501,0.06374980347813468,0.0008180906180240629,117.45383522727273,classical.00072.wav,classical
-306.78555,152.90353,-27.586826,16.319193,-3.1550992,-8.931759,-5.4318347,-9.781289,-7.1121745,0.29346594,0.8718292,5.4160614,8.195814,4.202757,2.0560663,3.0276265,-0.39087492,-2.8138077,-2.9029148,1.3315637,5703.6123,672.4876,348.31934,231.13364,176.37517,104.5333,74.6769,86.77762,74.277275,63.57329,143.83505,198.90471,174.22318,130.599,84.090034,83.066536,68.21474,66.45075,102.209724,153.14526,0.4294951,0.15248899,0.28614494,0.15260021,0.19393383,0.46074593,0.14132883,0.1185946,0.061452027,0.1899469,0.24284726,0.16634926,0.16417433,0.012183121,0.14172062,0.049215894,0.03994913,0.16776384,0.020741057,0.049951132,0.0074397405,0.067380324,0.11273752,0.018648926,17.172133295413698,19.189181811734393,24.37360744815944,24.59969727839163,24.23045752381726,23.56196998818413,17.479920800408227,18.406911605973804,23.734442443524127,21.059139386165082,14.634237805971173,10.988703409687256,7.428350469131817,6.439148603189137,0.07093910240905572,0.0004923731769359239,129.19921875,classical.00073.wav,classical
-289.8248,143.90315,-26.996418,24.06762,-1.1449989,-6.2989807,-2.7494168,-3.5280802,-3.0203989,-3.1464949,-7.256325,-1.6778026,3.0785983,2.6800532,2.5299106,4.6131744,2.3748033,-1.2788942,-3.545693,-2.806715,7186.2153,441.50247,132.11247,70.00908,64.81413,68.782036,39.944206,38.094143,66.473915,57.474113,46.81045,54.70812,71.78786,73.95515,60.104755,63.39045,54.694557,45.061035,74.8152,107.16989,0.27739778,0.13734092,0.30272046,0.14736448,0.21253079,0.44993493,0.14753525,0.13911732,0.100378975,0.31582123,0.43945158,0.17932779,0.120628946,0.013335104,0.119482994,0.02771764,0.04702162,0.16837445,0.015157041,0.054692447,0.01351877,0.0825455,0.16074133,0.018579716,17.952705418952856,18.59004379532459,22.09042119534739,22.206150620502232,21.48063010740994,22.559824917226866,18.208451328782854,21.156093653855223,20.526235459480517,15.89196830418327,10.605740470938942,8.330792551724226,5.022185878326199,4.842656647328283,0.07211672189434984,0.0004889710119813614,161.4990234375,classical.00074.wav,classical
-412.95926,138.51984,-19.262383,34.14668,8.975063,-4.2944713,4.1525836,0.88195056,3.0793786,0.12249623,-4.0571847,3.7797232,5.917003,3.4958463,6.631978,6.7447453,2.4679754,-1.8811083,-0.058645856,2.7300158,3769.2454,799.73615,267.38516,73.62607,81.450165,36.029514,56.30143,57.839542,50.01325,72.25042,125.61653,123.16714,159.65674,202.2211,182.39093,113.944626,158.54344,200.62103,124.18515,129.36005,0.53589416,0.26084358,0.06875688,0.091380425,0.17037942,0.26330128,0.12949197,0.24329142,0.22036779,0.11388122,0.233776,0.27747297,0.13781607,0.088000216,0.0079692155,0.032910407,0.062110882,0.124565706,0.020166015,0.0948715,0.09010928,0.015756952,0.11314957,0.07380575,19.038452165361,21.03772537277397,28.346472543242385,26.20970190624922,24.452229896071003,23.334571951415693,16.42229184281556,15.152950562978713,28.081300060776055,28.821397489636198,15.697683138106752,15.103441407323757,9.136527627613823,6.943916623580633,0.0608847414376935,0.0006649315903955993,117.45383522727273,classical.00075.wav,classical
-238.59631,149.78308,-28.872143,28.239666,-0.80140465,-3.9247715,-2.135668,-4.334019,-4.1872807,-3.438998,-5.7715425,-0.12075097,2.51998,0.68883634,0.07483964,1.7069906,0.6496946,1.4659427,-1.8280259,-6.239791,5468.7026,564.0579,175.5503,78.975365,64.50698,29.746687,32.924644,29.281063,32.86356,34.518967,53.98551,84.16757,98.62433,71.03162,71.73854,42.941807,40.10645,61.300903,71.68208,83.02933,0.30526033,0.23003536,0.20068732,0.4150306,0.16568714,0.18385348,0.11607296,0.34255093,0.39286348,0.20949711,0.3670701,0.19690041,0.108612545,0.084557876,0.035588074,0.14239314,0.022484688,0.09441654,0.009918019,0.09965808,0.12497274,0.024599057,0.12288284,0.03021098,17.11074118007944,18.154096198429006,22.525528142266467,22.28581636299675,22.133820637995434,22.532042166910355,18.01305715549856,18.5881004407931,18.33783329054929,17.85777010869734,15.784695988740394,12.59603339885279,7.217021401258222,3.9941404854469065,0.07171347414376934,0.0005132699702846836,117.45383522727273,classical.00076.wav,classical
-477.97784,155.31071,12.760654,5.525207,2.377073,-10.652258,-16.648241,-12.547405,-11.190111,-9.378249,-3.2180305,-2.767349,-6.4684463,-8.300397,-7.093545,-7.4725733,-5.324364,1.2635608,1.8797898,-1.6579896,8595.817,1507.6683,801.0038,229.94444,96.00941,118.021385,82.82526,105.598274,172.66838,131.95593,66.12176,119.8088,90.35783,67.68258,69.68856,62.383343,98.55278,127.600945,71.294266,83.28969,0.1747345,0.094013356,0.28303477,0.40267977,0.19130106,0.3291451,0.19867522,0.19244286,0.27531815,0.16436926,0.15880817,0.1638808,0.06498751,0.010580993,0.11938485,0.14325808,0.0419288,0.15128244,0.05237277,0.06822485,0.11989728,0.029961389,0.06907193,0.061438184,15.356780602901594,19.84190512749045,24.888799929045042,24.703687101926644,23.603028046814792,20.468531198641745,16.700543079961317,26.503945087916616,26.0571778142087,33.47628477230499,13.910796751050617,18.42972494458908,19.270539550059326,17.20306431421923,0.04834475679663313,0.0002541968086546505,161.4990234375,classical.00077.wav,classical
-552.1063,173.36296,26.35445,14.122476,7.259276,-7.084969,-5.859201,-10.342716,-11.022791,-9.200838,-8.827268,-4.9302998,-3.6547,-4.282815,-3.4607012,-4.82143,-5.679628,-6.546866,-8.206827,-6.4508395,1646.9427,668.7209,200.92084,71.42247,46.244358,55.362675,56.49758,35.893715,59.96216,53.86517,74.35985,100.129196,62.62581,67.98492,55.429573,45.738197,67.593254,51.682987,47.630856,58.53096,0.25686595,0.23311993,0.1822309,0.40229335,0.15897274,0.13768396,0.10124715,0.29532975,0.4032751,0.19807784,0.21308972,0.119620934,0.107539244,0.08253009,0.026426397,0.16651766,0.035703223,0.07623002,0.016724447,0.091277376,0.13593073,0.043070044,0.102844626,0.012573524,16.53445362808551,18.979171202338257,26.06686020784042,23.550741675194633,20.964651552826528,17.921293915125553,14.760672412862082,14.392218198417101,14.686754568926295,19.636428244673652,15.393924700844018,17.81005725542434,7.554425619729428,4.218734412444012,0.04129340109810371,0.0001104614072530717,135.99917763157896,classical.00078.wav,classical
-437.52524,170.9714,7.386171,-3.108705,0.77730143,-11.135056,-12.523807,-6.900927,-5.8500524,-8.45572,-8.472509,-8.329373,-7.3738,-6.733424,-6.0883675,-7.0600677,-6.652507,-4.2910237,-4.3992434,-4.915998,4077.4954,823.4168,659.63586,126.46304,137.47354,131.41966,122.437836,111.21425,193.90236,126.53367,159.23375,216.94858,126.04992,93.30488,68.8326,84.071754,101.40364,73.11144,59.858353,102.88312,0.12176555,0.10357945,0.30335572,0.35567886,0.12747456,0.19534324,0.14056398,0.18211542,0.28738645,0.22788407,0.4085107,0.15907449,0.05278672,0.022578029,0.11682932,0.13080184,0.017150145,0.0862034,0.05312516,0.06308953,0.13052805,0.04940768,0.15653235,0.034680855,14.760773164377314,17.163138442815566,22.316001421766234,24.300665493997624,24.127296718119425,21.648793354361594,17.47977414769075,22.672230559574025,16.85625348051108,25.353168476179597,16.74149370619285,16.83151300511225,12.606047484264746,13.322625275554763,0.05211230771091331,0.00036424767605511965,107.666015625,classical.00079.wav,classical
-549.6238,156.95287,6.6107097,34.415283,13.258632,5.755012,5.0514054,-3.0009751,2.0665762,3.0773385,2.016796,3.2401438,5.6662607,5.7039456,3.6319153,4.0980306,4.334258,3.3654845,2.6289413,1.6571872,7729.442,1521.9211,545.0766,74.96007,64.60869,71.29103,81.44603,74.18004,53.492634,30.613953,42.94745,30.580942,17.284216,17.15456,15.411068,14.376279,13.84698,15.489831,20.584806,23.718487,0.36730337,0.3342828,0.3952426,0.48154753,0.4932612,0.38551733,0.55626905,0.525199,0.29237357,0.27279285,0.57346135,0.5793075,0.0712782,0.073009156,0.07004484,0.08979062,0.11768425,0.103758514,0.0878429,0.09094817,0.058248714,0.05722301,0.09894017,0.07702288,15.992384806581791,16.603788289178894,21.0750018216416,16.91316008228707,16.67965578021434,17.06147275061092,14.02682832644169,14.112795903297284,20.99407924475968,34.296074853324,14.192153442257558,10.156525951932256,8.646085610186656,1.48283640860137,0.031537602191369966,0.00012644724283644447,123.046875,classical.00080.wav,classical
-374.73544,153.82092,-21.555332,20.830206,7.003569,-3.9481635,-2.5215898,-2.8035052,-4.2827654,-4.4998736,-5.7614007,-4.259625,-3.8435433,-4.5857606,-3.6389863,-2.290349,-3.1275449,-0.21475947,2.6295168,1.8175368,3095.507,587.79297,226.22011,93.81006,67.85693,68.81,102.119316,61.25272,67.28491,59.156425,49.23237,35.57886,48.75225,49.80857,44.196163,46.811764,54.68907,67.00054,75.792946,102.77832,0.16070995,0.35965496,0.41993695,0.22230482,0.34362242,0.21863604,0.36222526,0.22203761,0.20798528,0.24850774,0.15748787,0.2789872,0.02048246,0.10577889,0.1295694,0.035443727,0.12956798,0.03276736,0.13210663,0.07180262,0.05537148,0.088548355,0.028377421,0.100406,19.445397825571998,19.31978040151785,22.539399194006997,23.75820156322578,22.739800872718433,21.286528238664626,15.970625382151468,34.01574881910215,17.86601770079852,17.80874552343144,13.483817554842284,10.102974930181015,6.157167235478201,3.0354787763144904,0.06055896865325077,0.00043377699265729916,143.5546875,classical.00081.wav,classical
-264.05682,142.12021,-51.35426,5.0189214,-20.266205,-17.137806,-16.06992,-20.311367,-15.042228,-9.738146,-8.402028,-11.775308,-6.8804574,-4.6050215,-2.0530016,-2.3747227,0.96407276,3.017726,1.3792968,5.554171,2923.8708,1096.134,347.5602,118.5859,127.87362,93.00065,92.86166,81.32805,105.743034,68.352684,68.66743,120.68212,79.645996,75.71647,66.63556,99.118706,59.2327,92.09551,128.4487,93.38258,0.22400059,0.17009884,0.27082688,0.22453596,0.28992236,0.3168627,0.33061302,0.38744316,0.2888444,0.3238357,0.31515336,0.25046438,0.07152647,0.036058053,0.08410304,0.05453784,0.08234269,0.092413165,0.08062086,0.11889265,0.0705602,0.097317256,0.09899956,0.07215362,19.719964924750204,21.51231108723174,22.244216238882238,23.544947146512335,25.573314642956646,25.99608114019026,19.77480250812077,22.579877313899278,27.875443007213644,20.51185955186194,17.902363813620457,14.248937298314507,13.187379156151538,9.980006146407822,0.08737929022349071,0.0009718535706666675,112.34714673913044,classical.00082.wav,classical
-338.7873,190.10437,-16.304815,3.704449,-0.44790432,-8.884474,-10.400301,-16.36604,-13.285849,-10.799826,-8.649679,-8.285074,-4.6188025,-3.792578,-4.5501957,-3.6639328,-0.94268084,0.53896534,-0.26442814,-1.564177,3838.1123,452.12228,679.1606,142.79118,94.30797,49.598637,37.945087,53.89563,36.434273,54.786377,46.265923,56.024307,41.41272,37.95167,69.999695,128.1383,130.50833,72.86956,42.479702,61.970104,0.50768745,0.17888807,0.19513717,0.08816951,0.22353691,0.4096912,0.14107189,0.2164584,0.15860377,0.47568405,0.2028046,0.13797513,0.1483264,0.018011983,0.08950642,0.01058758,0.055318672,0.13310301,0.010677199,0.08264897,0.0107193515,0.15411742,0.05049134,0.011323384,19.917541838133822,20.07159251056802,25.722058595895238,25.344218277075782,26.33911850604528,22.07875675237665,16.305335040792894,17.98171896817099,16.587853587092052,22.794742198338955,11.300331543385044,11.295452324609506,11.713803166205066,4.097046157551242,0.05079296572658669,0.00011676646906376446,123.046875,classical.00083.wav,classical
-369.13687,171.89467,-27.26967,6.0176663,-0.14046438,-10.669235,-11.915659,-10.193318,-11.368732,-10.511279,-8.377621,-9.789241,-5.0547614,-5.081166,-3.0338256,-1.7272464,-1.8499658,-2.2594447,-1.2759857,-0.43458486,5788.299,226.92068,577.9719,173.99934,277.80853,114.73089,76.67449,47.095516,60.89887,44.04306,36.47949,41.138405,45.377193,72.779015,53.551422,49.93647,59.482616,50.333675,66.30406,51.799026,0.23021162,0.14386708,0.20854329,0.15709439,0.11341259,0.2116206,0.18951312,0.59012413,0.29079598,0.19030252,0.43354627,0.18646315,0.08975206,0.028401103,0.053909704,0.02807384,0.020205712,0.06688578,0.014790238,0.16328408,0.06840848,0.027635226,0.1685683,0.027567072,19.869066947998295,18.810409291043555,24.007202629488503,22.90185228242788,23.6864202591386,22.325243571790516,17.12288161516835,20.15065082453787,21.920246639970994,27.988725994003094,16.612865972353223,13.455167615657158,12.118430465381572,6.128784312220466,0.05794825125773994,0.00017856223954644258,112.34714673913044,classical.00084.wav,classical
-246.21837,149.44388,-41.973816,11.606411,-10.287587,-4.0184045,-7.1389456,-10.137027,-9.425965,-7.1766233,-3.1531363,-5.6295013,-2.5816011,-4.5165157,-6.1636004,-4.9719005,-3.3493166,-3.344111,-0.6730955,0.21787964,5847.719,1479.1447,240.65865,97.40813,61.160763,57.145958,45.8366,68.06353,63.528976,61.723656,77.81263,61.31371,94.07569,43.978798,34.22962,30.368246,38.740887,44.93668,51.08561,79.142914,0.33705446,0.22709903,0.4994972,0.29690698,0.3628234,0.34920207,0.20812117,0.39186662,0.21881813,0.32088867,0.2974929,0.20590964,0.10044437,0.027526245,0.14236845,0.056940414,0.09237718,0.08423739,0.030556718,0.11465945,0.027090887,0.07949775,0.06779226,0.033527464,17.93896817496274,14.876906585079004,19.220480308314716,20.53355336335516,21.982438786150865,21.66559250789543,17.209604967151527,21.759384621806078,15.025484189209102,16.223238836093042,11.15309502348515,8.80275775420989,9.864963787044212,4.797322584735251,0.09158788155476007,0.000849926122151579,107.666015625,classical.00085.wav,classical
-283.4352,159.55325,-29.518972,18.540627,-9.879668,-3.4205968,-10.990983,-9.78434,-8.296976,-4.2428293,-2.8664072,-5.969815,-4.0209274,-3.3497477,-3.3910906,-1.8592801,-0.4466216,1.8976356,-0.110351466,-2.8223317,5395.356,1287.5406,164.67859,101.00734,112.43903,51.78403,44.131084,43.335552,35.59005,43.270935,53.98547,61.98937,62.507534,54.815582,53.69678,56.689857,68.54776,56.360233,59.028637,50.091187,0.19158588,0.1663486,0.34820637,0.46222633,0.23383796,0.40053943,0.20452014,0.42834908,0.45538166,0.2614721,0.4231486,0.1699648,0.045591757,0.03391788,0.08017129,0.12062099,0.026574433,0.120755695,0.019742934,0.10174125,0.116428845,0.02604192,0.11688503,0.015231837,19.886112437372553,14.84205200259493,19.441038928114974,20.313172590570783,21.7162276447742,21.371193404108862,18.941322093650005,22.801304371587285,15.98075271930432,16.979229165134445,11.56467260460802,11.898358000375705,8.495297020667778,10.695144159865308,0.07686121323529412,0.0010085277404535057,99.38401442307692,classical.00086.wav,classical
-393.0342,190.77562,-13.312164,8.263634,1.5518677,-11.0807905,-11.244869,-13.998271,-10.6206875,-9.390383,-4.6135573,-10.067735,-4.815257,-1.7492368,-4.6786695,-2.1273618,1.0223786,1.3087287,-0.15664078,-1.4133813,5062.973,382.81015,589.2217,77.20023,66.58989,53.965897,43.910175,34.28404,48.66541,42.032272,52.055588,58.37226,52.209297,53.164516,47.90348,50.107643,49.506096,62.611614,66.869354,77.56077,0.22896484,0.2148632,0.40248883,0.16071229,0.21933028,0.12500189,0.2908188,0.45112738,0.23991334,0.43308738,0.18514155,0.3419278,0.054043837,0.03769399,0.14591132,0.017676277,0.08068943,0.026848424,0.075801075,0.13815646,0.02844253,0.1454596,0.015233924,0.10454856,18.7765279276621,18.897384382150012,23.955659989216922,23.704300502162447,24.6636516948099,21.595353634560958,16.437863895546666,16.837498541977908,19.41208865368358,19.52459615444595,11.62697921615103,15.115215767440484,13.56548016067992,4.428019208188463,0.051046554518188854,0.0001581971071001579,123.046875,classical.00087.wav,classical
-299.7918,157.32382,-37.35202,15.766813,-5.7569356,-4.4540663,-6.8151827,-10.736592,-9.884847,-8.157444,-5.422234,-7.8400235,-2.730619,-1.1097302,1.6480836,3.6400816,3.083553,0.10869988,-0.796485,-2.7367735,4947.733,331.75192,195.30608,85.482605,84.71599,56.0235,39.134075,40.99635,47.815384,57.24659,42.320786,51.688046,43.11777,54.776352,64.573044,58.935444,73.30126,70.14648,49.047955,47.664825,0.34129426,0.2529214,0.21154615,0.31092003,0.14867634,0.21900976,0.14118482,0.39683026,0.55554974,0.2745469,0.46130672,0.21650025,0.10009548,0.07404852,0.040375296,0.08775553,0.018547468,0.06740023,0.017420016,0.10432876,0.14039132,0.028319398,0.14143208,0.02164594,18.266594746451805,15.638857458615027,20.7697926815907,20.53083863745581,21.665901606486255,22.147449676795315,17.22517168006777,17.42628597303408,17.792084144758707,20.81415123557548,10.19446067528642,8.871583723464688,8.179904786875086,5.7719611938940965,0.07053623258513932,0.0003953926229318331,107.666015625,classical.00088.wav,classical
-301.92847,57.542442,-59.13327,33.542343,-20.91211,17.741283,-0.6430504,49.023754,19.13011,27.098505,-17.633902,-0.26254904,-3.7518337,18.160437,9.950029,11.609912,11.278923,15.386705,-7.4021535,-5.847584,2619.3757,819.7811,253.68788,82.10302,72.287125,85.08117,194.60187,385.28766,237.26169,353.88858,590.56946,250.04373,289.56668,329.9948,124.17008,52.277477,49.5876,160.14642,129.48149,239.67725,0.18490352,0.0934217,0.061236314,0.18328846,0.27507263,0.08941834,0.124279305,0.07527596,0.36874184,0.3404348,0.15641591,0.65541774,0.019563023,0.04448071,0.014976721,0.048657183,0.1137621,0.016133603,0.036437634,0.009670651,0.12517197,0.114250466,0.015474693,0.17181794,18.201851042398303,12.997340792917747,17.51588318999111,29.199545369402042,28.80529498551556,25.986609775884897,38.050371137710606,13.87970440800604,16.956984454176627,20.86728522619747,17.037503790905596,13.699072845225793,7.772393078400347,11.901443287486002,0.16668644482875386,0.0011247563354294578,99.38401442307692,classical.00089.wav,classical
-326.31674,85.9087,-42.98692,31.837812,-19.576056,9.992609,-16.461275,10.000379,-8.5993595,25.513212,6.5387473,16.400179,3.5028574,9.5951805,5.9227586,9.285647,9.963878,9.19915,2.789936,-5.384016,1251.9402,337.89282,170.44962,66.99159,81.069305,52.433285,56.443947,54.887512,81.47487,165.81862,128.04018,173.0264,193.7779,130.86826,162.69614,120.9134,92.14962,105.92965,125.704094,210.741,0.16772549,0.28699318,0.12965351,0.26353773,0.15776211,0.07338659,0.17544758,0.22691491,0.48707,0.27387616,0.24192198,0.14773375,0.049237452,0.13393605,0.018209623,0.088428736,0.05507184,0.009327893,0.08974354,0.06857914,0.15819892,0.09273712,0.0987851,0.048219513,19.70232455426847,18.725884054939765,25.3759061674196,27.169036177829202,28.182645636613323,26.927422447892194,35.782031196558805,10.100860041790408,47.58879664883073,19.14273925207312,11.30374858002961,11.545892545435365,7.5072109147158645,9.311973815918662,0.151986231375774,0.001956377114407654,117.45383522727273,classical.00090.wav,classical
-251.3183,88.73774,-41.7524,37.908646,-12.024273,21.6241,-5.8539314,25.719711,-5.185972,14.30118,-7.5509515,10.464781,-4.9288926,5.2614264,0.29795012,3.31159,1.2643408,4.7684903,-2.0682452,1.1370711,3221.049,229.38359,144.58717,65.925186,112.45356,79.78429,128.92603,132.80135,213.27124,207.80386,243.39415,217.75464,235.02487,162.69647,90.22961,56.163742,68.64617,109.58013,121.17059,188.14345,0.14311521,0.29279026,0.131413,0.24408004,0.42175397,0.17629766,0.20674331,0.14152165,0.33824348,0.23952928,0.09838598,0.27573583,0.029255303,0.1355817,0.03237152,0.075505964,0.1545078,0.03028305,0.095093824,0.033580642,0.13203862,0.0759455,0.016318616,0.122082114,17.281824699774013,22.042498803543324,22.564185260416647,26.578205067404884,27.37032509984048,26.19878663350388,38.379622332744454,18.869733212746954,20.436028084501455,17.8628837456865,15.463245052039976,11.914533968130659,10.388787684525827,13.215780942143196,0.1524378537393576,0.002070954158138178,143.5546875,classical.00091.wav,classical
-299.7126,103.67624,-27.657272,51.028336,12.27966,16.508783,-10.941353,-0.89493364,3.8351676,12.960475,-12.398089,2.4647222,5.1784363,-0.7386148,-0.6141988,-1.1869742,5.9202952,9.812801,-2.665085,-3.084117,5248.2354,657.1335,288.4543,109.594666,147.33151,69.59874,95.61293,127.120674,318.72025,214.73016,346.51218,266.0531,231.91312,177.48032,78.703384,92.840706,117.078,171.03546,263.62787,457.2876,0.28995737,0.092480406,0.04283281,0.12819572,0.28126407,0.12580231,0.12646419,0.068402365,0.10203363,0.40023547,0.17951292,0.33637047,0.12782313,0.027094563,0.013383835,0.03592573,0.1605032,0.033118427,0.06732669,0.015871404,0.041131463,0.20332737,0.03113325,0.15644847,15.846670523785424,20.431127546893595,24.501971710423895,22.69139419522231,31.932752049150412,27.8229199491712,34.087635369931164,21.118312149696106,23.02858706458806,17.279074490708815,15.884591387773243,49.301625743746925,22.698177412884387,18.24098280873331,0.13095801385932662,0.0033780480823959362,129.19921875,classical.00092.wav,classical
-207.37747,117.60778,-41.404255,13.253087,-1.6882402,15.532319,-10.362769,-1.8636898,-12.762171,7.0103326,-0.78136885,2.0718129,-8.264468,-1.4701028,-7.088128,0.934685,-5.539219,-8.502519,-1.487559,5.380053,1670.1836,212.77985,546.6679,155.59552,69.231705,106.660385,160.26979,141.6761,96.08225,128.13196,209.90186,160.10277,185.84773,203.58879,121.81698,53.455334,85.85936,107.12595,131.32053,168.67432,0.25621524,0.100533254,0.21928854,0.16476284,0.4267955,0.43200055,0.25512332,0.41458172,0.117269754,0.11135347,0.061259132,0.16442153,0.11125179,0.011969109,0.09312644,0.031316675,0.14315687,0.13296591,0.058785003,0.16330658,0.015992748,0.051120963,0.008064831,0.048200093,18.11268518008941,17.24189623901791,21.235150759522398,24.94048236275063,25.802953217885307,23.41751414794168,35.811136046542856,25.86835008151596,18.64591002262469,17.750010721644124,16.303563252256964,14.34684886533902,9.832949633620355,13.687159270037895,0.10825822670762383,0.0008627775037839071,135.99917763157896,classical.00093.wav,classical
-385.7943,128.62302,-26.731682,39.48326,-2.173462,16.760437,-5.734195,14.724416,-3.0906627,12.3112545,-5.892707,2.792582,3.6800177,10.925795,10.535347,9.91729,6.108795,3.5327852,-3.3188179,-3.675154,9370.5205,408.0102,453.49713,116.46515,173.32143,60.718346,127.46745,71.86254,124.264755,81.6106,100.71489,93.04651,115.72557,72.52523,67.17956,73.10083,45.889965,44.172733,66.428246,84.66482,0.4261612,0.33499065,0.53152627,0.3251379,0.20121357,0.21861772,0.35243002,0.44692793,0.29529127,0.48474535,0.548915,0.26122883,0.14285965,0.05456335,0.11883793,0.067133665,0.033559795,0.03903632,0.08408956,0.10556858,0.05462738,0.08992971,0.10438098,0.037853677,17.614722124149417,18.150099159258314,22.224898798452532,21.92222373296911,21.795835678595015,21.164996000127726,28.733429701915348,17.20261918172864,22.824886842011143,22.47040546489058,14.992656793961293,12.088170848748044,11.539107961441273,26.149138086935533,0.07015490458107586,0.0012338686304916744,123.046875,classical.00094.wav,classical
-422.60803,89.84974,-18.716208,37.78641,6.01675,4.1617336,-1.9914651,12.111292,4.1678967,13.7912655,2.8296857,5.886289,6.122228,8.141636,12.356573,7.095123,2.4118736,0.78016424,-3.4258897,-0.7502803,6855.349,1013.7499,438.13806,108.9054,139.24797,79.46143,106.13329,123.32926,129.48561,148.80559,84.45614,106.034225,248.07909,183.17856,128.71269,136.56941,126.06103,68.3424,162.61028,159.98251,0.29374483,0.15837926,0.35647908,0.16857427,0.124939874,0.33645564,0.13233185,0.22108497,0.1783144,0.22481477,0.3808311,0.15476161,0.12273375,0.02419479,0.14158514,0.05467145,0.021238295,0.15327947,0.023897745,0.11248711,0.07898577,0.050349846,0.16057271,0.0228134,17.9639997278051,17.935223156571567,25.42903082848424,25.79675386013823,26.13271107983257,25.31551612529082,30.107838711074237,12.329899809586614,32.82778090483894,28.858898738824234,24.823416241745207,23.667266416625317,19.87228131300198,23.850327023653904,0.12435714674438854,0.0038561395678988544,117.45383522727273,classical.00095.wav,classical
-203.61938,111.205956,-51.536655,39.485825,-10.562026,11.9137125,-13.181607,15.123319,-7.2917,13.3770485,-7.313064,3.8404088,-3.7820065,5.304,4.108333,6.6450543,2.9929216,3.5416892,-3.361932,-3.678782,3763.504,948.39185,173.68427,64.97092,130.28291,64.08245,97.08681,107.80027,72.42197,115.56018,67.21441,109.56846,87.820114,75.90838,71.89166,49.1906,39.995594,52.941273,87.02623,108.22278,0.21410686,0.36736655,0.59914184,0.25106236,0.22123548,0.17684296,0.21991357,0.29536378,0.21187405,0.46882054,0.2910216,0.19967134,0.06141467,0.076317504,0.12816355,0.03411808,0.049427956,0.031586334,0.051943786,0.11817024,0.026201036,0.12146424,0.07396132,0.043883644,17.582677225529224,17.469688065587103,20.79672086287636,21.01095711220621,21.455799624462745,21.655876970629368,36.45247980697377,19.503526737891452,24.014679201153307,20.19981552422891,14.318329396672716,13.530808327121132,9.34807926275549,16.841477153069413,0.11752045339106038,0.002381334411136866,135.99917763157896,classical.00096.wav,classical
-280.7256,122.72235,-14.398866,26.855799,1.3519739,5.9942274,-13.104071,3.3753617,-11.5543375,5.1937947,-1.0517688,2.7634673,0.06284391,1.3419089,1.5190892,-2.2132604,0.7730354,-3.9691277,-9.1357155,-6.9251537,1130.3523,230.00793,169.56026,37.550934,62.88182,50.331993,67.24378,108.36004,80.09638,72.15063,146.39662,129.98788,122.81366,137.58405,119.90067,96.75396,74.38684,52.44657,117.90245,104.64395,0.3505909,0.23697688,0.2439518,0.11162045,0.37925112,0.19719933,0.08268535,0.17918262,0.17020504,0.33155942,0.13529648,0.24935348,0.121005766,0.065093555,0.124252,0.009896405,0.14810319,0.06683309,0.016240608,0.08167743,0.028883863,0.1366476,0.019485267,0.08212594,13.503280263346497,18.211263185639254,24.18043250800372,24.70833465531357,24.599654624739898,22.962598088701625,35.0379993272694,14.09559711669856,18.560035856715466,17.36129806267337,13.701167320541943,9.388249748814411,5.6944329222630845,9.808293367984684,0.08592124915344428,0.000916833768482446,103.359375,classical.00097.wav,classical
-287.521,101.73793,-35.369,41.282764,-12.745122,17.284992,-13.978299,16.311884,-5.599028,13.664283,-8.790593,-0.05710604,-13.769376,6.4802904,6.7078853,6.9852624,7.031875,8.390631,-5.610771,1.377122,4978.1475,304.9912,212.75769,56.05609,128.15903,53.4817,100.46685,62.27668,75.245346,83.82726,150.45963,71.32221,128.3364,68.94967,129.94756,59.88667,83.65748,71.209694,61.388752,124.087654,0.3980356,0.1438681,0.112386,0.102712214,0.38788807,0.5834692,0.27812976,0.28324118,0.1927616,0.5180961,0.31035975,0.1687272,0.124562256,0.01776266,0.028412007,0.010777269,0.07469351,0.121446155,0.04213997,0.0986716,0.01813412,0.12336217,0.10907873,0.024186466,15.678894827642326,18.68753875030629,21.492184678730254,23.96948404220932,24.47843616903345,23.649163985458994,34.843836962339026,18.261423338721414,24.477536916962993,17.964159635917806,15.669858484119404,13.981585386723767,10.048998826026402,22.770541876346904,0.1234924505369582,0.0022108682384566745,95.703125,classical.00098.wav,classical
-378.73932,126.49873,-18.81513,42.87581,-14.305189,25.34269,-14.64103,18.704288,-10.188718,21.10809,4.4370375,18.225647,-10.274281,8.953815,1.2109159,6.280114,2.5284436,4.3861523,1.705409,9.987649,490.2618,156.80084,35.574627,34.342068,56.96587,37.406826,31.418755,39.429657,77.68007,63.35282,36.40395,65.96274,53.423218,69.76292,96.1104,89.44857,90.82164,56.95451,74.88054,108.03212,0.3058466,0.35233596,0.3315962,0.35232368,0.39388478,0.22775613,0.42456844,0.3653213,0.2526898,0.32067546,0.29921988,0.38044915,0.062991716,0.08374092,0.073085174,0.0802782,0.07995376,0.035386406,0.115871005,0.09385305,0.05369872,0.07694388,0.06342552,0.089335255,17.00264966099846,18.415587084562677,22.533887901318515,23.563937077433344,23.450183478204487,23.748291113763436,31.674493722162676,12.67506015805466,14.63241962175129,12.363609653346948,7.553328951694632,4.915697872652936,4.48590827883274,6.386643363212801,0.08068318558920279,0.0004058783080735099,117.45383522727273,classical.00099.wav,classical
-23.184357,70.25887,3.818911,28.329025,13.76447,5.725915,3.9781454,7.4515557,2.6495175,8.495177,-2.2885163,2.0798767,-3.3781197,5.1236925,-0.1764189,0.35927165,0.58419937,4.0280023,0.92438954,4.08801,1017.44836,340.23294,236.36308,135.61676,111.2569,107.63685,86.00229,63.313732,61.08912,72.37263,73.146,41.931267,62.730747,50.523506,51.96574,68.758995,54.183468,74.10346,68.672386,73.81277,0.28052217,0.42588824,0.3356832,0.36554587,0.37006107,0.39176187,0.5886548,0.39377785,0.46288225,0.32935196,0.31432056,0.3441009,0.041514046,0.08531652,0.06902099,0.0597092,0.08856787,0.055398162,0.11909418,0.07123714,0.106647335,0.063044675,0.06200367,0.07994029,23.763531403294714,17.34452435133434,20.865846068056896,20.05910346444542,20.092064996066227,18.859529632319784,17.670853889626585,23.7682434004426,16.109493454399363,15.399986424688265,13.345284915739553,8.706210350906947,9.187486364436625,4.449504133473697,0.10713729622194272,0.0017545319449689164,161.4990234375,country.00000.wav,country
-8.001197,62.728,-1.4580804,28.115849,9.9723625,9.353735,5.420156,9.825023,3.0283055,8.426978,0.31103772,6.545156,0.7390595,-1.7741019,0.8506021,2.982779,-2.7668254,2.8226826,-1.7435719,0.9709401,360.50742,93.1783,148.33768,60.726902,73.608116,106.510605,49.54884,53.33194,60.79453,54.81969,48.333443,38.091114,31.048208,48.359177,47.629158,37.212177,46.117485,48.79302,44.396854,48.089703,0.3154601,0.41503832,0.31889656,0.4466179,0.4165378,0.45446497,0.6390807,0.42107573,0.37973574,0.261252,0.38857222,0.509773,0.036194738,0.06827202,0.03839448,0.09288681,0.09304095,0.056021634,0.09655213,0.060775522,0.085380495,0.035798285,0.06685529,0.11495831,22.530746114158543,14.469931796941381,18.707287444230705,19.21267114315943,19.307675646068223,18.263935231281238,16.729891493656194,16.411317420782762,13.806382498960147,17.765045564738287,12.50297910671862,9.563662512991579,8.064081367505848,2.689335682447813,0.12698751632643188,0.0008774587227016181,129.19921875,country.00001.wav,country
-120.72672,79.31613,5.453445,34.812138,16.550337,13.15254,6.2395873,9.984545,-1.9874375,6.7651973,-6.290685,0.27700418,-6.7018785,1.6440433,-1.7412103,-0.6663897,-4.842762,-0.28317082,-5.389651,-1.9393586,1686.3235,448.62238,351.10284,187.79056,100.041115,84.32723,65.78799,55.02258,92.27662,61.697186,50.167606,52.75618,63.64689,50.47127,42.813232,37.428432,35.774128,40.641186,43.870445,61.407314,0.2634401,0.3248739,0.25171086,0.2522813,0.36251307,0.26189265,0.22917199,0.22256319,0.36990932,0.4679856,0.29578552,0.26483583,0.0888628,0.11542785,0.07452072,0.07119675,0.13473347,0.080860555,0.078210406,0.054115787,0.09840422,0.15692839,0.0668412,0.0900881,18.79531030770221,19.653877961586993,20.175102844869397,18.569506864685582,18.93736237104738,18.3840708066661,17.42703702775832,20.697978462893627,21.598983047924033,21.504581792404508,17.958390552415977,13.77322828533351,9.8208646512544,5.253769144192718,0.0741337165005805,0.003980829216851441,161.4990234375,country.00002.wav,country
-57.75979,95.76648,-10.109319,40.979637,13.979035,-0.9898583,-0.18847127,7.4250774,-3.6333375,9.545139,-2.9410646,2.4362512,1.9947803,-1.2870497,1.3565392,4.423685,-6.5204806,-0.034598526,-1.4115794,-3.0789082,1337.1653,823.8119,414.27032,193.22061,133.6319,171.42763,107.00304,100.90501,103.60408,80.60195,74.62041,80.11866,53.288246,85.47224,51.67783,61.05912,63.7305,47.372093,41.11413,51.755867,0.30632702,0.3565917,0.6214756,0.34400603,0.33014697,0.23276818,0.3699312,0.50710285,0.37883723,0.4702666,0.27344304,0.33295572,0.060552504,0.057815086,0.13345538,0.04151665,0.0699529,0.038870305,0.07574672,0.11362235,0.057107277,0.105529174,0.042418834,0.08127821,22.196615286529035,18.11204313102397,21.76578323802778,20.790941348957166,20.46390901799432,22.13486944012374,18.774480276252536,19.189094258712522,16.524749918154868,18.67191545147886,15.868581366097242,13.428922055749508,15.83518525654542,9.095900987825837,0.1025643835864938,0.002366501392879316,161.4990234375,country.00003.wav,country
-20.78135,62.950428,2.3044403,30.773718,6.973462,6.5058117,6.3236365,9.873086,3.4352968,9.372202,-0.404158,7.5194154,-0.9842739,4.0191503,-0.66244876,-0.061251897,-0.16676487,0.24374026,-5.4381933,1.8272817,381.67404,156.56825,161.45715,93.19163,62.151752,115.17589,69.03253,72.264435,52.189114,55.3079,52.405174,41.743782,43.462444,36.692596,33.740776,39.290096,43.14302,48.175987,33.76489,44.119907,0.31379935,0.23277383,0.21850555,0.3611488,0.5383796,0.35542595,0.37827784,0.32234073,0.44787928,0.37981826,0.4103556,0.6344665,0.041796606,0.039174072,0.03620429,0.056169942,0.12122084,0.05154539,0.07661647,0.04962085,0.09774057,0.08317321,0.06345082,0.11353671,22.338170616687755,15.698051967034505,19.609473539459316,19.323552519581394,18.62033787815563,18.174621598991862,17.003658860873838,17.503286163534767,13.241881708449158,16.161388479692494,11.921239854134859,9.186935770086619,9.41558976500092,3.00636888300831,0.12416100280572756,0.0012625676280788609,117.45383522727273,country.00004.wav,country
-24.692423,62.388386,-7.768985,28.530289,10.947266,5.6092887,0.03292085,13.834209,3.0137303,9.866081,0.8187445,5.8707213,-1.2669297,2.994797,0.94076425,2.08431,3.0438795,3.0530632,-0.13393758,3.6150692,756.0686,253.85445,233.49553,132.34769,80.79886,86.28645,66.92443,67.92384,65.35636,95.01069,69.237885,57.308945,61.29837,60.395718,45.636414,59.307144,46.166233,50.101913,59.417274,68.15683,0.44179153,0.4134043,0.4967867,0.3653979,0.44029227,0.35305074,0.4059052,0.5253201,0.37218404,0.41380906,0.3345316,0.44575018,0.0879778,0.0710148,0.10407732,0.06088622,0.09415461,0.06380641,0.076401606,0.10962872,0.060086202,0.09893081,0.050813574,0.07975841,21.514782673502804,14.872165374020977,19.01987940943963,19.061713359183017,19.63874705841702,17.685055701883538,17.485122799202326,21.184264919922995,15.509011225955913,19.194765319766834,15.399245629893096,10.211879028708164,7.137564410596426,4.302788706918416,0.13645079999516255,0.0022453327902364614,129.19921875,country.00005.wav,country
-23.14604,71.355415,1.3973156,24.474508,16.34997,4.5169725,-3.9798617,18.038275,-3.358467,2.474037,2.9799597,0.8368246,-1.1464859,0.16857764,-3.3017209,0.18618393,-1.2149609,-1.5663674,-2.7524984,-2.110104,592.4549,429.33377,273.27902,136.78217,155.82019,128.38634,78.80948,66.5552,70.74507,58.22964,48.431805,44.75266,58.74712,58.359756,42.31933,34.909775,43.246304,36.469982,40.798946,41.077328,0.3887967,0.3234069,0.476485,0.40385818,0.45310125,0.6433824,0.42294136,0.43792772,0.2967219,0.38407022,0.48447037,0.33484098,0.07900322,0.04686593,0.088384874,0.07831027,0.052379094,0.08989999,0.045007136,0.09599372,0.03944963,0.071581684,0.12718777,0.048532635,21.874015382563574,15.994286549324165,19.3493308553263,19.516595564634443,19.374126321503347,17.99360095483101,18.50057275739273,19.807403410958315,17.98480665623345,18.429897077644792,14.307394965989554,10.319704786187643,8.189740902925555,4.818096908092586,0.12843724300986842,0.002807551306254005,112.34714673913044,country.00006.wav,country
-20.81746,64.90752,6.7671013,26.357126,11.665423,13.185629,-1.9791067,8.582197,0.4728952,7.441096,-0.4149094,6.945586,3.6606066,2.0337164,0.6502081,4.3827734,-2.802764,2.975754,-1.840282,-2.3632526,803.5951,336.99374,193.94774,114.97886,95.302284,66.47628,87.22188,57.27099,53.58169,59.18075,55.206753,45.887993,41.3293,49.273045,38.372334,44.913227,45.405582,46.186676,61.598816,62.530766,0.47495064,0.42914683,0.38608167,0.52029693,0.36138865,0.38551614,0.3128998,0.42753583,0.57939565,0.39890066,0.43052408,0.35075384,0.0773651,0.09847002,0.07973831,0.09286238,0.06973045,0.08370715,0.047615655,0.06673541,0.11520792,0.055605896,0.08409242,0.055087518,24.02703455395978,16.128659046621575,20.01899883670056,19.3745237326054,19.9804394559699,18.564707193130037,18.211418358028258,17.11211498403563,15.564018282914452,16.80137084803871,12.65827485346298,11.397606019730647,9.98541573653778,6.523757759816623,0.11293582502902477,0.0017841540269934227,103.359375,country.00007.wav,country
-19.72382,76.66849,-4.84972,32.24758,7.6701546,17.224527,-1.4669178,9.14332,2.7177043,9.111842,-2.6976073,7.5035057,0.33303133,4.9300003,2.8014672,1.8928756,2.4545383,6.401708,-3.3361027,6.3192244,524.5238,369.38086,158.29826,153.5803,120.220695,125.534325,60.55662,55.273197,94.42163,81.84391,62.59008,85.20269,57.889477,75.921074,79.25683,75.953545,77.01719,113.24454,72.82321,73.6528,0.3554324,0.36295074,0.2674348,0.32243434,0.4836383,0.38000187,0.3895171,0.28072658,0.39218432,0.29954395,0.26641122,0.46393046,0.06112098,0.10067563,0.04422664,0.06302927,0.13397156,0.07937155,0.09043834,0.038827788,0.10416772,0.072461255,0.047727782,0.10332437,23.68048190928465,16.341030732853884,20.928468084177613,21.095882082059795,21.40272294651331,19.408244721430602,20.097275582119387,17.315167553787138,19.16822368197681,16.709245088276152,11.934681804501176,9.926057185803542,13.203183264146727,7.085451639745775,0.10473972946497678,0.0011869165065684375,129.19921875,country.00008.wav,country
12.1632,58.97738,0.91886264,26.749123,9.254704,3.5763056,1.5831512,8.648173,0.97104156,11.627411,-2.1597261,1.1948514,0.47236934,4.408359,-0.17110048,3.0999486,-1.1844648,4.545524,0.8650014,1.2720963,190.95024,144.17577,182.74976,118.4964,75.630615,86.30579,68.64127,51.142918,61.401993,45.16567,44.18353,39.914753,39.238976,39.14267,47.349438,42.751762,34.34652,28.028929,36.131855,35.547382,0.34383747,0.3303407,0.49316472,0.28181046,0.35551122,0.43218753,0.4813438,0.75304806,0.46484616,0.45497367,0.3934517,0.37251613,0.06794701,0.039857667,0.073706225,0.027542701,0.060292963,0.07869216,0.0553074,0.08675192,0.048356257,0.06362717,0.07238515,0.049200956,20.333068122716963,14.986981900537133,18.61953775465387,19.175487089523717,18.71219214353067,17.713230152488027,17.10245890717085,17.62808835455659,15.377782625527203,15.61673388873902,10.418021077923203,8.272845450829516,5.578906528533245,3.067059469642813,0.15687886996904024,0.0016092838686761598,123.046875,country.00009.wav,country
-197.73265,106.509026,-4.4345407,37.64394,-0.860655,-0.9555023,-3.4480147,-0.05124232,-9.299326,-5.1646576,-4.2450776,-3.5471113,-1.3499807,-7.1235623,-1.6197429,-2.4868119,-5.0532327,0.30241525,1.0691494,-1.6592695,4253.0215,936.90265,578.2209,319.48483,299.17963,161.30502,145.72736,90.334465,152.17616,154.20837,98.649,95.44637,75.2371,51.460213,52.88187,47.86697,61.247646,35.600334,42.243645,46.9785,0.3551166,0.2450032,0.25045034,0.23497255,0.36671034,0.3177689,0.27023774,0.43782493,0.2798798,0.28102425,0.20964393,0.2477415,0.12607287,0.06323245,0.086283706,0.05830795,0.1268501,0.104786664,0.061013743,0.13893297,0.05420552,0.112966835,0.05379714,0.06851041,22.710545583106896,18.661440527430855,21.47375131939541,19.467056262898474,18.867836584768703,19.36715253317929,16.631877996606686,28.05028672843644,19.2545996709728,17.73476657757079,13.94265474888191,11.841364094506071,11.364130045933088,3.9923288926160154,0.07651125314434984,0.0024416258180653,123.046875,country.00010.wav,country
-199.0945,61.186787,9.970173,23.455229,10.266042,0.021369297,8.005175,1.1249683,-4.8876796,9.501938,-6.344292,3.8612273,1.6283535,-1.3461186,2.6031919,-3.5718606,1.9763374,2.5352304,1.0390568,-0.9814776,5353.6426,1408.0417,549.4111,240.23372,229.91704,177.8109,162.2145,131.78749,120.29158,126.73245,88.35601,109.359085,97.81478,116.61394,92.08371,118.81509,133.7109,129.5077,166.084,160.42986,0.24805932,0.2588671,0.40756014,0.26749757,0.2686201,0.24885249,0.36668822,0.38007104,0.24949303,0.3226343,0.25848725,0.33443227,0.06896518,0.071196556,0.13858858,0.06642406,0.08850191,0.06496008,0.11182577,0.14526546,0.05017958,0.12186842,0.06637343,0.103115745,22.743920665620653,19.039491076381346,23.435300645961437,23.12584428168817,23.284857611067398,21.07413557792331,17.001383941453366,35.70380219760337,28.136445031188753,22.875142182323142,22.073951565491498,16.061090423670763,16.542102591895446,8.29325191690773,0.11010515431501548,0.009107485454543129,112.34714673913044,country.00011.wav,country
-141.0231,123.89308,-2.4948008,27.972536,0.012813036,1.216624,-11.020721,-1.3764037,-7.020709,-6.1189513,-5.1924863,-2.168428,-4.5938888,-2.3405595,-1.1824416,-3.964283,-4.2342577,-7.813797,-1.6731257,-1.084656,1977.2037,1157.4556,335.83505,220.0579,202.91856,82.24081,120.88122,99.968445,67.0626,67.04834,100.88979,57.252323,54.964542,54.550423,47.82112,40.487907,42.754498,38.609863,34.450813,40.703747,0.42922354,0.2759111,0.2666501,0.2165156,0.36013263,0.3925525,0.31909382,0.45268857,0.25379878,0.1721883,0.15579972,0.26343867,0.13729501,0.056582842,0.07576491,0.04866037,0.11916799,0.12645991,0.06990694,0.14347164,0.0519588,0.04929602,0.036425423,0.063463375,23.527224272972973,17.174905845594914,20.31862171943591,19.394017474605278,19.22115218034518,18.472498223983067,17.056448022372532,27.669387067025113,19.90468563809949,21.096920807907484,14.127748047230977,10.873034162274125,8.003315503110292,6.155397499137146,0.06406763980263158,0.0011054548200147634,89.10290948275862,country.00012.wav,country
-126.18547,77.63614,3.1659162,19.95085,10.833183,0.7266967,5.2176957,-0.49295205,-0.999363,5.3890133,-3.735502,-3.5004709,-5.3318467,0.28486115,-2.0108876,0.8345813,0.3288453,-1.114898,-4.387004,-2.6085503,2083.1304,537.9038,349.1354,106.44959,173.016,103.88798,90.977745,78.626366,78.009766,87.13195,54.580605,46.19344,49.781384,48.716236,44.8733,57.18695,69.292755,57.54635,57.29299,92.03194,0.2764584,0.36983654,0.28976113,0.26823995,0.53751445,0.36388427,0.34915978,0.30439913,0.38718334,0.5403834,0.35396236,0.37645608,0.05542075,0.09432778,0.06380732,0.042236865,0.12672262,0.06590506,0.08455539,0.05942129,0.07514288,0.11788151,0.055797443,0.106994584,21.495594262308543,14.367602676077354,18.698491108953686,20.688238485829533,20.879069136704892,19.135287799163702,15.531697890835407,20.531420685008083,12.824462718223115,17.643868342388334,17.221833461046568,14.358042175678948,10.735419925700478,2.670895270810058,0.12956497617550308,0.0023852098779570297,129.19921875,country.00013.wav,country
-124.6331,72.52177,16.71368,18.248219,12.224788,8.088156,7.982229,-0.5219015,2.3674657,-0.5643611,-5.5733914,0.5387732,-5.067154,-1.1601872,-3.5754244,-3.6894364,-0.16906023,-0.64208156,-4.1438947,-3.999883,2334.4248,592.88196,310.00446,180.22217,120.912415,79.98153,66.853836,61.113403,75.73053,58.208424,49.37033,61.051373,61.546257,48.85984,47.384674,52.265007,68.241066,64.41805,62.76877,78.040344,0.24964239,0.43674996,0.42789906,0.37737718,0.4758019,0.32892698,0.32952005,0.23298097,0.35487452,0.5127306,0.33382058,0.316892,0.0391617,0.09647719,0.0998691,0.081357144,0.11810953,0.06548647,0.102269754,0.043542195,0.07405002,0.12540138,0.054308157,0.07798007,22.69467546399843,16.400617130536073,20.693925614603835,20.456604682993728,19.696901339718465,17.77435858971444,15.27986303888533,23.27106777252802,19.227648231062563,21.806739859702432,19.002762701468292,11.521242321368499,8.911345586592267,3.302457664922084,0.12474225401509288,0.0066661838401773825,135.99917763157896,country.00014.wav,country
-116.17638,111.72995,-5.2455125,33.995697,-12.458564,4.2506166,-14.428151,8.494949,-8.19823,-1.3456504,-12.559845,-5.005492,-2.1499326,-1.8379669,-8.272396,-3.0211012,-5.472165,-2.941531,-2.636676,-3.3716757,2439.9226,829.6245,328.4092,98.11093,109.32244,54.306065,68.4306,86.40182,94.81343,52.12534,37.981205,41.48967,33.180584,39.178898,49.10951,27.461536,27.610806,25.91363,33.48056,40.242188,0.33797747,0.3179549,0.3778701,0.76035696,0.36442593,0.3034067,0.32111824,0.30631262,0.4051767,0.32741076,0.42297897,0.3113931,0.06863241,0.069738366,0.04304184,0.08176531,0.030494103,0.08147362,0.070235334,0.04928131,0.08407336,0.047021423,0.09510944,0.058983527,25.26840099678451,13.959604997235456,16.880820136568605,18.682396893773095,18.688413408225,17.889246203000628,19.7943800485884,20.059652682955864,13.78393086296042,13.734331620848351,13.801900989698977,11.267964468203154,4.956437810026794,5.3026269409783,0.09426624782314241,0.0021949588997094453,151.99908088235293,country.00015.wav,country
-210.17332,139.61768,-16.979994,58.003025,-9.654812,-1.9645078,-18.001234,-8.207505,-11.778446,-7.882443,0.6071054,-9.965226,-6.466774,-3.8483527,-12.04527,0.31746766,-8.04239,-6.7930903,-1.8463355,-5.9385214,3339.943,820.08435,805.8026,204.46173,233.16179,82.94442,90.44345,61.069878,76.26462,56.419086,97.17384,43.454063,38.931587,53.193073,41.03325,34.16631,45.29523,44.391216,33.859425,34.01611,0.4792591,0.23979627,0.1993874,0.15246996,0.3221144,0.6176148,0.33430728,0.27868822,0.2232852,0.36870006,0.37297258,0.28233212,0.14088668,0.039305527,0.06487159,0.042109463,0.057939082,0.12923029,0.047810823,0.08626777,0.03500456,0.07877724,0.123242006,0.032173794,25.180186663243806,17.81934245193278,22.0072666111438,19.56906083594591,17.15537433084421,18.49967872664602,16.930425658806932,17.652885725128286,15.879859587335652,20.530292056701647,16.56710792229079,12.142765986278265,11.819309651394354,3.4299650942260738,0.06017386138254644,0.0005890121768550617,107.666015625,country.00016.wav,country
-171.339,137.35457,7.9645786,28.539564,2.7081969,-0.50151,-2.9561005,-1.1593422,-6.159661,-2.4005284,-5.853389,-2.1666093,-5.343712,-2.7834222,-1.5698565,1.294838,-3.4124446,-0.8946278,2.633026,-0.099773,3326.6143,1054.4772,128.93564,92.923965,144.49857,59.891666,34.54522,66.41731,55.74567,63.40493,51.597202,43.7439,35.863064,37.48549,39.760258,26.395405,33.63934,48.460968,32.937027,43.735832,0.24355501,0.3851007,0.5565013,0.3448637,0.42224035,0.2809696,0.4075867,0.39495164,0.2761125,0.4043179,0.24762438,0.32241464,0.037174847,0.07265356,0.118612446,0.042215247,0.11923462,0.04332998,0.09609935,0.08473128,0.03754185,0.1058161,0.028785609,0.09238841,22.167036508806614,14.468550215718544,19.67837182838205,19.60685590756822,20.388565923707112,19.33561261144226,15.602316374404639,25.504561347675462,15.253392271277681,17.132244270096034,12.135584759118384,10.393236271553794,8.29985698016877,2.5456236430553822,0.06385600087074303,0.0008164939130898203,89.10290948275862,country.00017.wav,country
-131.14856,102.99637,-11.533306,17.73964,16.962389,4.435607,1.2965345,3.4184597,-1.4990546,1.6171722,-7.983499,-0.8249754,-8.876752,-3.842363,-4.4875875,-8.93866,-6.380394,-1.5118133,-5.409956,-8.043467,1983.721,535.771,333.41144,163.30585,160.40407,139.56122,118.6741,79.3162,65.84504,89.73054,56.749825,67.217384,56.21899,46.9198,44.94589,48.523396,42.344433,36.831795,45.160072,42.94946,0.5737087,0.36230308,0.31208134,0.26182094,0.3606043,0.5148097,0.32192335,0.4101144,0.3133378,0.39433274,0.2940024,0.3202324,0.11524629,0.045006767,0.090149336,0.060407747,0.060448382,0.117514335,0.04116446,0.109681696,0.05086652,0.09557634,0.062390305,0.049067248,22.240997598289916,17.725011515867756,18.964496275562233,20.24182362370678,21.637242975240714,20.44551947035885,17.491393326706103,21.4894862414485,16.348502055885998,16.74347159232351,13.074961811052846,10.206519942512031,9.923779350491587,5.507888489140687,0.09561053296729877,0.001627456761923676,86.1328125,country.00018.wav,country
-256.06357,163.10162,-22.872879,26.93337,15.301942,-3.50522,4.2170873,-0.79301673,-9.463185,1.7569615,-4.4230623,-3.6401737,-4.252334,-8.109075,-2.376017,-5.1455927,-11.161296,-2.412988,-0.5396905,-4.7787414,5265.5903,873.96094,726.32263,378.63565,244.1856,160.89302,162.49654,99.26391,86.38234,60.95422,61.125713,49.28833,51.139168,81.156746,51.897205,48.770355,74.136925,40.118668,44.224632,64.77387,0.37916633,0.25731763,0.28715155,0.24397318,0.33201247,0.29431456,0.33226794,0.46651533,0.28687564,0.28516218,0.25737324,0.36679035,0.128482,0.058608282,0.09785284,0.05714127,0.095283516,0.0863073,0.082131386,0.13416246,0.05651735,0.103395395,0.063721225,0.11117057,22.949457291228704,18.84734725231047,21.767416468751808,20.649265637309796,21.496632617648995,21.722361349416392,15.241730852018486,29.04818591915965,24.228467704885865,22.850122119561682,15.787489513378224,16.286691487134792,27.2626131358696,5.012536390283366,0.050959631385448914,0.0010114759790940677,123.046875,country.00019.wav,country
-161.09123,74.70691,22.421598,46.01199,5.2690363,25.11239,-0.58642936,10.375498,-6.8302193,5.0498123,-0.76978654,1.4022417,-6.0112886,-4.0060997,-4.793629,-2.8669364,-4.986899,-3.6081994,-7.5884213,-3.2281837,5323.479,1365.1587,258.49792,393.12375,230.76408,111.91912,128.86409,77.0398,123.774345,132.90051,50.42174,73.80363,67.9876,66.2694,84.31489,68.55019,51.3892,52.133327,81.547264,55.95261,0.31720114,0.31227896,0.46943253,0.39208943,0.32469907,0.3757795,0.29324353,0.26867625,0.26870516,0.40824768,0.5669567,0.38922456,0.084579535,0.063854,0.10840178,0.086086884,0.0767351,0.09789839,0.057845525,0.05985508,0.05303651,0.07367974,0.12356275,0.05998327,22.30152613877794,20.555116796225033,22.560720470567347,19.79209852266923,18.778713549847296,17.207634240289646,18.713200143135143,20.705599543862846,17.448776276942382,23.061482701699312,18.681002292685573,13.575572215751597,8.598591355264682,6.808245271421296,0.08685812935371517,0.0054206875910403985,103.359375,country.00020.wav,country
-209.38939,167.1398,-20.865452,36.817654,10.305034,3.9740636,-5.6623545,-4.6380916,-6.2379713,-4.1778646,-6.688474,-3.2634768,-7.967006,-4.053322,-4.987053,-4.496617,-4.0103536,-6.3978004,-5.91674,-8.175597,2704.744,467.106,340.3988,321.82736,299.16394,124.88165,154.60732,104.60634,104.9655,85.54925,87.324814,52.58358,55.59584,42.834938,40.87041,43.17381,49.81389,47.465958,46.150417,64.32673,0.3579086,0.22907342,0.22680144,0.17756738,0.28819132,0.3143927,0.26800874,0.29872093,0.2845668,0.427607,0.3072919,0.28716576,0.13335481,0.059782475,0.08612522,0.04227931,0.08552425,0.10004477,0.0754421,0.103877656,0.06341009,0.13883622,0.08166104,0.07834884,26.505460123239963,17.657844231096867,21.715012647906338,19.313298288759725,20.027465940897656,20.53474712558053,16.389462336831585,19.96102072655347,18.507991720039588,19.985382576135382,13.60528513201179,10.6392708158613,9.14291373031395,6.450750236519663,0.04559534031540248,0.0003850737157042712,107.666015625,country.00021.wav,country
-195.12416,114.29301,0.0014297438,38.17855,11.291478,-6.075158,1.2188282,-0.0041930964,-15.420767,-3.5709002,-6.125418,-4.500051,-0.12475671,-4.386221,-9.412581,-10.716871,-6.5419583,-10.051359,-7.2627316,-4.007446,3122.9814,438.6679,445.4494,252.8095,285.9639,229.60016,161.35591,90.91466,153.53215,97.32881,91.924934,88.92889,64.24037,70.26257,66.88794,61.10674,42.90849,46.75037,46.782993,44.457855,0.2687321,0.29428232,0.32064837,0.44052663,0.31421348,0.23102933,0.29295862,0.31777668,0.39579058,0.28841037,0.35074404,0.3418927,0.05777021,0.093344,0.07249053,0.13413185,0.068159916,0.06188663,0.09006197,0.06967152,0.13365409,0.061762795,0.11023759,0.095857054,23.811092313751868,16.069049920822195,21.135424016099005,19.99870872397922,20.298764408608346,21.654522630339407,15.867610424825783,16.350973077743244,17.478488467882293,18.652329425986817,12.682374556676352,10.469854442426444,14.511454651018767,3.504265634146349,0.06805325440208979,0.0006836546062800423,95.703125,country.00022.wav,country
-353.05423,110.632095,32.743378,24.164183,18.746185,5.9248896,-1.7401656,3.8813748,-2.987254,-1.9034863,-2.8664541,-0.97887444,-6.4891205,-4.2524424,-3.7505193,-6.0119343,-7.199875,-2.5195584,-4.032561,-3.4128342,6474.7275,797.7261,697.70416,275.26514,231.45496,124.080376,113.29756,87.01953,103.91431,59.58797,85.15303,96.939674,66.107994,53.94587,64.72909,65.91597,72.68471,41.39167,66.001305,60.43808,0.30532253,0.22904581,0.25209567,0.24605855,0.33678588,0.5544652,0.4016863,0.2886475,0.23062603,0.3193724,0.2828065,0.21922182,0.104923025,0.060969528,0.103595205,0.069868885,0.072552435,0.1731437,0.10024354,0.07174852,0.0482631,0.124162346,0.09855537,0.05965798,26.940649994776514,19.980664002505954,22.76012075356956,20.69936000427828,19.552349603074152,17.128697027242822,15.540983847089569,27.520888960360143,24.640253092321114,18.66490604951587,16.508191361319646,14.019737002416338,6.808818528786908,3.55800502794932,0.03548126693111455,0.0018992928813078764,83.35433467741936,country.00023.wav,country
-199.98285,109.121544,-5.5460243,48.132893,1.2039803,4.5974913,-9.152174,-1.471275,-11.66506,-5.204099,-11.550537,4.978348,-4.98082,-6.0473065,-0.6872891,-8.536201,-8.461553,-7.943485,-7.613288,-0.38595322,5583.5054,1614.9583,318.24982,236.78734,384.13632,201.23396,148.80693,93.45658,72.01048,119.92029,65.51265,106.92175,71.59419,55.06533,63.355553,54.165817,42.294064,57.44646,53.137287,55.40626,0.51948756,0.277136,0.20154586,0.20674048,0.21518244,0.2054416,0.24915248,0.41448408,0.21733552,0.18494168,0.20176886,0.3521141,0.15394025,0.06379103,0.056188393,0.07281519,0.05983251,0.08032987,0.060078654,0.14387451,0.05041829,0.066060096,0.05926434,0.10131134,22.20295466797797,18.683976339125902,23.733827974073293,22.624326558432035,22.787184880214383,20.714282465960206,19.13378622220846,29.819139515131823,18.971084857830984,24.919883197578237,26.23594983456967,22.278715722125185,19.99683761616335,12.596589155873989,0.0824598188370743,0.00227836017601604,129.19921875,country.00024.wav,country
-200.55318,119.65538,-3.604682,31.952965,9.957966,15.293297,0.6486006,0.23646218,-4.4767165,-2.3108823,-5.255605,-2.4737477,-6.048022,-0.8033078,-4.706508,-11.29183,-8.867358,-8.068559,-3.1603549,0.33031386,4030.9502,999.1067,306.50693,271.9836,203.96957,175.02464,99.19419,95.6581,73.69021,82.389305,64.26409,53.47265,68.51664,66.969925,42.36186,47.375847,53.478638,47.31563,58.48325,68.17943,0.37204093,0.32546556,0.3540245,0.32730395,0.38110745,0.24874637,0.33665213,0.4323262,0.32970792,0.32752958,0.29457042,0.4382559,0.094335884,0.07684432,0.09254211,0.065372385,0.110827796,0.05350653,0.06705306,0.1250663,0.0682643,0.11688973,0.05364581,0.114018455,23.447879170391072,19.651084560795436,21.974801144295615,19.40683899637483,20.03551766026801,17.787468898009575,16.564211883976864,24.910723223572965,19.036913269900115,18.443826411783807,13.62220436276579,10.326966801751922,5.670910786661184,4.39130242202475,0.05730313044214396,0.001580572443861326,143.5546875,country.00025.wav,country
-194.26962,151.78432,-3.0342526,29.480587,9.101757,5.9855814,3.784445,3.7657218,-5.8694096,1.5940248,-3.7664156,0.9295919,1.9723039,-2.2319498,3.3600001,3.7546601,-1.1347995,2.2319846,3.3677235,-4.13741,3125.1863,972.3158,405.30988,330.3634,290.84348,148.0229,149.19354,147.64597,111.01641,98.20223,96.12899,66.99873,71.69252,96.96506,54.03521,51.80609,53.6526,43.01987,50.63412,54.14821,0.34055755,0.29970562,0.47874796,0.2915536,0.24025884,0.19397663,0.34489447,0.3805794,0.26216915,0.414867,0.2832961,0.42622885,0.08241944,0.051165145,0.12518002,0.04640934,0.058502346,0.033248667,0.08984966,0.12321073,0.047395017,0.11735492,0.041813742,0.1147885,22.206133615722916,17.946215241187286,21.171959338892314,21.79042873664441,21.02864250525852,18.90772040757374,15.774465996526747,27.176294848800723,18.976763104717616,19.444355069391555,18.03298809527267,14.879547838068806,20.63326989423458,6.030569685184281,0.05483186798568111,0.0008971397824567085,107.666015625,country.00026.wav,country
-100.73443,106.97025,-27.18039,29.091337,5.039497,-5.4290433,3.2457464,-5.1666436,-5.1038213,-0.8067117,-3.8309824,-2.7171009,-6.651432,-4.6703544,-5.6970487,-5.9915314,-10.221571,-10.535934,-5.7311044,-7.2916656,1935.9308,447.271,571.87067,236.11784,221.9742,128.5821,118.146675,46.83232,68.95676,58.758476,44.86118,51.524582,42.603786,33.1763,39.740513,38.026497,42.29307,40.999657,37.147354,42.411263,0.2673225,0.36433885,0.33177415,0.40058118,0.5929239,0.39336956,0.32999068,0.28928822,0.4510317,0.5623461,0.36070156,0.35763028,0.05200962,0.08758282,0.07036014,0.047195654,0.10741606,0.059878983,0.06979594,0.05069318,0.07239895,0.10795341,0.05093803,0.09831573,29.73892029607173,16.01205825549531,18.45565970766749,17.866961886122375,18.11407931563755,20.60702041453255,15.130646911632564,24.02237724090005,14.711268999339092,14.585576215309048,10.45220155008413,7.380768388450318,10.474421744324882,2.7342816462959054,0.0973951026751161,0.00093394046092966,92.28515625,country.00027.wav,country
-169.19261,132.80664,-13.484967,31.182264,6.3355885,-3.7656243,-2.0574632,-3.6175504,-4.556713,1.2857977,-6.986225,-7.255015,-1.3873173,-9.508183,-5.418511,-1.906521,-7.168161,-1.4283391,0.15933114,-4.114242,1603.9739,337.10913,267.2038,161.12964,161.8534,103.86125,74.79823,70.20504,131.72467,71.43947,57.354034,80.82172,57.78657,55.260365,72.36431,52.01764,46.3929,47.301807,43.707912,38.215816,0.22459027,0.34409833,0.41334882,0.27139226,0.33954385,0.3243471,0.44902214,0.365263,0.2732794,0.3661454,0.21606377,0.23328662,0.06485421,0.087373935,0.10747906,0.055329915,0.11353859,0.07608993,0.10606423,0.08837282,0.062306523,0.11957287,0.04728761,0.071590036,27.650345216566556,17.31670734912627,20.882455882641302,20.265969209494795,20.441039196064988,21.457633368543007,16.261629072026324,36.58764411996946,19.137428489916744,18.066612632009495,12.411525224976078,9.798973337193543,10.57689707675709,3.024954644940945,0.05981898824496904,0.0005939953261752047,89.10290948275862,country.00028.wav,country
-171.28873,160.4967,-17.80444,30.512203,7.514744,-8.2560425,-5.6703825,0.1319509,-8.836377,-2.6552682,0.70573163,-3.78496,-6.5005164,3.7841282,-5.431032,-3.0764794,-6.2547703,-1.9400128,-0.8349335,-1.4339759,2247.4827,614.4519,482.99652,176.85606,185.14046,135.39926,72.94552,72.630585,76.677025,52.545822,94.66903,57.834656,56.626026,42.29601,41.81042,36.867657,51.65782,41.772182,36.860886,34.339947,0.26950306,0.39496985,0.31828848,0.3748994,0.32296842,0.4373231,0.3281434,0.25183645,0.3935549,0.26158944,0.20873365,0.1575435,0.06766433,0.11479331,0.066293724,0.12131179,0.062849246,0.13275632,0.08889966,0.05291881,0.121097155,0.05775726,0.0753638,0.03244404,20.973498627396218,16.938508713396974,20.84692511405245,19.76169283854144,18.729446759740885,21.145346308273467,16.947874189950376,24.451075972515294,15.51359941904764,16.87123628490883,13.986836877220696,9.926921105770079,11.384326741836867,4.732811026876865,0.054208666916602165,0.00046588365438439715,89.10290948275862,country.00029.wav,country
-277.1022,128.25645,42.42859,37.69783,12.780972,9.599223,-5.9831166,-7.538272,-8.034319,-4.942378,-6.5300474,-3.6279535,-7.2284265,-7.452904,-1.5747141,1.3907408,3.080538,2.5106266,-1.0542909,-2.7523243,3854.5232,884.01434,286.8981,99.69821,121.853355,104.34479,103.16326,75.36484,87.78602,89.7674,105.4569,118.794846,115.62979,77.40161,88.53431,118.2139,95.82285,62.55414,78.70602,85.533775,0.04745002,0.13032486,0.3480937,0.17611013,0.22966081,0.14552513,0.26046523,0.27846432,0.22221862,0.5093594,0.2046045,0.103798896,0.0052240863,0.02709994,0.14213896,0.022592634,0.13771214,0.027126651,0.09882336,0.10156006,0.035683196,0.19689389,0.030080527,0.04502275,25.29465950303468,19.86169879657823,26.18409443121271,24.065642428614165,22.733634754883774,19.795813613238227,16.67412399662311,21.025320308309112,17.74429490874381,25.27889799184428,18.420829797799108,13.336722985970043,8.26369123833493,7.131991275639598,0.042844034200851394,0.0002306186215564384,161.4990234375,country.00030.wav,country
-130.4947,104.13707,-19.261398,34.153618,5.413921,-2.166884,-0.72687984,-2.8929856,-5.459535,4.0802116,-4.4622407,3.523582,2.147013,0.18757653,2.6818895,-3.0753498,-3.1991122,1.6599616,-0.680654,-4.3735867,2165.244,840.7933,308.81473,144.75557,143.49629,89.74477,111.504776,99.846886,67.61222,83.18216,58.873264,67.99371,59.229164,60.85917,53.74901,41.954098,40.361423,42.86621,47.65196,61.305794,0.547418,0.25909734,0.27098814,0.16804506,0.2645198,0.3529532,0.2671829,0.49011773,0.24893472,0.3130639,0.29009128,0.28726214,0.13164003,0.04022323,0.07276799,0.033286046,0.04325264,0.11058975,0.03678523,0.13241483,0.038469996,0.08509023,0.08679713,0.047868893,19.484103390474896,19.12671524003064,23.701305936973966,21.9894448202458,21.491596774837422,22.90363998291123,17.90718177766723,23.032923894560316,18.73578171880499,21.141529143222666,16.697749360149285,10.8616778690296,12.854138778859296,5.472343901739274,0.09529609798277863,0.0024428281293447218,112.34714673913044,country.00031.wav,country
-237.99352,97.70346,6.526742,45.977615,2.1547685,16.221973,8.825113,7.7670083,-0.59379184,4.48026,0.14091596,3.021077,-1.6638002,-5.4229407,-2.8296824,-3.0536504,-0.4980622,-0.11182406,-3.8595042,-2.6508052,4659.7188,982.89154,357.18024,215.86028,208.45709,76.1007,92.91699,86.99613,89.79097,70.72469,56.19148,47.612053,94.64871,152.31897,115.18767,67.0926,84.486664,53.742466,53.008198,54.00677,0.37699628,0.28797475,0.21297629,0.2993503,0.4912195,0.3474379,0.28588638,0.21452577,0.27294928,0.31129256,0.34616995,0.5257154,0.08197834,0.08318017,0.045971345,0.063791536,0.14860539,0.08074849,0.06097319,0.03966702,0.08093588,0.10141427,0.08063745,0.12507153,28.220283398786332,21.29363144558121,24.33121452421539,23.504136294309124,23.317402065561637,22.393383638234234,20.221559061217437,23.312923014973016,25.31421655738272,23.43743982565319,18.385788351155593,17.42378817264859,14.357745880442918,11.560756115815916,0.0676016320385062,0.002032092762720806,99.38401442307692,country.00032.wav,country
-133.3365,78.990364,-5.650647,35.522865,-7.5477095,7.9280396,2.7298074,0.39645377,-1.13313,-1.1071386,-7.8454432,-1.1711785,-4.814018,-3.1399326,-5.0448146,-1.0937083,-0.96363306,-2.4559505,1.1548451,-1.8392487,4159.581,743.6337,474.78058,373.42593,163.94882,131.05646,119.61041,109.30616,88.73561,72.982185,88.7531,71.844475,63.88543,63.13454,85.12793,91.23599,70.902565,88.19891,98.97818,79.34508,0.23706649,0.2540511,0.20560399,0.36450964,0.35440764,0.2921982,0.46427923,0.280668,0.3566965,0.24372956,0.29416656,0.45374236,0.043728337,0.073228955,0.04491814,0.106063575,0.1086384,0.058352716,0.14362091,0.05718751,0.10714964,0.059234146,0.061543085,0.14040531,25.529746000044863,17.264892747395777,21.906109011790846,21.40266120069903,21.7805310265447,21.07204496598802,17.95706190955065,17.563185517758917,21.91602919787146,26.606160799854948,18.92798496640204,17.990146699514888,20.005083491084537,6.501579070691095,0.12361565462945047,0.003210561911143556,92.28515625,country.00033.wav,country
-153.86736,83.68425,-8.418767,13.969093,13.551848,3.773254,3.0063746,6.347874,2.0667963,2.0754557,3.1952746,-0.4753239,-3.0259306,-4.5377707,-5.0488076,-4.9258924,-6.135663,-1.6660153,0.4654976,-1.551539,2853.1257,839.0577,628.69806,167.75964,148.01158,212.55664,107.31808,76.571495,88.32965,86.847984,96.7436,75.11107,79.90679,80.65199,66.276474,69.9204,54.585606,63.514374,74.216896,112.79686,0.27779528,0.3537065,0.45354715,0.35180065,0.39577338,0.35125545,0.38202137,0.32685176,0.30381212,0.49577922,0.32413408,0.29461676,0.074926384,0.0760587,0.12128535,0.07367719,0.10304,0.08361976,0.09224088,0.08722302,0.055674728,0.12986296,0.06637584,0.08457471,27.2602493019145,16.142090187591076,19.36008500445875,19.36091607109909,19.11836855727445,18.145401475346656,15.055646784072431,40.79318322433497,18.052628817021795,25.14842448759697,19.34197585403997,14.044646571231656,12.287018612514753,4.051275521835953,0.11928688261900154,0.003373228927832521,135.99917763157896,country.00034.wav,country
-120.383224,95.348915,-6.0082717,25.16893,20.961815,-7.1399145,8.552629,2.440012,-14.6636305,9.296396,-2.3618505,-3.1564727,0.6094835,-4.4258304,-7.452153,-0.44424567,-3.587983,-5.0256357,-2.523358,-4.7514105,1672.2651,716.97876,317.56012,298.43326,226.0296,187.81598,80.71503,97.76508,89.48028,140.6297,88.07348,69.29336,51.319344,66.22138,58.285954,51.789692,51.10025,47.00638,35.88456,33.28738,0.4256309,0.29907864,0.29338688,0.27794242,0.46236938,0.5494684,0.33848178,0.38365793,0.33377057,0.42972818,0.3953463,0.32239506,0.112515986,0.047711533,0.06867676,0.055575516,0.093488775,0.11782907,0.03998438,0.09503852,0.04902246,0.09199776,0.086237974,0.049047463,23.779385026456087,17.1196724536903,20.366455217589746,19.523315501494746,17.999765463410462,22.13514103655551,16.804118858876382,24.744525577728293,18.368525977851817,17.64119929075655,12.060884558867627,7.183665850337988,16.97367429417974,5.356883982576028,0.10437125096749227,0.002557977571397753,99.38401442307692,country.00035.wav,country
-339.7991,97.781006,-9.6959095,50.986897,7.8249445,11.747368,0.6847608,2.493835,-4.7754116,0.19351886,-5.9746647,-2.8948965,-6.157009,-1.8445805,-5.3551826,-8.306348,-10.728061,-7.740845,-3.4437325,-6.962086,6936.893,1132.6304,688.65906,294.6834,304.88507,291.03156,133.02095,101.549545,84.72075,77.19522,74.42374,82.75571,54.9823,58.92716,69.66441,64.58338,55.844692,60.420315,70.39399,109.80917,0.36944064,0.5970854,0.36576477,0.31238386,0.21822378,0.3011943,0.19624047,0.31385693,0.61994714,0.3653764,0.24511334,0.23114732,0.054953057,0.12325926,0.054205235,0.06684438,0.040770307,0.093547724,0.037229095,0.054537054,0.13735965,0.06484173,0.061154857,0.041409027,25.69176371273778,21.530996626681468,23.699575516025753,22.796558926432272,21.44830412180384,21.281297553166617,18.660857312223598,24.373057103113133,28.244723714248465,29.192020473831953,18.48014972485633,20.533522787874205,15.23112085878775,12.155291775692797,0.0848248839009288,0.0037373909068924125,112.34714673913044,country.00036.wav,country
-173.4441,105.05278,1.155317,24.114841,22.12515,2.542493,-1.5812404,0.17491437,-5.323045,3.8141825,-4.5238996,-4.5872827,-1.5664961,-2.2571905,-3.857909,-6.458283,-7.4685717,-5.533387,-2.1898673,-2.4518628,2591.2495,1032.2523,449.3212,212.93738,269.62497,197.09355,96.6634,68.5652,94.53098,74.27462,75.89029,61.534565,47.537502,47.058994,38.711304,48.66715,49.717983,43.257046,54.296772,39.21524,0.33413708,0.39890406,0.33645973,0.43385258,0.35419568,0.39327228,0.33944225,0.30347502,0.4155184,0.39727202,0.45708916,0.3240568,0.0765409,0.08789984,0.0521535,0.12421492,0.062649645,0.09160237,0.07125476,0.056637518,0.108496636,0.07467446,0.121344596,0.057569705,21.227491822940923,17.114662195150345,20.12833414562385,18.693322529157797,20.128413464810404,18.538618133625516,15.623904958569053,19.702520361407256,17.470135552915576,18.338314341002384,13.20364028077272,13.388778177481523,7.946044568997882,2.7909985111090023,0.08500288735971362,0.0025842052243483494,99.38401442307692,country.00037.wav,country
-118.028564,74.16701,8.2881365,15.462522,6.1549687,8.443999,4.1188307,5.738997,-1.9503187,3.1639109,5.040857,-1.1298937,2.4367034,-1.4256319,-4.7408276,-6.3695383,-5.7475576,-6.266189,-4.5168686,-1.009379,1851.8146,576.764,303.91913,208.28716,96.04403,108.864784,91.0533,77.60214,79.31417,84.02902,65.085335,56.96939,55.702507,70.55082,49.550495,72.48366,53.60217,49.08716,42.115803,64.17125,0.49625555,0.3707701,0.43214983,0.34079987,0.4199334,0.32684067,0.3624058,0.39406592,0.24631399,0.28548288,0.28860483,0.44224018,0.11351801,0.07587468,0.104251236,0.063002825,0.10874425,0.06960648,0.07602554,0.09146689,0.04081016,0.07667626,0.055893157,0.09391231,21.32096556688606,16.168389274250075,19.72170433889563,20.392597409517858,19.69856598461829,17.601495083144766,16.200250537262335,19.29590228674821,15.762127044326117,18.009997212823485,16.88272636547785,10.610836040900773,9.53115711443074,6.344632784283262,0.12115799753289473,0.002023509344371654,151.99908088235293,country.00038.wav,country
-89.73638,36.2862,11.469535,37.49559,9.199137,3.7405186,2.8403578,6.811539,1.4674553,0.0973382,1.0258602,1.1755472,-3.5642974,-2.0911777,1.7115148,-1.3672682,-4.3769636,-2.6016088,-3.5284464,-4.2272496,1967.6858,456.73355,323.90982,204.48222,197.6473,66.04933,113.7411,86.30717,59.880672,57.31965,55.23452,50.44078,53.60525,52.462185,47.42631,45.771828,42.14075,64.6527,59.700027,69.68347,0.43066946,0.6492537,0.45910627,0.45097062,0.6284641,0.3802965,0.39397976,0.34646967,0.3953801,0.48070008,0.2924363,0.34610736,0.057010185,0.091125965,0.06801725,0.06195474,0.08991921,0.045784354,0.08127751,0.05407311,0.051905073,0.09337766,0.029630283,0.04930674,23.707840420895206,14.613641708047995,20.737864146186087,19.655455602473722,20.081267018145482,17.852811667609497,16.228981081352337,22.53252411203155,15.210868928569672,19.67227648108166,13.62488344734126,10.294225666123559,8.74040781306319,5.489580439808433,0.21237475510352166,0.0038977995884652843,123.046875,country.00039.wav,country
-102.89668,85.32916,-4.324985,30.583778,3.010156,-1.9592185,4.4452953,3.42052,-4.253563,-1.7713999,-3.970628,-1.3591871,-3.7630885,-5.1772523,-2.8950467,-0.26965046,-7.421149,-4.0963774,-3.4501848,-10.1142845,3305.269,421.716,347.86688,206.87914,209.54579,132.21475,106.740395,65.832214,80.95583,64.231514,59.90469,57.00594,59.04795,58.20454,43.155155,39.329372,41.551624,39.1186,40.99019,89.536575,0.349259,0.41959304,0.5624348,0.3446452,0.3353954,0.24101141,0.34133303,0.42856967,0.35516158,0.43271917,0.29318836,0.377395,0.07679312,0.07682,0.12601028,0.046478853,0.08208776,0.044471733,0.08617565,0.11618726,0.06376651,0.10163004,0.044535205,0.09534573,26.60585702472447,15.486799352821812,18.837346781316093,18.867263438309095,17.347276623111796,18.709610562199185,15.876121198382105,20.75354632550434,18.248536310174554,19.251337394276305,21.54888230865894,10.012609205029069,12.400316054292574,4.081438536782686,0.10633306828076626,0.0012843787350485174,143.5546875,country.00040.wav,country
-111.69471,82.26009,13.068496,31.930077,23.68303,-0.53237927,12.029794,3.6602066,-5.738521,3.333035,1.4207493,0.772583,0.5596444,-1.1348552,-1.7467115,0.55844426,-2.3236961,-4.612612,-0.620067,-4.944747,2633.422,806.7477,390.6962,173.73247,141.20917,135.59715,82.78135,93.40511,154.78952,57.779495,58.79824,49.32803,52.277363,32.06949,30.2816,43.036182,41.71283,41.23734,29.198923,29.794886,0.3682557,0.3431181,0.38450548,0.41365424,0.4961284,0.32195365,0.26089534,0.31989807,0.4310785,0.6235852,0.43152842,0.37858087,0.098880194,0.070503585,0.08575903,0.055621557,0.093403704,0.05654515,0.049039632,0.07197979,0.05920872,0.11595168,0.052320722,0.08049727,23.313041922914994,16.460848192159435,19.56772453713975,18.02018534572539,17.729960319556934,19.306028443568227,15.404311902314259,18.22861464661601,15.953428128228012,18.15408343336803,12.10576560284709,7.995910359973663,13.554324177363107,3.090455527791,0.09585618529895511,0.0028715491748198697,129.19921875,country.00041.wav,country
-101.28809,84.139015,7.751808,30.383913,13.85436,11.632601,-0.11175934,-4.93907,-2.3706596,-1.9748868,-8.187719,2.8250737,0.5467092,-6.795643,-4.3111024,-4.577833,-9.847294,-5.69036,-10.405995,-7.5132923,1537.371,350.03616,210.22177,144.07938,114.19833,83.235756,54.250175,78.79981,54.086906,56.318546,51.178852,60.191605,61.028343,42.51887,40.5159,30.96121,31.434362,37.418407,28.806873,37.01308,0.45241767,0.43210265,0.41756016,0.32560658,0.41292793,0.30966905,0.2432947,0.31314254,0.37755325,0.5492919,0.4557241,0.40995237,0.1072777,0.08891713,0.098691985,0.051737636,0.09095686,0.057307336,0.046680823,0.07685389,0.06902857,0.1077963,0.074273355,0.07950716,28.261140625586105,16.605110084455934,20.206982327275046,18.315336720592548,18.91530501496901,17.750297392973703,15.787805118325624,23.1076447524732,16.903908820009438,22.846219656736267,12.2296138691889,11.132340413756236,8.02845380488659,4.20624626672838,0.08702592879256967,0.0012749935794095348,103.359375,country.00042.wav,country
-101.19902,85.43055,-19.69571,20.584856,9.973623,7.594193,0.104055874,3.405438,0.046411615,1.5777521,-1.450095,-1.2814347,2.1464107,-4.794343,-0.3170538,-0.42996427,-4.8876414,-3.0000095,1.0770749,-1.4569033,2674.8982,606.55804,314.70493,162.27588,169.51874,81.64943,130.1227,62.53534,72.40463,73.50631,48.694477,44.27218,54.451813,47.13518,33.639404,32.042675,33.705975,29.745743,36.799805,37.053326,0.36379173,0.37615022,0.5018665,0.34089896,0.38934854,0.29894188,0.41704416,0.42504779,0.39498556,0.65999705,0.3165103,0.35480174,0.07518889,0.062275182,0.0953929,0.05485555,0.085519016,0.055924926,0.07960731,0.10601102,0.05748079,0.099539,0.038414046,0.073386125,19.541001399516638,15.22903559689726,19.364892261280453,19.445204624391806,20.397095551803595,18.019575466565318,16.102649107831883,10.84377979677229,15.913835688063694,17.6715063258673,14.443879742576355,13.229454634926421,11.998864615194556,3.9688252731993976,0.1343000193498452,0.0022212586560895736,135.99917763157896,country.00043.wav,country
-162.72116,119.81048,-2.8799524,20.506132,27.808872,5.4853673,6.040956,1.204544,-3.6995325,0.3423856,4.411625,-0.40806112,2.4593601,2.1353858,-1.6038624,3.629129,-3.4621627,-2.559827,5.6417904,-3.654727,5077.988,1141.3179,414.6803,315.4255,258.09875,382.1352,125.47175,85.73522,75.61993,74.29667,91.25753,55.155033,74.13982,62.246395,97.63273,56.98645,84.09083,65.31368,75.10991,72.0273,0.29572824,0.36071602,0.26926947,0.44612378,0.39338914,0.25777772,0.4098247,0.34478652,0.45843983,0.39694747,0.3326284,0.35482714,0.057340685,0.10670831,0.045528073,0.11241477,0.08841154,0.038424138,0.122214064,0.057552822,0.10142164,0.1023315,0.05973909,0.08626757,22.74654485515364,18.911964723099832,24.026740017769903,22.6870096995629,22.900331560746345,22.35679122349952,17.622313779433966,14.007968969022855,20.855980966549478,24.672240590100007,19.91024791790456,20.598613121105974,18.2025824384509,6.702641827288949,0.0665200059258901,0.0015382244261032652,151.99908088235293,country.00044.wav,country
-61.2354,71.26333,-17.042137,17.118322,5.0581465,-4.204788,-1.6676309,1.1733668,-0.8542971,4.976347,-1.6956693,4.845418,-0.15781678,-2.079404,-0.27295637,-5.311601,0.2337608,-0.10088105,-3.937658,-0.92281747,2348.0925,651.5709,468.3613,398.4336,192.9967,167.06482,140.5964,97.47535,121.06013,84.633766,88.01794,102.2801,61.999557,58.18496,53.612072,71.28958,59.722984,53.132267,62.41614,53.582653,0.3111445,0.28946397,0.32337347,0.543948,0.30416343,0.29191196,0.25824833,0.384653,0.45344746,0.31769806,0.38480374,0.28368977,0.09281123,0.08619663,0.06879028,0.12617484,0.057908315,0.08723374,0.060090464,0.10494852,0.12805901,0.06547408,0.101758346,0.056918975,23.285159065277263,16.889762755224215,20.034385508058453,18.291291516794434,18.704429379139764,18.40151691925213,16.307869840978988,35.54151169963681,21.22509736175168,23.213771353527424,15.810518904172483,13.632790652290076,9.494736433590099,4.479872988707246,0.13296442651896284,0.0034983554712214046,151.99908088235293,country.00045.wav,country
-126.891594,103.492065,-31.892567,58.719326,-1.9583547,-3.130634,-2.9370549,0.36575222,-3.0380836,-0.82976234,5.5851655,-10.142879,0.7323166,-1.6198152,-10.050463,-5.2108836,-9.042455,-4.738783,-1.0380155,-2.8514986,2306.2915,663.90155,365.4196,277.63272,259.3884,150.7535,98.66391,90.090294,138.36804,57.550163,127.207695,108.356,87.49415,57.519974,53.869835,58.188225,46.632763,43.31039,47.94469,49.524418,0.23346864,0.36712846,0.40669686,0.35905522,0.5563354,0.45474422,0.4012091,0.33276418,0.42734477,0.48417988,0.2593765,0.20708643,0.048536263,0.06928733,0.10763284,0.05185089,0.10953671,0.09051234,0.09134243,0.07561867,0.06663022,0.1047218,0.043555807,0.04984382,27.46589733224965,16.448791418332068,20.56508935791588,19.313028706693647,19.44975580191494,21.59549490033782,17.37399174797436,22.875088188461653,19.191632622614154,18.386812868826524,15.471115884273068,11.93775342686676,12.115915237124014,4.630650509656031,0.11589196739551083,0.002266838206659299,151.99908088235293,country.00046.wav,country
-165.51901,117.87926,-33.606743,42.623318,-1.3848821,3.8313904,7.1698027,-7.170014,-1.6314924,0.8754549,-12.514056,2.8942633,-12.372037,-1.3238244,-6.636533,-8.864955,-5.1069417,-8.079848,-4.2646637,-0.1589814,1775.0348,624.9213,242.48317,272.3885,122.37713,77.15644,78.65544,61.691532,66.284004,66.980286,75.28275,55.96023,73.87624,82.258385,65.2229,61.223732,89.183716,99.356834,76.927864,69.58021,0.46680582,0.2587404,0.346847,0.23269923,0.28606933,0.26810956,0.2644063,0.5305754,0.31975982,0.25676298,0.19221614,0.29982156,0.14758173,0.039283156,0.11494327,0.046857227,0.06253133,0.07567533,0.041691776,0.13053332,0.06078778,0.06888358,0.042581573,0.060712855,26.46784204522663,17.543559632578734,21.059310260732786,22.223405854286558,22.31485944662875,24.381534364611692,17.418227711118476,24.542295898811258,18.84946156219841,23.38944618111622,16.58140421579876,14.011799693009028,14.796616719432151,6.078151508314048,0.09412943837074303,0.0016104454968104026,151.99908088235293,country.00047.wav,country
-149.00017,107.24382,11.190146,26.698795,11.405787,-3.808101,14.028653,-5.8929515,-11.049588,2.8112707,-8.445196,3.1889074,-0.77371275,-12.404468,-6.286398,-3.299155,-8.16863,-6.5842876,-3.6775792,-2.967854,5231.513,701.61115,394.22232,213.1951,266.76077,201.85144,91.845055,89.97805,98.783295,84.54713,82.89239,66.91464,60.354717,86.268585,78.61551,48.610542,50.858467,51.98813,50.312477,45.122902,0.32462025,0.27734545,0.3292037,0.2790677,0.2963206,0.49716163,0.27541322,0.22068198,0.18921255,0.26863027,0.4379391,0.33528003,0.10303697,0.07512191,0.10442519,0.07771136,0.068171754,0.14616336,0.05421599,0.07524748,0.036181536,0.062718675,0.1419809,0.0688756,29.405682352907192,17.042896099315698,20.831521615593253,18.27279759286204,18.67378696108822,21.547119730950744,16.364152705042684,20.764042234489562,19.473196978393137,23.050178682445946,12.960556822257324,12.356663571185424,15.288141066556916,3.7822676116202274,0.0639731581366099,0.0011590991642798057,117.45383522727273,country.00048.wav,country
-109.98737,134.74861,-24.026144,19.394617,-4.407176,-4.8148885,-7.800573,-0.3937005,-5.4159317,-2.957,0.7814667,-4.776981,-0.17221726,-1.690577,-2.4042227,-1.9624149,-6.938368,-4.0739026,-1.955714,-5.792825,2249.8328,829.4644,272.44116,141.49661,186.98294,111.39356,99.88111,66.986664,70.499695,58.18469,58.728764,56.95252,44.911407,54.441593,54.202847,48.364372,42.869564,41.98116,37.172207,37.86489,0.28977138,0.20569853,0.43993422,0.32455486,0.31463936,0.2429634,0.3030995,0.4249759,0.2689064,0.33023804,0.305168,0.4334593,0.067926645,0.040106304,0.123228446,0.06893965,0.10431298,0.056575723,0.07367456,0.121893115,0.052760784,0.10350253,0.06953983,0.12734225,24.86819302717377,16.260193194499422,19.615939214502713,19.504317577725217,18.781150767306702,19.443398341357675,16.12060662169046,26.096430024561926,16.86435552722893,18.123140132325346,15.772337438761685,16.178618881954534,12.085899553572379,3.0014800180493415,0.07581624600909442,0.0007910107760216899,112.34714673913044,country.00049.wav,country
-143.12674,121.898,-13.34437,47.777847,-12.660495,23.372252,-10.994922,18.8561,-13.706635,15.950975,-11.356478,10.2887,-6.002485,2.7361474,-9.2863245,4.504716,-8.325129,4.5223846,-6.035288,-2.3523781,2549.1472,602.3668,367.13904,195.20848,197.25949,112.0941,140.62221,98.72114,145.10828,121.781105,76.51301,63.249073,85.79321,66.58179,70.134445,76.700386,82.22565,63.528645,96.15527,57.967613,0.4766894,0.29754975,0.38708732,0.3081241,0.398328,0.30187082,0.26897922,0.41629675,0.32813427,0.44482696,0.28258026,0.30138177,0.13066693,0.048517317,0.11171018,0.051627174,0.10135204,0.08259901,0.054151617,0.096534945,0.053112864,0.12833135,0.055318702,0.057727523,19.785443235836254,17.81306172016068,20.60310450304004,20.568689209299247,20.37930295457266,19.32422376869274,39.1567415346607,27.423035990035956,24.390483863641784,27.042647650874393,21.93942966138179,20.57029221087486,15.702347276334665,11.565372067245633,0.07890693026799536,0.002108599696272346,117.45383522727273,country.00050.wav,country
-204.71436,121.91577,-17.742798,46.3246,-1.7955846,17.031994,-14.699761,14.667406,-19.3929,10.903635,-13.474712,1.2002157,-6.213006,-1.6907123,-8.696857,-2.512774,-11.3285055,0.16912635,-7.287028,-7.511811,2650.4802,705.4103,286.68924,163.50797,229.40083,144.29787,138.01729,106.60969,145.40453,171.80016,87.50074,91.599396,86.90016,69.67825,63.33197,68.57942,97.85019,89.66683,77.558,79.8039,0.22548668,0.12683205,0.1014524,0.22887114,0.38084826,0.27871755,0.29314506,0.24626696,0.40175277,0.37876704,0.27413332,0.35979167,0.06789926,0.03829245,0.017439062,0.056923177,0.13647334,0.070541725,0.11424623,0.059455175,0.14998332,0.13268104,0.071688086,0.13015139,23.981831491119546,22.546158688786118,24.407499939514846,22.811152460095798,23.33407370841963,22.440302155468434,37.08293330341471,24.478021399927744,31.019339443709576,21.659477676636456,15.494225921688379,18.129040017190903,14.754169192594308,16.848672932407982,0.0592494527621904,0.0018995127634531877,129.19921875,country.00051.wav,country
-265.27585,138.85979,6.1417327,47.49592,-2.3968027,21.038162,4.0860734,17.653969,-12.02991,15.491059,-1.1331513,7.8893595,0.49858156,-0.23055445,-3.869981,4.0625024,-3.1115553,3.003197,-1.4015296,-1.4950988,3308.5686,636.92114,288.61444,271.8136,373.56973,110.00133,106.03346,126.268974,138.31317,182.82735,85.04406,107.91445,89.78542,70.779755,58.37874,60.257454,90.187996,79.5301,53.656425,65.33013,0.4626507,0.25753525,0.22311483,0.25522256,0.44374785,0.54553133,0.35513133,0.3943267,0.27725297,0.26225746,0.20403999,0.26423663,0.13818161,0.04292994,0.055702344,0.047344945,0.10450898,0.1552117,0.065019615,0.09938324,0.05388254,0.06598339,0.045903087,0.04705316,22.379507562773494,20.68892284289138,23.20736237849061,22.258981312771006,21.342250056278004,21.797565243478353,33.83055551302065,22.774930635945953,22.75081257158415,20.381003263113968,17.06783480237923,14.509488536607952,14.097607614316729,11.780369823406629,0.03547446425116099,0.0006243173674263581,112.34714673913044,country.00052.wav,country
-84.74407,100.98661,-16.020493,51.761948,-17.082294,22.577103,-20.299927,18.914927,-19.492683,15.328484,-17.741413,8.583118,-15.000552,6.4369044,-10.276651,3.2850342,-9.550154,4.0466037,-5.595068,-0.7083238,1398.9712,315.2833,153.1152,175.6241,125.82312,56.060238,85.918884,60.10183,71.09988,84.3995,58.337765,45.41611,58.775494,34.80205,45.95631,39.838863,47.849663,47.39197,50.46753,59.121063,0.28594008,0.32455018,0.37988487,0.3684337,0.5990751,0.3417892,0.305984,0.35653928,0.34633633,0.53828055,0.35128537,0.2821403,0.081924,0.077428944,0.091968186,0.06112686,0.121049084,0.044492174,0.08004538,0.08211499,0.04898254,0.11135313,0.057555035,0.05429402,20.079600291021716,15.25072629608004,19.06130892546191,18.55134956191455,18.531048303010795,17.441885569081364,42.36119990922248,19.973448973499117,15.954201773706258,17.74877704532546,14.28098290893182,12.80342868439796,7.4946477888294005,7.600830544863151,0.10825444744098298,0.0012332061950423823,89.10290948275862,country.00053.wav,country
-175.0163,115.70678,5.10645,58.160652,-3.3279545,29.664284,-10.028762,19.65578,-16.30351,13.737743,-8.81984,7.2240396,-8.89276,4.7499175,-11.4932785,0.91233087,-8.153264,1.1864227,-7.9808745,-5.6468606,1581.3663,564.013,164.33644,123.9753,110.186966,89.25966,80.54561,98.54782,101.86072,109.6049,55.10201,92.32627,77.74949,45.36054,64.89581,46.405144,72.04587,100.58488,82.21731,80.97544,0.2528243,0.20953287,0.4056381,0.3982518,0.30058578,0.3220227,0.24807817,0.35157162,0.31089154,0.30116478,0.40886113,0.24380311,0.09367374,0.036516834,0.110185266,0.12790601,0.0527505,0.1103777,0.04565651,0.11248035,0.10137271,0.054861967,0.12708838,0.045177154,22.09031453600173,21.332720795284107,22.809882127930383,20.998311546625114,21.80284035081756,20.05698506644042,38.9222848964237,21.34644151325379,21.13377505727614,20.703997322010537,17.153026624652323,14.933542934926116,13.650431449768927,11.957685057572007,0.06020787478231424,0.0006232435558632246,75.99954044117646,country.00054.wav,country
-82.962616,122.5328,-16.658556,40.01591,-15.007229,21.670378,-18.256283,18.361864,-17.988773,16.991611,-16.039673,8.533731,-8.706784,10.766552,-4.624802,7.2375846,-7.6094975,5.2948713,-5.5172386,-0.17936282,1523.6538,367.03366,118.92874,93.066185,137.1123,80.38317,46.37496,41.115597,65.49145,47.087093,39.873405,59.333725,46.455837,46.78715,45.676445,46.009785,66.655655,44.49691,57.20937,49.15354,0.30242285,0.31239054,0.26000232,0.40560785,0.47000557,0.27631313,0.31642783,0.29553786,0.47817212,0.37022078,0.32473904,0.47308284,0.047695678,0.08675943,0.048185635,0.0872502,0.09766868,0.047821052,0.094468914,0.055511616,0.13099396,0.07990774,0.052058417,0.110816345,20.45688606318805,15.860720533406994,19.54675585846504,19.56410655318386,19.438191090115087,17.841886509661638,41.07408022858644,17.586908817656454,17.495405539848672,18.676093256292845,12.53088027918236,14.188504938973013,9.466505954672597,8.614360866393131,0.08110419589299536,0.0005435511271452128,129.19921875,country.00055.wav,country
-164.79193,123.42045,4.2346554,48.788734,-5.1513314,22.844551,-7.8052983,19.294296,-11.024413,21.256271,-9.740571,5.1541314,-6.1411104,5.4141016,-9.923706,3.9135349,-7.3264365,1.3926399,-8.839242,-3.7414536,4759.296,561.66583,483.60315,123.948395,240.41225,141.82668,78.69829,79.93911,107.7403,151.76295,65.10185,105.520584,52.801735,118.13193,62.25312,96.83905,134.96439,77.87725,79.00877,50.464005,0.36128235,0.24773952,0.2080206,0.15535147,0.27237302,0.6051998,0.36434218,0.28828573,0.27753818,0.4327382,0.37635854,0.2407453,0.10349177,0.05911237,0.059393805,0.019698408,0.047325604,0.13908912,0.052730694,0.07812049,0.052661646,0.10315654,0.08917972,0.048354257,24.45376274468534,19.788529111979347,23.530138951887082,22.90019215241876,23.068363522143382,22.20023454677709,39.43060461903836,19.889119891657085,19.264473645337812,22.564980095704026,15.164422215942212,15.507958802185408,10.265116879517672,11.20797143821746,0.054941088791602165,0.0010102641317227806,129.19921875,country.00056.wav,country
-137.88376,121.523895,-13.267188,43.318726,-10.709388,17.858778,-7.9495444,9.089492,-19.792675,9.440965,-19.59838,6.907874,-12.543895,-0.7556317,-9.14944,1.4457074,-8.303117,-3.7529554,-6.868935,-0.48034763,4390.565,510.77805,266.2447,179.96416,161.61383,201.54669,104.05994,109.60131,64.82878,123.15521,105.777245,60.09189,77.009125,90.665634,60.669106,80.53966,58.538166,94.6898,49.603436,69.36927,0.2879645,0.3578193,0.2324675,0.36874783,0.23047428,0.24847884,0.26393655,0.27948028,0.5628991,0.39845678,0.3339325,0.21567994,0.07363587,0.099436805,0.038889643,0.120016895,0.046690132,0.07908417,0.07073101,0.03408124,0.14535166,0.06375435,0.10867364,0.05430195,29.963583969439526,18.24552714871611,22.369289643101276,21.5055391779424,20.719450043739542,20.904841542750113,38.936634094371016,28.701016527958533,25.564410404530506,21.590603230649393,15.767905779440275,12.917041263455054,17.592008059150086,21.42829432735823,0.07543756349167957,0.0013847578015951465,135.99917763157896,country.00057.wav,country
-101.38996,120.45385,-0.40658712,49.04242,-15.863626,19.873766,-13.094367,18.574188,-15.706967,15.254118,-5.9068427,6.6473475,-10.359329,7.085957,-8.217057,6.2007136,-8.389561,2.9200687,-6.6528335,-1.3233217,3323.0906,402.68494,384.83704,168.71284,127.59191,109.247536,105.52316,81.69379,100.66301,93.40821,76.3742,55.03653,69.22863,44.907055,52.190727,56.343945,53.4557,64.4638,39.5761,44.59595,0.3220986,0.21248971,0.31843138,0.52194536,0.34609956,0.41030553,0.2863884,0.31635734,0.26881304,0.29494378,0.5645828,0.3133623,0.091172874,0.03544723,0.06451885,0.14366262,0.05599779,0.10719309,0.0578217,0.08062145,0.0797838,0.043442663,0.1222469,0.04110934,26.95380365365151,16.881208815550266,20.47041915883207,20.139621007900185,18.710545779765077,18.0079270315606,40.647476213216365,22.934871050457375,19.075725171652095,22.691801574673065,15.954827312050304,13.74849297910587,14.641155851063111,11.496176696351535,0.07327015407314241,0.0010298283405735594,112.34714673913044,country.00058.wav,country
-185.1138,120.50994,29.717457,56.400288,-3.034662,22.222614,-10.344739,20.05401,-13.685051,9.170437,-6.4285364,3.2967808,-8.737772,5.0113964,-9.227386,3.7786367,-10.20193,5.912037,-4.4247093,1.5817283,7327.2266,1325.6265,439.59756,431.3389,351.3649,176.61723,295.88394,144.35858,148.27158,120.34594,74.16232,89.064095,105.19033,68.33209,101.77182,88.23429,93.22694,155.51013,110.068596,126.169876,0.18760517,0.1343487,0.21470945,0.39462683,0.25746867,0.31993654,0.27468115,0.4492755,0.42793402,0.29038885,0.28873146,0.17288253,0.07958014,0.035303593,0.043834906,0.12640408,0.046377905,0.12719966,0.054451212,0.1128717,0.118618,0.06609011,0.1044257,0.03465447,26.578632563620967,20.782833170119794,25.184533782101433,22.364208691551305,21.05978840275577,19.37802410462996,38.621183008291695,23.93377386313871,20.736989567184292,26.116127005057763,24.316840758930336,24.28072947613701,20.455860454680064,30.832953688865587,0.052538986914667185,0.000968417538203145,135.99917763157896,country.00059.wav,country
-178.51938,130.13269,12.088971,47.051086,2.6224906,24.094347,-4.627712,22.772083,-10.941143,13.539126,-6.8097224,8.71216,-6.0909204,4.0794597,-5.1527214,7.8594203,-5.255473,3.956895,-3.1399353,-4.3878207,3802.4438,1009.0519,245.85066,124.87874,172.40022,122.72504,107.4498,102.97119,203.92638,144.31024,131.30542,96.18746,79.9962,56.003227,55.427944,62.950386,96.26941,67.10664,76.865,66.97614,0.4872196,0.27028695,0.23183687,0.21975352,0.35287237,0.49097544,0.41952008,0.44660845,0.33244276,0.33111438,0.24754289,0.27444464,0.14196095,0.03778251,0.06538347,0.029188393,0.06784069,0.14115347,0.08610969,0.11267572,0.082259454,0.09019819,0.045834206,0.052652825,27.479287353445134,20.32727112931964,22.515426450864002,20.81768468379491,21.467932834042355,20.273933048720206,38.067551542478874,20.963640704531183,22.66210876778466,20.235695967153507,13.838366953110082,14.757849277335836,13.191226712049481,25.3706239977971,0.04291659612035604,0.0011205059197779263,69.83741554054055,country.00060.wav,country
-186.39238,135.86008,5.928499,45.8605,-5.766276,22.786793,-13.002946,17.122374,-13.756378,9.734512,-8.368886,6.659228,-9.09154,5.422999,-6.853948,1.548852,-8.558103,5.4474525,-4.363458,-4.7068315,4648.613,840.8975,259.92218,143.79794,178.05077,93.853096,109.00866,108.88025,131.43898,116.36618,84.65612,74.54616,61.646988,64.89938,70.823425,87.90207,65.20342,86.97602,40.51338,73.05696,0.15060629,0.298957,0.43738714,0.25507593,0.29143137,0.15945995,0.23860763,0.2894441,0.39231902,0.67749447,0.3518568,0.23085344,0.029983822,0.072548434,0.13216034,0.04065063,0.0861379,0.023016037,0.07441873,0.09330159,0.03837448,0.121752195,0.036675453,0.057359293,27.58007613186269,19.05086549730835,23.54077353193361,21.173070159471408,21.600273443803218,19.88486271320346,37.32638730195619,20.65637338101786,18.634048687568935,20.664763762288917,14.533768187482643,14.671868574502412,12.976870861781872,20.04414780501636,0.048586629861648606,0.0007050965522602067,123.046875,country.00061.wav,country
-94.09417,109.16863,-11.84995,41.56547,-19.475983,23.831955,-19.935585,20.374748,-17.28199,16.585613,-10.199128,9.392066,-10.051932,7.8054934,-15.095585,3.2743917,-10.467717,7.547813,-5.5502315,2.2327795,1606.7441,369.68558,202.01698,206.44022,113.08032,104.458275,84.56237,61.262234,74.51497,76.7437,78.2636,44.29269,73.84658,51.483696,46.099895,44.081696,47.09319,57.704426,51.658802,66.656494,0.3351617,0.3869299,0.57670605,0.42654774,0.44255084,0.39907053,0.34693983,0.31459957,0.36108625,0.5269959,0.28202564,0.2858581,0.07570591,0.070290595,0.13482915,0.07141428,0.08671222,0.09399706,0.07003322,0.069268964,0.05607396,0.105276525,0.045545258,0.06781418,22.214709366175665,14.489083721815687,18.915254411971922,19.172380861037364,19.000384446109432,17.33892602880362,41.59392026348088,20.24640420845905,16.284931641522935,18.003588892335518,13.935479630722007,12.034535041545858,11.384025170706911,6.1815952432404595,0.10237579818111456,0.0015454092177406493,89.10290948275862,country.00062.wav,country
-185.4226,118.46735,17.79529,48.887688,-2.1608064,21.370108,-9.001163,20.535988,-11.416626,9.282178,-5.4816723,5.754808,-2.979571,3.4514766,-6.0777125,1.2669607,-5.9532437,7.072019,-2.168447,4.8688574,5604.2847,1307.4767,318.04956,323.24307,192.12555,211.96213,190.56294,107.6385,181.19214,179.47609,123.44432,114.23413,117.24959,104.086975,97.75929,74.73969,79.523445,152.08978,116.28755,215.18266,0.29398876,0.38031444,0.47583824,0.33306226,0.37840742,0.28706345,0.38561806,0.28160214,0.21900664,0.28379804,0.29961184,0.3889351,0.067129515,0.096761435,0.13451463,0.07356631,0.13621593,0.062482145,0.11831873,0.08330503,0.058612246,0.08715446,0.075081766,0.11201184,20.517252463779382,18.744417991757807,22.87792124002176,22.398678175900958,21.59547075188792,19.63486415638248,38.16334053780236,24.505509129105803,24.67158955010946,27.05393225389517,24.9839856844822,25.38438311295379,21.596327859093982,34.5181790381027,0.058282716355456655,0.0012669479794450568,83.35433467741936,country.00063.wav,country
-217.74222,128.34692,-7.513693,39.265003,-2.5556233,18.173012,-15.166711,16.770924,-15.265886,4.8992114,-6.5137625,2.8973582,-11.506307,-0.105541974,-10.6238,2.2620764,-9.167437,6.866773,6.2359557,3.369279,3458.846,657.14716,264.94208,259.42178,204.3717,167.1018,128.78555,147.66687,96.98218,142.27959,108.67409,88.20961,120.96468,79.51739,137.17398,67.60316,118.90042,159.01749,95.16662,131.93294,0.31389847,0.2153472,0.23601423,0.255782,0.33189744,0.5469389,0.27878493,0.28720272,0.2099458,0.19205955,0.15337487,0.1383948,0.10213039,0.045014,0.09060307,0.097023785,0.08747096,0.1609605,0.059921,0.12229787,0.06696023,0.08431522,0.044559628,0.023739602,23.022806078155234,21.268061748051913,25.770905242106927,24.215606822805608,23.42136607103336,21.164194018686207,36.37056119420417,27.205418159859754,22.38757719412826,19.6895246367196,15.17085939783676,14.177373386211901,10.257763774198196,22.541569003339788,0.060115282749613,0.0006673145192952568,135.99917763157896,country.00064.wav,country
-250.87863,163.09831,-3.8807104,30.153528,5.576422,7.4960384,4.02482,-2.1106052,-5.470411,-1.0583411,-9.981246,1.8183817,-8.760416,-7.0439935,-4.215172,-8.841513,-7.404842,-3.301464,-5.14065,-9.97036,5263.8228,700.6331,966.18286,387.10477,436.98547,147.11098,159.04056,128.44455,141.3975,95.02664,103.867744,81.90808,52.7423,84.70282,61.4356,42.283474,51.536644,54.00053,48.818253,42.29457,0.2449548,0.22761248,0.14058658,0.20424423,0.31665444,0.28547072,0.3571526,0.27866867,0.3764744,0.3348457,0.26721644,0.3597534,0.06203509,0.09007164,0.038629506,0.056949586,0.10721695,0.06570821,0.14982292,0.06683589,0.1285038,0.12507576,0.06074654,0.14396974,28.50142998154316,21.31881008146533,23.01841894399749,22.04907315305593,22.219443606863397,22.277500566198025,30.488929600048326,19.474389460817882,23.762958847427143,28.190378584392676,21.087424818311685,15.971909984378005,14.113380225518654,26.150077060615516,0.038680794069272446,0.00044270610826237065,123.046875,country.00065.wav,country
-102.51608,135.7217,-46.895443,32.746296,-11.16036,23.465744,-9.766422,16.901648,-11.6851015,13.207406,-7.183144,4.735628,-8.202425,2.6096551,-2.9877625,6.8062387,-2.078867,3.292025,0.2834381,-4.21877,1930.2573,365.92157,224.5432,194.85066,133.01001,176.92957,123.57434,62.87812,85.51217,72.367676,99.429955,74.3368,49.662,44.4165,38.79046,61.859604,50.90778,55.87504,43.012962,39.115242,0.167793,0.24855904,0.33179525,0.23446542,0.4512853,0.25920093,0.32590023,0.35563755,0.31361485,0.6587488,0.27045992,0.23111789,0.021096414,0.0441559,0.09510354,0.024629576,0.13589406,0.04123988,0.07644547,0.10701281,0.04220326,0.11745919,0.025524257,0.05737007,23.480926169902663,14.951755780557573,18.667521246552635,21.225098899861738,20.574316531414524,19.811244997177077,38.969597854295316,19.188147759934154,16.635463874428194,20.207501094797486,14.0630223406725,12.624709881431203,15.729824683063045,14.078913549619188,0.09886750495839783,0.0007023863962659655,112.34714673913044,country.00066.wav,country
-328.72546,167.05113,12.98839,28.820633,11.246061,14.426724,11.705959,7.804122,-11.729083,2.385381,-8.347571,-3.857314,-6.7459235,-5.7640853,-8.251606,-4.5495777,-1.0538641,-4.606028,-2.8582494,-2.2324877,7254.9297,951.17145,1303.8496,333.8964,472.45352,267.98917,119.5036,118.90315,127.283485,201.88867,94.487305,87.70595,73.52498,63.93943,71.88248,43.310814,64.161644,65.98187,42.46135,45.92736,0.33986047,0.3718283,0.29673836,0.32533023,0.31921658,0.37915123,0.25290287,0.27696162,0.37847325,0.3086452,0.3398569,0.26661295,0.07817053,0.11553628,0.06587723,0.11452553,0.07220857,0.11567282,0.058845058,0.06925635,0.11966526,0.055093948,0.11868623,0.050567336,28.01887488893381,20.404679891875528,22.960022523924167,19.5104147122479,19.03323745172296,20.064943708766254,28.51876465186847,21.215856574019153,18.183571178729018,25.249674414983048,20.977534153094286,12.21058885019687,16.870199528164402,24.323651325874025,0.03538187221845975,0.0006060502738850896,129.19921875,country.00067.wav,country
-229.4689,157.31282,-16.762049,31.879862,-0.11036961,16.656443,1.3551719,12.223305,-3.8625042,6.8392324,-4.2632265,1.3375682,-5.8956633,-4.0342126,-5.2549577,-4.548437,-6.8075137,-4.406004,-4.17981,-6.349776,2328.8425,879.73334,300.54752,232.67957,188.65884,146.29114,111.593544,74.820366,134.92809,106.14997,70.08753,47.251625,43.472202,40.76986,48.192474,48.46601,47.187656,43.161148,40.981525,44.729557,0.24516909,0.38872632,0.46167597,0.3429389,0.3292617,0.30153114,0.44910127,0.28315732,0.3144317,0.45583323,0.3389462,0.28187567,0.047889303,0.077730104,0.12065518,0.06366489,0.101869956,0.06063012,0.13013096,0.066644736,0.06994986,0.1185878,0.07033259,0.091261424,27.09064381877084,18.83957233726177,20.66025173966048,21.29418215116375,20.1007210395604,19.029438942368646,32.55556313762988,23.907407444229626,19.375729270951545,24.430299486834645,14.47135897740025,9.731676849810352,8.763321071789658,12.78994897837578,0.050243082430340556,0.0005218393134502228,161.4990234375,country.00068.wav,country
-217.16394,136.1694,-10.362346,51.389046,2.6122367,15.1277895,-0.6809201,12.287426,-6.2264233,7.8023224,-5.4090786,3.6247036,-2.807217,-0.3602875,-0.55972093,0.36299667,-2.252891,-2.4962318,4.193677,0.35145858,2647.904,698.02203,228.87364,249.5237,212.9724,112.52898,163.87186,125.36601,95.46246,90.84508,98.15495,97.416084,99.5168,85.41024,91.39784,103.55511,51.030075,99.748,79.2517,80.970856,0.20630917,0.37514737,0.5760189,0.33498767,0.26918826,0.22505003,0.33582383,0.3393835,0.37896308,0.58024335,0.3168187,0.28796268,0.036836937,0.069683716,0.12290876,0.050147988,0.06423391,0.0450136,0.07561873,0.10064471,0.06332496,0.121981055,0.055948652,0.07457548,25.486507816198934,17.6909189891391,22.265196894775094,22.349303829382016,24.30249538564455,22.936067151310297,35.56480917772748,22.824407419612644,16.305229719117627,19.962224298118375,19.171664642384197,16.287413289747406,10.24448853312575,7.51616056631753,0.06108731012964396,0.0010124067145718728,112.34714673913044,country.00069.wav,country
-99.32007,117.56864,-29.88463,40.83229,-15.2631445,27.98068,-11.955396,13.331403,-11.367624,10.538834,-8.748048,8.41087,-6.8442154,0.4395355,-5.3088655,1.6441803,-7.3530955,0.518466,-1.4642422,-5.926997,2686.1277,569.5955,241.60896,233.88995,129.263,171.74216,122.65654,72.841354,77.54987,87.945335,71.60219,72.05833,51.334225,72.90848,56.609035,64.18434,48.59612,45.03041,36.26874,43.4456,0.29691878,0.31749597,0.27074194,0.440863,0.5798166,0.34411958,0.34008944,0.28011942,0.39578947,0.38373202,0.30512923,0.4247259,0.056055333,0.074563056,0.052779496,0.08785317,0.12749524,0.060779996,0.08732269,0.058573756,0.09312555,0.094725266,0.05045929,0.10700476,26.231456497889617,16.126890794464888,19.608399341162325,19.983849034837355,19.98148301059391,18.24273996931003,39.83566583220026,24.634411319365604,19.89146965786891,17.361696489963286,15.622414476149162,10.787827009502845,12.745383871545524,13.664391305857842,0.09476964613970588,0.0014277117062604964,112.34714673913044,country.00070.wav,country
-185.85666,155.29944,-25.034077,20.532516,-3.8348439,-0.60029286,-4.568851,-5.914592,-16.53805,-0.45218414,-16.302254,-4.2136073,-16.815842,-4.541953,-8.360623,-9.983513,-7.767914,-8.343301,-6.8449087,-10.199348,6416.7056,1150.184,534.60236,280.8464,571.0953,176.5676,139.96475,70.68712,115.18247,154.52556,150.79356,136.76414,110.28739,79.09001,52.86852,83.58095,46.345074,63.0418,57.500607,48.77612,0.1963887,0.23038338,0.42468908,0.2677397,0.29534587,0.1891848,0.28661245,0.28556228,0.25779605,0.36182708,0.28344482,0.42873776,0.026912266,0.04783078,0.13108905,0.046203755,0.11571606,0.041165713,0.08085348,0.076068856,0.06314847,0.12954088,0.048353445,0.15269142,31.726383711421338,18.350354938837942,22.389094232488784,21.88348902541341,22.60560775937335,22.95754050427963,33.23392115681829,32.45486983207712,17.829409792254257,19.65184450239579,15.7365368757975,17.759147343728504,12.380916031246,43.01863932041443,0.060543095733359135,0.0008907203561013363,143.5546875,country.00071.wav,country
-96.28298,131.92026,-26.322138,35.98216,-22.807713,14.489158,-11.834168,11.80155,-21.218061,11.527786,-12.925014,7.1762304,-13.93854,2.9490716,-5.027494,1.5300584,-4.385612,2.5454063,-5.3661113,-5.97007,1790.2275,447.1193,299.31012,196.58936,179.30284,147.39253,166.39249,124.4092,101.92698,103.12671,56.24882,94.431694,68.2695,65.54547,51.98457,47.350437,54.7416,49.586662,47.8071,40.435265,0.24913344,0.4854218,0.37103826,0.23580484,0.32945806,0.30319786,0.49748188,0.29918742,0.3245006,0.49713674,0.29696473,0.25231457,0.038594935,0.09946204,0.094077185,0.036832273,0.08368654,0.050299123,0.13712707,0.059509538,0.06882703,0.124096625,0.045079872,0.06839465,20.529588709045182,15.857930631190348,20.18994449164132,20.550534225909033,19.72522803660534,19.938560993984463,39.57584267932134,20.306005774390968,13.888856477490021,17.157726811880273,15.155247609583494,12.337600764334994,15.743694530812594,8.839043386381361,0.08227350099167957,0.0005956546774313093,151.99908088235293,country.00072.wav,country
-167.00983,132.44342,-17.294891,46.932304,-3.6503565,20.946674,-8.830444,8.546585,-15.151556,8.105514,-16.944101,6.6470175,-10.924017,1.1016005,-6.29374,-3.6414769,-7.382185,-2.1708148,-3.8498697,-9.668263,2659.9258,792.85675,481.85846,190.74677,202.1197,163.41888,124.6227,93.89498,95.3239,84.703026,112.37938,98.4002,52.285835,47.28703,52.027454,52.878906,51.50491,44.084694,51.621517,41.587444,0.36888844,0.30252877,0.24084865,0.34523508,0.38462213,0.2948617,0.45528632,0.34055662,0.3855146,0.36532286,0.39428487,0.62132454,0.0375624,0.08887611,0.041216377,0.060968835,0.1037904,0.030035978,0.10159814,0.05413914,0.09831843,0.089381374,0.058760457,0.12095709,29.348426839659783,16.96484520355249,21.19359210495729,20.242812192606504,20.23256927086418,20.733623983477553,37.57941658109779,26.76397225281747,15.19691773595823,22.99653740071687,16.461495793177658,11.790866621697559,15.249927577799633,10.737525269245108,0.06975279061048761,0.0008663070741023042,151.99908088235293,country.00073.wav,country
-207.27617,130.94698,-18.496765,33.299126,-3.9221637,15.393467,-6.3829994,2.9519515,-16.786154,7.084849,-8.59407,4.79565,-12.250599,-1.0214049,-4.5420403,-6.0667114,-5.5392537,-2.364517,-6.528939,-5.895574,11795.568,836.0654,502.25916,370.17545,446.54025,125.890274,237.07304,131.77919,154.96358,183.49554,127.69124,72.00639,119.708885,66.24875,77.575165,64.330894,57.872063,48.348003,65.60118,53.85422,0.3519765,0.3072066,0.4943591,0.34166175,0.2652886,0.20216769,0.36198807,0.5635552,0.34210002,0.37936786,0.28293508,0.36847407,0.10178351,0.057461858,0.114354275,0.07650639,0.068797335,0.03476608,0.05510459,0.14130318,0.049577016,0.10611061,0.054055862,0.07812554,28.536210809671985,18.602553505107384,21.64731422703617,20.746136843413915,20.760215413996118,20.575142163765054,34.295483287847134,25.85873940934576,23.43436459926024,25.827745521617967,20.05639767062208,14.136965931740075,14.014127738766863,56.55137319667541,0.07112353062113003,0.0018268154711789555,135.99917763157896,country.00074.wav,country
-60.84931,105.47066,-16.914597,40.70118,-15.038137,36.0463,-12.818773,17.483316,-16.755318,11.757576,-10.130225,13.194357,-12.209436,2.357671,-12.200345,6.448179,-1.7883275,6.329572,-1.3351495,-2.7925975,1580.6552,299.13715,154.66605,123.97032,64.520386,65.25919,68.12248,57.209976,58.345394,57.309742,54.933014,48.12913,54.731075,47.21784,70.24835,51.74755,56.79981,42.37806,71.36524,63.415382,0.21290168,0.294787,0.31451893,0.4008002,0.6376704,0.30889872,0.34719753,0.45846802,0.38674697,0.54671973,0.3177302,0.23525532,0.04420829,0.06503368,0.08677264,0.07285028,0.1087145,0.042180736,0.07587343,0.106052496,0.054354362,0.100322686,0.048244793,0.039945472,27.171996712576302,14.737752961245125,18.216947379993908,21.04237651496847,20.380579754230574,18.90610658304609,43.31146945387574,20.227994239661403,14.790470856578747,16.155123285476346,15.246337954008435,13.140496805161137,7.953820481762116,6.760525126592338,0.11375403625677244,0.0014984813819574514,95.703125,country.00075.wav,country
-183.97171,159.81995,-23.17131,43.053974,-9.468154,8.831391,-1.6515099,4.351795,-13.370459,0.83986324,-13.976324,1.4428531,-7.390412,0.61094123,-3.3870335,-3.5861695,-9.068071,-3.1647353,-4.0701723,-7.0531178,6375.968,1944.6809,703.1782,581.1891,397.31775,211.9826,182.74976,187.3227,135.68135,124.39399,104.0122,98.018906,82.626816,80.71573,67.943054,60.92522,59.94956,65.43332,41.841,81.318504,0.22103833,0.29540977,0.4110537,0.29043877,0.3279269,0.23515135,0.2710256,0.20833361,0.25206637,0.4807866,0.28397477,0.29048732,0.058717847,0.073529184,0.1274913,0.05749217,0.11563334,0.05288785,0.08468071,0.05882883,0.049755402,0.1403589,0.055110984,0.1081836,28.606980214416144,17.413685510636196,21.858970627304533,21.53313747444272,21.102024171045628,20.95128213957614,33.18520587126007,21.704735014371007,20.087715027288215,21.964555051318964,19.50584508951044,22.319942873175993,27.102183063127,45.20087329511836,0.0665252968991873,0.0016720653319256217,143.5546875,country.00076.wav,country
-118.23319,152.94319,-46.513096,31.120495,-17.286913,6.277332,-3.6798625,13.048771,-13.126937,15.706044,-13.076928,5.7017627,-10.694594,0.9979592,-6.701846,2.5876033,-9.8034315,0.16060126,-3.4548173,-7.41952,1633.2109,463.40656,247.98476,133.18547,153.99692,121.3217,143.7602,90.557396,81.96517,79.6711,78.07366,62.500423,52.495415,64.53745,53.10068,50.475506,63.192852,58.373646,45.670612,46.85562,0.5940152,0.2434878,0.24944551,0.209703,0.353001,0.51417917,0.26196864,0.40027285,0.29369178,0.3990354,0.23557273,0.2931312,0.11201521,0.03638755,0.0794954,0.040458597,0.059289347,0.11399857,0.036145773,0.11882298,0.05486438,0.09406016,0.044918478,0.044614956,25.59138030861181,16.118034783670595,19.831175754893177,21.17496741586182,20.362660303135872,22.692035888473313,36.90561098907485,24.050736454720813,13.734754151827657,19.74802142045705,13.951157663342972,10.174091443775895,17.46356878133746,11.6351227129209,0.08784300624032508,0.00052486516227558,92.28515625,country.00077.wav,country
-302.58182,150.15967,-3.7027957,26.923807,-0.26331568,13.522552,7.2485633,4.2178683,1.7668283,6.5633116,-0.4889704,7.8965797,1.32933,0.47706702,0.07484705,-3.2051349,-1.8265169,0.8744352,0.5740032,-3.1530657,7619.7725,841.2993,770.8227,288.42505,323.53305,163.20853,152.439,113.38723,120.14066,118.75019,81.89238,80.78759,65.61941,71.19587,61.635956,48.517483,47.167347,48.11055,63.040684,55.010994,0.37655398,0.3962612,0.35818842,0.40115237,0.44089308,0.31365037,0.32437652,0.25814354,0.3577284,0.41348517,0.40437374,0.47072792,0.088635206,0.0938264,0.1013848,0.102210045,0.11224527,0.0639781,0.09782936,0.041819435,0.080706105,0.10959817,0.07718563,0.10672649,24.891778506456394,18.005563391924134,20.200303340665947,20.32951901816465,20.028056374424093,19.313223782025204,29.3514952632483,25.015837795873246,18.43736556883279,18.21030359487249,16.32803994575592,11.884172515649576,14.441464852114319,33.19899577540438,0.04985797515963622,0.0014528422924440902,129.19921875,country.00078.wav,country
-229.1472,180.35635,4.5209055,24.184404,1.1109347,3.9924355,-5.9960327,1.8722159,-13.136269,0.0047071236,-13.499958,1.5836844,-13.435797,-5.6945286,-7.6074038,-9.802795,-3.7803762,-4.796636,-4.7147093,-2.9630823,5075.5967,1434.7378,724.1395,302.21692,450.28275,173.46767,198.94948,161.97157,114.62684,209.14621,110.03284,147.11012,93.62519,73.551384,61.088955,75.938095,81.06684,64.29056,59.320145,86.520195,0.40901235,0.21867532,0.29994515,0.2416393,0.4552698,0.35210994,0.25934026,0.47130135,0.25269818,0.30822825,0.18266314,0.27206475,0.119816534,0.027732192,0.10733247,0.038946483,0.12595275,0.10098237,0.030079838,0.14208858,0.032639455,0.119909555,0.027379647,0.05386515,24.031283669045862,19.285411495880826,23.095381567075282,22.651522738070902,22.858773279362758,21.051129197341364,32.190423480597644,21.981131943562165,16.567794224192507,21.756638198640747,18.74918420922706,16.978215297417478,18.753621035224473,35.82086674420548,0.04576843072755418,0.0006037659705365646,80.74951171875,country.00079.wav,country
-100.955956,111.60762,-13.152134,44.59755,-5.961039,29.337101,-7.956897,19.591026,-22.446842,17.270527,-17.831654,11.408343,-12.451892,1.6513623,-8.525837,2.7190504,-7.307457,4.8687754,-1.2129418,-1.293074,2957.084,817.8747,460.26184,176.61862,200.66414,135.20857,211.41199,110.19719,86.40402,97.27173,72.54086,44.44313,54.97505,48.708946,69.57411,50.84689,59.77377,45.54204,46.68716,41.668633,0.3017368,0.35055223,0.60341614,0.46130654,0.27218407,0.22461596,0.388771,0.43410632,0.34445474,0.49293202,0.3763545,0.3973266,0.061997622,0.051878136,0.10938636,0.07920309,0.051730264,0.036565617,0.07623216,0.10991966,0.05113629,0.10774437,0.05973719,0.098666005,22.291812924151213,16.1587582549129,20.333392544853993,19.654526623129517,19.810988248782213,18.65897485694785,41.44337627348281,30.397269059545522,16.27422878396809,20.838770486935285,16.583057206313967,12.27266029524257,18.150525699013045,12.388025592815001,0.08940724470297988,0.002112166149496334,99.38401442307692,country.00080.wav,country
-74.1483,107.63805,-21.198166,47.234455,-5.976316,17.812094,-20.399551,14.992423,-15.965242,15.734073,-14.664024,10.681491,-10.128547,4.4502964,-7.654799,6.92382,-9.014679,4.1666946,-3.7480404,-3.5929134,2214.0066,574.67706,304.17764,255.45172,224.84477,117.05989,146.66728,83.55716,117.02978,81.02709,89.63198,62.428806,73.45693,53.22525,48.88524,51.78398,49.107555,50.107967,51.351044,33.95058,0.32274646,0.32859987,0.34286386,0.36174244,0.5066088,0.30714113,0.2886427,0.3117342,0.4165793,0.54762524,0.38766095,0.42289606,0.061906856,0.07321291,0.078685366,0.055672277,0.11349597,0.050418824,0.06373983,0.0664976,0.08155963,0.12524635,0.06160173,0.10564558,23.64089875529396,15.496152149993332,19.59514153470297,18.54204254620147,18.56043700644706,18.352009974407324,41.58722106804788,29.59695320040194,16.702691680397574,20.02097630478514,14.064936596459674,12.397378457012662,9.155486915730181,10.626293814963994,0.10102962340363777,0.002333535724178966,89.10290948275862,country.00081.wav,country
-68.62351,101.354126,-16.908741,51.526352,-10.228339,20.050034,-21.784996,15.524762,-18.795237,16.359055,-17.893854,12.126649,-13.205329,3.8833323,-8.886962,5.021149,-9.8277445,6.5361466,-4.5069447,-1.8084127,1460.0497,491.72696,301.76077,289.87643,184.55968,151.35388,120.45288,96.08673,98.01595,100.71955,95.200195,58.351078,63.024612,65.072334,42.921677,42.170326,52.45084,40.11396,45.585403,29.599026,0.35191134,0.33027667,0.4483485,0.38223875,0.3902274,0.35133886,0.40657392,0.54719347,0.3735453,0.3775362,0.31398782,0.35681376,0.08478237,0.056201003,0.097148634,0.06911618,0.09703225,0.08776385,0.07358036,0.115630075,0.060104817,0.0934539,0.06434506,0.07000514,24.173632578296363,15.020675522865188,18.767996721508425,17.409859541584808,18.314437007335883,17.337015542675523,41.92643243225105,26.23397040879091,16.605899692180056,23.300941336996722,13.249054844310102,12.138102677872931,8.613328274210348,7.726598461317581,0.10609270692240712,0.002184309318505578,117.45383522727273,country.00082.wav,country
-148.55994,141.2805,-15.883042,44.655067,0.9918706,13.662192,-13.240343,12.651497,-11.702235,12.159911,-10.476022,9.908224,-5.055813,1.3398417,-0.5577617,2.8566837,-8.09752,2.1134844,-2.4832213,-4.4316597,3858.4683,731.24396,484.08365,279.7192,236.515,111.464966,144.20898,88.45468,112.13843,106.95521,105.69434,72.36178,64.38542,73.84154,86.996574,68.46171,66.21792,47.7768,46.044846,54.363983,0.2698947,0.3416089,0.24117942,0.31908536,0.3975382,0.24863692,0.28927073,0.2556958,0.43271422,0.35573915,0.28142184,0.38759556,0.043691117,0.11350301,0.04532634,0.067602195,0.11492901,0.05183817,0.098517306,0.047634162,0.12362154,0.106985584,0.051237196,0.10471877,26.489397441044893,18.2032301779277,21.70688286295717,20.054944453661225,21.106314662599143,20.934006088599265,37.36986956874182,29.56408673264328,18.41477935697024,24.554388238232946,17.024633585716717,15.566797848504077,13.437213931620626,14.541985319060164,0.05955141616679566,0.0008214195566309273,143.5546875,country.00083.wav,country
-80.23639,108.186485,-23.827435,52.60141,-6.424084,15.064199,-17.635906,9.739016,-16.176489,8.906126,-15.964033,8.001828,-10.704085,4.5692387,-4.9603505,3.9968152,-9.807707,2.6804268,-8.185659,-5.239688,2350.3396,516.3707,276.89923,263.99796,195.94028,136.1281,132.4513,102.68477,100.36944,121.81239,91.42306,79.35563,72.339424,82.7655,57.113228,65.10258,68.34779,53.486988,57.236927,42.830563,0.34108,0.27706596,0.4412651,0.27448305,0.2926624,0.22172531,0.26487088,0.40688676,0.28232163,0.39652836,0.26374277,0.37414774,0.101557314,0.046378314,0.107616566,0.04517532,0.091314055,0.054917935,0.05816947,0.12410689,0.049332082,0.13166507,0.045530964,0.108537234,25.66026722604263,17.96938421300975,22.55371880479695,19.475608051787148,20.404534231343995,19.665520113117665,40.35514827911885,36.70974982551814,22.25400550251163,23.641825098656433,16.401917269482126,14.691597299110168,12.064433538497283,17.455032256876574,0.09301795605166409,0.0015286282856815012,172.265625,country.00084.wav,country
-146.04881,124.6481,-17.922836,49.225044,-0.17947567,22.789757,-7.1734586,16.74798,-9.723663,15.444623,-7.621331,10.908757,-3.4551363,5.422265,-4.9359694,5.122743,-8.049169,2.6350684,-1.8498031,-3.4177577,3173.49,630.0901,536.76886,265.97452,231.01434,149.37218,157.38954,83.61842,179.8695,97.95089,82.33736,84.306274,79.71033,74.18713,56.14164,66.98042,75.081726,53.871197,54.510864,77.80986,0.22535633,0.30725685,0.2855069,0.33604568,0.52137613,0.34106982,0.30465302,0.21882035,0.37224042,0.5057224,0.30818006,0.32905218,0.042547014,0.088551864,0.079001054,0.063388124,0.12536712,0.06611578,0.089170024,0.035701334,0.07365715,0.14293472,0.054692775,0.0904431,30.07542254413754,19.13320478463275,21.988430007537435,21.339140988206584,22.126353055344435,20.6505605157768,38.47901470532178,28.83489609205834,20.970954224768477,23.303931113550558,24.142974308557314,26.898703545942194,17.07648248773053,10.30701696679151,0.06926526521381579,0.0012549482879643332,143.5546875,country.00085.wav,country
-122.427414,111.48314,-13.694294,53.828403,-2.6777656,19.67755,-14.138923,13.743675,-14.016459,14.626713,-13.9932165,9.218205,-10.559242,3.0057263,-8.314941,5.0736394,-9.64663,4.321747,-5.6819005,-1.6688946,3967.6685,717.5717,397.5159,277.21317,222.5578,194.34512,169.47363,125.279076,112.64021,97.63499,83.11486,80.42113,74.561134,80.94072,58.905064,65.250656,71.60884,66.69842,76.9334,69.879524,0.38913897,0.3365221,0.39819604,0.4148382,0.35741648,0.44681457,0.322492,0.33587143,0.27337748,0.370931,0.4646758,0.35232812,0.09994721,0.069103315,0.09210859,0.09617837,0.06777967,0.119938456,0.06358372,0.097320035,0.05174393,0.08301393,0.11624768,0.06457563,20.716778121215228,16.493487475789806,20.285511839395692,19.606751751347293,19.851954141836206,19.00231845091499,39.07790420748087,26.98878484336522,20.93963953179811,22.469036866776815,20.217420975819437,17.475342398268428,14.340546114165953,15.367757090761971,0.07831736467202012,0.0009039220560649261,117.45383522727273,country.00086.wav,country
-170.90068,124.81326,-19.262194,39.2072,-3.7551057,15.289897,-12.972992,8.530165,-11.833667,11.321371,-13.773079,3.102464,-10.078784,2.897005,-5.484683,2.5281568,-9.198529,1.0730373,-3.5728164,-6.7214923,5722.3784,714.00696,584.815,373.7933,251.76694,154.36554,125.09538,85.02185,129.5006,146.9912,70.29806,114.60049,77.229385,98.13914,54.09519,93.3063,96.14985,80.5998,66.37564,68.49646,0.3331689,0.2648703,0.36496717,0.27312285,0.37381142,0.23617329,0.27039936,0.4807007,0.3221991,0.35476086,0.28091663,0.3861016,0.08024831,0.04420919,0.12532492,0.044195328,0.11049488,0.0460212,0.065534465,0.13214687,0.056167353,0.12025806,0.059039455,0.10037338,27.391485678953092,19.93890139084065,23.35535665362241,22.129004284077734,23.391435425995525,22.642686140915544,37.71043322301243,31.077119010883166,21.166869710194074,26.552759469541304,19.912393936490236,20.551769168829445,15.783787895726023,12.474208325702003,0.07391451903541021,0.0013513482821361454,143.5546875,country.00087.wav,country
-121.94322,123.237656,-8.495369,51.596375,-0.103512995,20.407,-11.87541,16.275984,-11.508768,11.847225,-8.085656,9.13035,-8.638808,5.559068,-5.714605,3.9428213,-5.466577,4.9758854,-3.035579,-3.316732,3050.015,477.79916,516.6183,221.31284,181.93176,147.63211,127.93865,88.28764,117.03243,114.87072,88.514015,56.138725,75.99942,67.42661,72.561264,74.460106,75.09747,46.741333,68.056335,49.73657,0.2720764,0.33147562,0.2602288,0.3851607,0.4627424,0.31476906,0.35709053,0.29853383,0.41971105,0.4173601,0.34198886,0.38260934,0.0473049,0.08598652,0.0509501,0.08515434,0.114630945,0.050912295,0.09558761,0.05605514,0.09863588,0.10948932,0.058492128,0.10920205,24.94430872639813,17.368857001158094,21.377784196397972,20.151879655497172,20.48685651642176,19.417616260335254,39.18369661436652,26.365416211302975,21.580838308013615,25.150977123561848,22.783272017297314,17.67339830972291,14.008311771662264,7.402377189195356,0.06606309258900929,0.0006935267754695438,103.359375,country.00088.wav,country
-205.14923,140.98761,-8.957965,36.979443,6.4254427,14.875375,-4.3181176,12.232446,-11.431657,11.850926,-7.9033823,9.912311,-2.3516495,4.477267,-5.0110183,3.1385374,-4.525136,2.6503336,-3.1228733,-10.712697,5281.82,1020.6711,482.97476,272.0718,250.44633,156.57547,201.88098,148.72508,148.24625,121.60258,101.06524,117.93632,82.022484,114.763016,94.42588,91.83649,113.805305,85.25773,75.798874,84.887695,0.28979868,0.3907008,0.35007027,0.24239177,0.29493544,0.24912784,0.2647663,0.21237768,0.3576791,0.5257366,0.34390777,0.3439598,0.079944946,0.114057206,0.10041591,0.05246532,0.101443864,0.06824797,0.081793815,0.040162437,0.063650526,0.13408853,0.059610467,0.10703873,25.01470334661778,19.781225601379692,23.013063091073064,21.75352423805103,22.400871224501294,21.71620710467617,35.607464933029014,22.589732112553122,21.671083880743875,26.630039912101477,20.62194012230762,16.47932461701109,13.55557591121563,21.526593140608377,0.05250308388157895,0.00125008768069544,143.5546875,country.00089.wav,country
-91.68523,115.86115,-30.200949,52.273148,-5.025164,16.953514,-15.656589,13.539407,-12.762941,15.969125,-11.969895,11.058928,-9.962004,2.0955365,-7.8270206,5.0337257,-7.3030443,3.050468,-4.442384,-2.2333906,1764.3448,578.0764,220.19978,220.28033,239.39183,100.86368,123.74124,87.10123,96.935356,91.431335,69.05521,64.43651,61.35114,61.136463,77.85045,41.500828,62.702568,49.707874,47.242527,41.140926,0.2957663,0.33748302,0.24843009,0.3982715,0.48442745,0.36386895,0.49671096,0.33456728,0.41613907,0.27458534,0.32613093,0.47790068,0.04129779,0.088714674,0.03547831,0.07368493,0.11169902,0.05314132,0.11548223,0.048434813,0.117837876,0.05042057,0.04907842,0.11235218,24.63908104267866,16.967745371130455,19.733994364514956,19.127907847214516,20.23000558488195,19.73571733791246,39.83680953720085,28.889062092228116,16.918924863729192,18.567233533212868,13.408940636382283,15.863734010377375,13.366899863725031,13.14818366009316,0.0990303913506192,0.0017454892522330357,135.99917763157896,country.00090.wav,country
-193.78868,125.56074,-20.924124,46.338,-2.685432,12.833369,-6.6019344,10.727056,-10.907483,6.109273,-9.442732,5.1639466,-3.6584976,0.32129642,-8.018199,0.397922,-6.5234594,1.1838377,0.7200208,-5.210151,5065.5435,732.17145,587.1704,321.06,364.35846,277.3449,165.03436,140.83543,118.005646,131.9942,142.81218,160.66414,82.84693,108.46476,90.61928,102.72985,97.74458,83.51625,68.25786,68.51046,0.34887338,0.30018863,0.38509068,0.47568014,0.32246166,0.40201098,0.3021292,0.35981542,0.32673275,0.313277,0.39741775,0.30648923,0.09606411,0.060930647,0.078464426,0.13197027,0.04826114,0.12544246,0.056683283,0.09772729,0.09054236,0.07399929,0.10872814,0.061839107,26.738418620501783,19.411619371328367,22.429404591423193,21.34737987888867,22.049156045141775,22.57016381744465,35.74796701403092,29.885367799962953,19.75379790977994,24.03592356537103,17.909429575630988,16.851935391111546,15.628250320505757,15.377374200599487,0.06475622218459752,0.0013318763362524838,117.45383522727273,country.00091.wav,country
-50.77633,96.71716,-24.326113,66.076126,-14.680636,24.391264,-21.017485,12.469586,-18.131817,13.267165,-12.802163,9.798451,-11.344081,4.923647,-7.846176,5.73902,-10.303221,3.7310996,-3.2382276,0.38193187,734.84576,238.14517,185.40167,141.08896,73.84356,59.798313,85.70229,67.43151,71.977806,55.19177,45.072975,44.095848,39.907845,40.237614,45.252117,37.6727,31.98698,28.00667,34.148853,30.329964,0.27112153,0.28683716,0.47211817,0.40720508,0.4513713,0.26809585,0.3683645,0.54412925,0.40210512,0.37562168,0.26931143,0.3300051,0.063251145,0.040031634,0.11202729,0.052721802,0.108322985,0.045306373,0.0781565,0.1048066,0.05740272,0.09217544,0.046186768,0.07880533,21.328069626607782,16.123277941905336,18.653394540627016,18.26975232678556,19.04537216178342,17.830657200235983,40.661424807277044,26.272517480553184,15.481032794720422,15.129833132727837,9.752597033804554,9.952472096515054,7.1924709004270815,59.82795090976932,0.12121959957914087,0.0013176422688615248,161.4990234375,country.00092.wav,country
-213.60236,117.2127,-21.871769,45.657654,-10.274458,5.0603156,-11.910965,5.567856,-17.804632,0.18699953,-14.165857,-1.1532573,-10.306384,-4.047061,-6.6340656,-5.4173846,-9.716231,-3.2029138,-4.448395,-9.152062,4190.6055,626.2503,512.54034,290.9366,299.65576,171.68677,202.6956,100.31303,164.59093,127.75358,120.19236,108.05158,79.41067,94.157906,72.21199,93.95777,83.63612,71.18194,59.172165,69.48741,0.12034944,0.20670477,0.32727093,0.20982715,0.25029546,0.18342729,0.31962988,0.3815289,0.25892457,0.354819,0.19254044,0.20459215,0.033853285,0.06114423,0.13391763,0.050838307,0.12103112,0.051684193,0.106391236,0.145879,0.053727996,0.14125307,0.03445821,0.08695157,29.957509047771588,22.834630655882947,26.350060216933198,24.421299769242495,23.715930178251043,23.677638218923224,35.99790793115984,25.091293531740046,26.14782819268672,31.795138920635722,26.597136770664243,20.869784836478235,15.07212091352569,12.295943914495076,0.068123926688274,0.0018866613166910347,86.1328125,country.00093.wav,country
-104.37176,136.39383,-20.940239,52.86117,2.025889,20.42771,-11.619367,17.663803,-15.735388,11.049825,-11.3204365,3.6714113,-6.4964943,0.03771139,-2.0411677,2.1937988,-7.11224,1.8450246,1.6776917,-1.4936906,2098.28,881.26575,377.94504,212.06018,197.22209,169.09825,109.19368,79.17437,77.19078,99.70439,63.802696,80.185005,65.1695,69.354065,60.06586,70.794266,64.6573,54.102886,55.595848,64.80978,0.4568869,0.2829989,0.29934883,0.26371104,0.3556848,0.3662669,0.35791498,0.59670204,0.40349558,0.38150218,0.2630035,0.37375605,0.106748715,0.04645155,0.081186436,0.05137181,0.07870915,0.09300056,0.050246768,0.12134035,0.06351951,0.08894853,0.04101214,0.090158924,25.679097633522712,17.015464272575585,21.65098153738105,20.702653831560355,20.741745348827724,19.619825430625166,39.54778339459178,26.35958921450092,17.210519085578248,19.23319760811869,14.188409863524823,15.240358154698587,14.009872850567993,11.14092775129656,0.06299281636996903,0.000971681172734239,112.34714673913044,country.00094.wav,country
-124.83957,127.38223,-23.38181,47.360462,0.5631107,15.991255,-9.954187,16.180136,-16.72955,6.785199,-8.187069,3.2049856,-1.5920391,-2.1546216,-3.5263736,2.2071302,-1.4075699,-1.689278,-1.0261395,-2.6274633,2614.477,724.3953,313.48346,208.29431,232.66708,210.89769,127.15197,89.708565,179.07619,105.20072,106.76879,73.53462,66.28482,61.67676,66.87882,50.901703,54.78184,56.481594,49.404564,43.44392,0.27276367,0.26624575,0.45470455,0.34583372,0.3362535,0.39447436,0.28711367,0.38286996,0.25818568,0.3722438,0.33290526,0.2404601,0.080578856,0.049125627,0.12496198,0.08821536,0.07937082,0.12753849,0.052310795,0.1290024,0.04979837,0.11206878,0.101306856,0.05355542,25.50892201250485,18.673816910487695,22.838251121472865,21.12952769953305,21.061284753753444,21.059026703891938,39.50237937895757,23.853806971893928,21.564907668257963,25.69951842650177,19.130689466260367,16.145877346170817,17.363464990949755,13.3509822292414,0.0672293742743808,0.003417615997155875,89.10290948275862,country.00095.wav,country
-69.88548,124.21146,-32.470192,47.694706,1.3983786,22.617672,-8.754297,21.44351,-15.66597,15.7432,-12.427222,9.581969,-9.056125,2.8903322,-3.1964307,5.8301554,-5.6160216,4.165293,0.12036076,-1.7134393,2339.7607,580.8738,329.82953,167.01302,125.16181,105.8194,151.00298,82.04205,89.30351,87.24451,66.16341,76.70794,53.76422,66.05936,65.40538,50.2405,50.981884,52.940178,55.19564,52.45233,0.24956484,0.2899128,0.58237845,0.25242445,0.21662244,0.18787028,0.36404303,0.50429237,0.28165466,0.39392564,0.24260981,0.3432947,0.070385195,0.040729742,0.13108447,0.037815914,0.058619577,0.033168554,0.07035449,0.11707072,0.043137416,0.11393742,0.044835124,0.113753565,23.833384717651146,17.930145955412947,22.237233676413556,21.26112163130376,21.848746306958898,20.65913744587761,41.190613660980446,28.30976554844741,18.497841914828147,22.990424956755664,16.051440447199425,14.820751545298863,13.797636338654748,10.232982559726715,0.09739925986842106,0.0020885689164948456,117.45383522727273,country.00096.wav,country
-148.44179,126.859146,-19.540855,52.85061,8.579708,17.89102,-8.081844,17.781462,-15.505314,13.504546,-10.957894,9.476343,-1.924605,1.8717725,-2.6637006,3.3802795,-3.5191011,2.1003568,2.08825,-0.1079625,3756.3394,991.9747,534.8792,184.42038,215.31415,173.24123,142.71727,98.254135,85.3428,114.12239,102.39319,92.02342,64.9207,87.66257,87.61373,60.295956,75.64459,65.7548,58.690777,62.945686,0.35500056,0.27416712,0.34448713,0.26762024,0.29562724,0.4791979,0.32787058,0.39832625,0.3695492,0.4457497,0.3483174,0.27008086,0.0924472,0.050592728,0.104490496,0.05717701,0.053987727,0.15044998,0.056021698,0.11454205,0.07087837,0.11499344,0.0955639,0.062047858,26.877552767371345,19.103774480661475,22.780279516786344,21.15828574163259,21.59222984590957,22.03807985404158,38.536292983372824,27.206182425471482,22.714621937557176,25.97219773485671,19.318448867676675,18.342054618307767,17.64679193320241,12.85809789450739,0.06718742441466719,0.0027208158696710952,112.34714673913044,country.00097.wav,country
-139.62306,128.79353,-20.24936,49.44361,-2.1603603,16.988024,-8.355296,9.8182955,-20.150694,2.5017843,-11.247767,3.766037,-6.424687,-3.3514197,-2.8953953,1.9763129,-4.182942,1.3833524,2.4402022,-3.6237288,2069.8184,590.9671,368.39893,210.05568,179.39609,151.05795,103.6022,89.752785,79.53829,136.21967,83.2392,67.86105,91.38001,113.57528,86.463936,70.23497,78.64671,69.80931,70.121994,63.63987,0.32367986,0.18547021,0.2402049,0.18311335,0.30118394,0.32276836,0.25847793,0.43637136,0.23537488,0.26238173,0.17992672,0.32197133,0.11244595,0.039027147,0.0846669,0.035023015,0.10330636,0.13608696,0.04243396,0.14628321,0.03857024,0.099755384,0.031363208,0.11188949,25.295695363535685,19.778431760650495,25.190432735719828,22.94304945433138,22.939486637694884,22.688507543032138,39.068514903900834,25.500435919431474,21.52373434135257,26.057450910973547,19.732459463041426,17.233070476068555,19.63228094506842,11.116233683058628,0.0617449025251548,0.0009594310942121132,117.45383522727273,country.00098.wav,country
-42.16572,106.27832,-24.220882,44.67147,-12.33506,20.518545,-16.044445,18.488562,-18.78101,15.5109,-15.4647255,8.930742,-9.987847,6.9245358,-8.796885,4.5718284,-9.043404,1.060687,-6.4489336,-0.9913764,2050.2002,574.42365,259.32498,151.32195,125.69229,100.728096,80.42771,65.82264,82.12967,69.27376,60.26534,62.736805,48.30653,57.24718,55.45362,50.256084,47.475784,48.53165,40.917732,48.538063,0.32071295,0.4431329,0.3223196,0.33507103,0.31806862,0.4288217,0.63892215,0.35508236,0.33893925,0.29765472,0.34263745,0.43075883,0.050991945,0.09607469,0.06666282,0.07072147,0.053317092,0.076526046,0.10936751,0.056649104,0.07967051,0.063852124,0.061946716,0.10679317,23.82447219716957,15.000534858781373,18.681149319565037,18.91600003414983,18.75098296931503,19.148578371219173,43.18167804143185,24.076628023500707,15.756249135775779,18.38638460531774,15.208768666736725,13.334840070878796,12.328448428646162,9.1420252118757,0.1082567150009675,0.00290308872559505,143.5546875,country.00099.wav,country
-111.17791,94.0352,12.515315,16.74026,8.181677,15.667253,-1.3758587,7.0394297,0.97360957,-1.4805396,-3.0693026,-5.068189,-3.684127,0.23450817,-2.0857089,-1.8237208,-5.340757,1.2517449,-5.591701,-3.628164,4414.1323,1434.2213,563.6685,198.65564,155.98648,145.16951,113.488235,81.82823,57.82,55.60365,78.00308,71.509926,52.90668,58.09559,52.7546,39.61415,32.552467,41.9335,41.74473,30.901817,0.31771168,0.39262554,0.51036716,0.43437436,0.493037,0.48159102,0.5762194,0.4789125,0.4283231,0.41171634,0.3687953,0.45673335,0.04914099,0.074286886,0.09161315,0.06497862,0.1255805,0.0892585,0.097587824,0.07768243,0.07819349,0.10697525,0.06762753,0.078579545,18.00475270741641,15.295674397919115,17.895624378344618,18.69007556046891,18.20109515598059,16.097149516156534,16.345147481100163,24.99489413489755,15.922458994106972,27.348367014840054,19.509280592238834,16.18546550548934,4.975833250426168,3.0261668897220604,0.09633501838235294,0.007033283539839596,117.45383522727273,disco.00000.wav,disco
-28.934706,51.971786,-7.6104937,21.605562,8.12836,18.120981,6.8754973,6.5840025,0.7281346,11.147646,-1.8413451,1.6686252,-2.6266403,-1.3988688,-3.6203122,0.19592616,-0.5023109,2.492097,-3.4764965,-0.12979728,1147.1754,524.67645,380.6287,181.25293,79.87118,94.19276,76.85044,53.815598,47.847668,60.740856,41.74384,45.785683,42.579395,42.90183,44.349247,61.542847,92.284485,82.206726,67.27199,82.38476,0.40078613,0.32226458,0.35982367,0.4585121,0.5937228,0.41550836,0.3546091,0.38139838,0.431287,0.47152752,0.3270913,0.42587662,0.09335548,0.06655549,0.08540822,0.08308093,0.11409188,0.07744863,0.06733266,0.08040209,0.071684286,0.09691739,0.050334122,0.08930669,18.17445636701851,14.968518183093241,17.843426158311473,18.945369931435728,19.581721556929722,17.754888174158296,17.01749025559755,19.37627389408708,16.0534278298133,21.291173809260137,17.130897989885117,13.648617487120449,7.61197568769714,2.0422690427862276,0.18854685685952013,0.004393549383039116,117.45383522727273,disco.00001.wav,disco
-53.18525,57.17846,21.168882,11.324465,18.122362,1.6665679,0.3438162,2.3195999,-5.1097407,2.7499392,3.1528792,-5.519139,-3.1672285,-0.52326834,-2.650019,-1.9904132,-1.2388086,-3.371039,-3.7308135,-1.440452,1363.9462,265.60242,239.52733,262.89572,124.33763,95.64379,79.47298,50.683617,85.53806,53.040924,58.147,51.5599,49.259777,32.746635,36.8633,25.185516,26.981142,35.751465,61.19957,51.76367,0.3196161,0.31199935,0.37137845,0.3714105,0.5160928,0.5069993,0.5736419,0.43112797,0.36442336,0.44369718,0.3352172,0.39714068,0.06460687,0.050425537,0.084014215,0.06655865,0.102304205,0.0804425,0.09939117,0.09153216,0.05704502,0.1009738,0.055563036,0.082745895,29.492770631590528,14.846687308931502,19.264535457324385,18.559094175040258,17.917037124201812,16.74355525036269,16.10601734126241,27.43127155512595,14.282703065930487,18.14983690628437,12.147561200356195,9.505749900971532,7.697429848412778,5.556921685452049,0.1533482790731424,0.004516685297173595,112.34714673913044,disco.00002.wav,disco
-44.234295,52.219402,3.3025825,43.808002,12.616858,24.422096,4.970884,15.33408,2.0627644,10.375376,-1.5161042,8.84058,0.42485896,4.697436,-1.7848297,2.9537394,-2.0194726,-3.3882825,-4.194432,-0.42168614,3167.9304,713.1362,649.2784,189.36331,127.7555,142.38564,55.728027,49.064503,37.666862,54.44837,41.280087,33.397717,36.39634,36.36265,33.751343,35.33768,32.262764,43.89042,47.30945,53.419693,0.66207635,0.45901772,0.35728663,0.39380544,0.4062562,0.42873144,0.3510917,0.48526818,0.48363808,0.6118593,0.69334626,0.60554826,0.09022451,0.06027031,0.05424993,0.074600644,0.04457375,0.066301316,0.03988104,0.06563746,0.053476565,0.08172894,0.082848564,0.054316074,16.293656768946413,15.458943185700962,17.474922890190488,17.489633454215863,17.82294350227518,17.16507386025759,19.305021829966865,16.5757073334532,15.709017643754118,16.995322156483596,13.32145625247977,12.212516443077197,8.821928106552235,4.764822732513462,0.14965177837171054,0.004724802021699016,129.19921875,disco.00003.wav,disco
-83.583496,64.47946,5.655918,2.7011647,0.790316,6.170802,1.892269,1.9798596,-1.816445,1.8574665,2.4598763,-0.22793385,2.9555101,-3.3824587,-0.87964565,0.044985436,-1.5710961,0.55798125,0.3023728,-2.7803588,2145.2004,405.8665,383.7205,191.2231,167.48991,92.57017,75.49532,65.22111,78.287796,69.15199,67.73833,44.801853,45.87565,42.363514,44.90409,43.121773,56.46751,48.382843,57.837147,47.78659,0.29647675,0.3477015,0.28332034,0.3725786,0.42999238,0.32134345,0.41736847,0.32008016,0.4533089,0.41638076,0.38972095,0.53744954,0.04627584,0.0755483,0.061148327,0.06848974,0.10189385,0.06807284,0.11641913,0.06304764,0.108667046,0.11373899,0.06756399,0.11633707,22.068936267877124,15.203898539528415,19.102475028372282,19.424889751567427,19.562810344713636,18.039291807760225,16.24969821313944,32.73423223987229,16.734967754097028,20.235334257851427,14.412611558715994,11.025699665851192,7.301462268551948,3.3509038896159633,0.16905150989260836,0.005121490882401667,123.046875,disco.00004.wav,disco
-24.691769,73.7432,-11.558471,28.394289,6.2409563,2.4656217,8.6340885,12.309108,-4.102859,13.385866,1.9154302,-0.97336847,0.6083648,2.3642092,-3.7914464,-0.9334681,-0.8856284,-3.4995823,-0.97060335,0.11684968,1556.9062,580.2837,296.53143,210.99893,122.85642,102.62686,103.52885,73.51548,67.78932,53.01199,39.938366,57.197624,35.97351,44.488144,38.15818,42.72929,66.44781,78.41304,67.043465,90.081535,0.457388,0.3700732,0.45568144,0.3886622,0.49963483,0.40337706,0.3789279,0.55491704,0.48633814,0.53920555,0.39618433,0.4609317,0.10049884,0.07015568,0.09323493,0.055776503,0.09127592,0.07268194,0.049575455,0.09148043,0.066114165,0.10381765,0.057038795,0.0854198,20.0271141292658,15.017732107603713,18.002906889888482,18.609584104141536,18.51444895996022,19.274418721877367,16.890148335576036,22.441581060771448,16.218516060901756,19.286731690161794,16.8848886521754,11.564154782330865,8.996309847459088,3.726792105675621,0.14455203596652477,0.003850076711338137,107.666015625,disco.00005.wav,disco
-14.574394,65.21034,-19.872639,31.508326,-4.8264494,11.86232,9.994609,5.9573913,-3.8033693,9.377889,-4.387916,3.339541,-4.444171,-1.267118,-0.83626723,-2.202067,-4.7423997,-2.6242146,-7.4693303,0.22922218,956.68896,292.59415,338.09253,228.18799,139.41754,84.17442,123.62292,68.66318,61.914394,72.300964,62.386887,62.56089,48.214924,35.151203,41.69806,35.41899,38.424995,45.37835,52.64908,43.70852,0.45103866,0.4813242,0.39705962,0.5355884,0.48675144,0.33870235,0.42649776,0.5258799,0.6559699,0.4179198,0.4539757,0.5171439,0.06279155,0.08680148,0.058167715,0.077652454,0.08645922,0.046926074,0.06900248,0.06408172,0.0893207,0.061537635,0.06187243,0.09390003,19.846148632734096,15.815200763479085,17.676504339140116,17.612438126008115,17.466037214455,18.971200715517917,18.467133091644396,21.34705776831038,19.463993916220524,20.052619141810332,10.981713519378747,7.105394618299823,5.795603421547694,4.311109903677399,0.16366529907604488,0.0013394942677917188,123.046875,disco.00006.wav,disco
-53.44801,56.161034,-6.3209867,31.619057,4.6533747,16.347412,4.119817,1.882328,-0.38823882,2.495932,-0.5415109,0.9562786,0.49564818,-0.1668209,-1.8157804,-2.5324876,0.8160483,-0.34222034,0.56009203,2.7850673,1762.2308,780.6935,326.55112,317.99307,131.66405,105.726105,86.37211,88.83403,57.958965,48.76803,58.86512,49.285603,41.563587,41.918808,43.298542,48.469254,56.19729,49.8181,62.50842,63.956966,0.43333897,0.4831737,0.35673675,0.3403274,0.44492674,0.4143247,0.41831493,0.35520664,0.47262624,0.562828,0.41939598,0.47759607,0.08732138,0.09622774,0.062503405,0.059425347,0.09061821,0.07602108,0.08969007,0.056301367,0.06730791,0.104494184,0.05923195,0.100280315,25.480795839058203,16.317490848479586,19.466232466596388,18.699682201543983,17.58117876831814,17.342526533475837,16.63864859649845,26.99162869659012,18.087214395692158,17.179146637545312,14.666473131392184,11.092652125296294,11.816908332704294,4.146094246565587,0.1402841101489938,0.0028590872331192983,129.19921875,disco.00007.wav,disco
-32.467175,65.00106,-26.697556,30.282536,5.7431293,11.739748,-2.1584125,10.449982,-2.3618212,5.3235164,-3.80813,-0.8611962,-0.18782544,3.4654245,-3.0110605,0.43562254,-0.9314215,1.178315,0.0062355064,2.8587081,1614.8341,414.79016,383.73526,216.34647,163.9093,123.27379,137.50003,80.98152,96.2076,74.50299,97.77718,58.69267,67.82807,55.581886,60.199654,74.37434,65.15555,66.398026,76.41658,81.83509,0.42254108,0.50160086,0.3993888,0.44684258,0.38326293,0.5177702,0.4916159,0.4173135,0.5798384,0.45876196,0.45281944,0.39233944,0.087393425,0.09731098,0.06760864,0.09334426,0.067640066,0.08946624,0.09192539,0.07537957,0.09743689,0.07748781,0.083428934,0.07388105,17.210515879347902,15.576410826593962,18.070306975492585,18.31419657332505,18.783081320741598,18.40658715317608,18.394440681710837,18.505971565257347,19.45864465319418,19.75355594061147,14.931182235127318,12.152195524054571,8.960637259856668,4.68451145684251,0.16440792497097523,0.0031510549818156916,123.046875,disco.00008.wav,disco
-68.970566,63.131035,-15.854861,28.00219,8.1834755,7.321165,-4.936118,9.494793,-0.9736147,-1.6035987,-6.1901293,-3.9367528,-1.1710128,-6.543671,-6.177693,-5.045213,-4.4068336,-5.375081,-1.6540104,-0.88945585,4135.7314,621.83734,537.8107,155.90608,152.00505,73.51517,63.179245,40.317097,50.5649,56.94616,55.252037,49.960476,47.008022,39.621735,43.380074,30.123936,42.47618,40.42238,42.669178,46.825096,0.5567886,0.4800331,0.5719576,0.4932044,0.38024127,0.53418964,0.38704327,0.38602588,0.2899268,0.30293912,0.44450983,0.47899115,0.098372266,0.060164366,0.10330182,0.07712509,0.046166696,0.09330213,0.0505485,0.06848492,0.043961205,0.051822763,0.08092713,0.073464096,31.24710083694612,14.921411481027608,17.379195621726698,17.29378897359922,18.81935359193488,17.013953389197642,16.261641434562733,29.300832055906533,14.334201201212089,17.22154549360981,11.15520745260632,14.498254400963209,8.841740412818345,3.022394046646761,0.17065354102167182,0.004731790015000681,129.19921875,disco.00009.wav,disco
-6.7841387,61.126324,-16.656654,27.431992,7.7223644,16.008894,4.6347065,11.4495,0.33629203,9.832177,3.1856217,5.025588,-1.8622084,1.4820429,0.94124126,-0.43822497,-0.73170006,4.4446716,-1.8448051,-0.6028676,1172.3812,382.6978,295.57623,128.06592,152.75824,95.889984,104.58901,71.04872,61.865856,58.123737,49.28959,65.409775,50.86883,43.46748,59.824505,60.00514,72.70712,64.71556,60.217396,69.46457,0.43994278,0.45500854,0.39158133,0.46874037,0.42465228,0.5012541,0.3924284,0.3825237,0.4988433,0.42069468,0.48948386,0.3855339,0.09730389,0.09924373,0.061714154,0.102864124,0.068922736,0.10219935,0.073286906,0.06733921,0.094584666,0.07283451,0.11794555,0.07147868,16.353074649874344,13.947616188653324,17.536915217713247,17.430882664506342,17.800719698917742,17.3800556096488,17.698768868813332,23.18931388733263,14.39666881633031,20.7579220968398,13.7691049174186,11.99161148006446,6.153198271902686,4.927014846318369,0.15032410990712075,0.0035420010379164954,107.666015625,disco.00010.wav,disco
-41.32795,62.794346,7.325327,12.125494,6.3566375,9.265047,3.09309,13.867353,0.16360408,8.0671015,-2.697001,-7.219517,-3.2453783,-1.9231242,0.5200374,-3.1877127,-5.547015,-9.166518,-10.670773,-5.9729233,1511.293,518.55566,356.42673,174.10132,106.95477,134.97234,122.61334,75.0315,71.54485,60.36912,70.46486,61.104187,43.303425,47.62803,41.841484,44.925175,48.528343,36.891155,47.821106,55.893272,0.35499614,0.26702404,0.26480597,0.28735328,0.33110026,0.26040384,0.27304083,0.45629618,0.471297,0.6159604,0.4860944,0.4156361,0.09886499,0.0676287,0.069515295,0.0818163,0.08105632,0.059772287,0.05342656,0.09867598,0.07014961,0.12332303,0.087151855,0.071466714,33.59829538222687,16.9040140307946,17.588306266959584,18.385441802942466,16.109336666623353,16.308956100005528,16.949500050369373,30.21077155572242,19.706912937580316,18.57579465478375,14.89683663344246,6.516837708269182,3.8431759979376325,2.470087010761975,0.13097653226586686,0.005438543255335599,95.703125,disco.00011.wav,disco
-57.66927,68.380356,-15.251752,23.414114,14.855438,13.172661,2.1979194,12.811309,0.061214697,12.777958,0.03940573,3.3698213,0.8151105,1.0514909,0.5454104,2.9783316,2.9126883,4.022737,0.52523917,1.9603633,2343.7708,673.4562,379.27032,233.36462,133.77615,151.12102,89.396034,76.49516,95.546196,64.684235,71.780365,56.462486,53.9187,52.346542,43.49713,79.311,78.11394,88.63511,61.237923,66.661415,0.5490651,0.42336723,0.3739236,0.3493756,0.41212925,0.34279755,0.34235182,0.48141065,0.462651,0.52339184,0.42847553,0.4566133,0.12849674,0.079395264,0.0789444,0.06957894,0.086744025,0.07572973,0.064265944,0.09851814,0.07935551,0.1064066,0.07622982,0.096698776,16.960432374258275,14.885624308087566,18.315836518458948,17.946396191221016,18.353529647962937,18.05307614823228,17.39171283492594,19.71427527388791,16.121068023700733,24.60898424846118,18.796416362221684,11.876913230437854,9.232492889829501,6.0964673548355925,0.13174939229392416,0.003866867829216286,112.34714673913044,disco.00012.wav,disco
-40.070427,56.209106,23.679754,31.92545,2.4516678,2.5737195,-2.4787798,3.0920587,1.8828638,3.3509662,0.0001427618,-1.5209646,-2.4554949,-5.073821,-3.6762688,-7.849821,-3.0386093,-2.7839167,-7.496365,-3.6325722,2633.439,405.8598,307.27786,209.52878,113.57674,112.81124,120.029144,55.669987,96.951744,65.42305,45.003666,52.184017,41.44918,42.86538,35.80385,35.148605,55.410725,45.43343,69.97101,67.064995,0.2684253,0.3110888,0.3853694,0.41734138,0.58167386,0.4948695,0.47304484,0.48081923,0.443754,0.45858893,0.35924453,0.38168296,0.03341858,0.05158602,0.07650397,0.060084704,0.10434154,0.079587966,0.10268656,0.10125867,0.065543935,0.106245354,0.054728292,0.065568335,30.01612126852065,15.003766494024584,16.23550759562047,18.046105916710577,16.69220213818625,15.854521308338605,15.272217325807212,30.381820342330542,16.404722586401714,13.896629498385352,11.707356310093829,6.77459218342,3.8018529121158093,1.9627917255455107,0.15957688842395512,0.0048430124756842635,89.10290948275862,disco.00013.wav,disco
-23.927664,61.220757,-0.9586992,25.331013,0.3942347,6.0302544,2.4890816,6.189192,-0.3292669,9.696876,-5.5078354,1.0618182,-2.4369648,-0.56661993,-1.5567182,-0.8967289,-6.7337766,-3.7109935,-4.4605083,-0.77398497,1055.9014,369.85834,173.44183,115.628555,69.57295,82.4707,55.976418,38.28482,59.696396,68.19608,45.31939,38.935574,48.519085,37.81234,38.88419,32.34904,32.520863,38.149235,36.896187,47.536694,0.5521475,0.32815847,0.29118684,0.38045132,0.41945192,0.6166235,0.4280034,0.41209865,0.4307481,0.40844315,0.55469674,0.41255212,0.11024784,0.052474804,0.037536856,0.07911464,0.05329308,0.08966564,0.061521396,0.05777674,0.07656394,0.054871283,0.09830416,0.043138977,22.570070821374568,15.461363690109176,17.577604805871314,18.423500260047796,17.581745841583718,17.565018031051704,17.556725517608818,16.504084056562036,15.74745109691573,17.00634587447743,12.772196792329046,9.724898829925623,5.893341314452006,3.411878629118877,0.156306688999613,0.0027040532102413813,103.359375,disco.00014.wav,disco
-46.826416,103.7258,22.146416,9.233178,2.2635014,-4.791668,4.809458,0.9585231,-9.410542,-1.0655137,-0.8630862,-5.27438,-1.7578694,-3.6494381,-4.312637,-0.08632922,-2.5016925,0.5423791,2.5184677,-3.5447366,2517.312,887.83215,398.90475,184.88925,145.1999,114.21915,141.75203,56.505283,58.65191,87.49873,59.891666,49.84648,59.78464,44.591408,39.568436,35.83756,43.637352,32.76273,37.621536,46.90257,0.39263287,0.32175168,0.46526638,0.39059967,0.51917475,0.3970898,0.45181653,0.47827408,0.29858586,0.44613412,0.31360763,0.5007899,0.06445432,0.05094512,0.097660296,0.076809086,0.09354303,0.06702402,0.08356728,0.09510667,0.03025172,0.099452406,0.035709944,0.0987108,27.67451797887115,13.835148535467745,18.35388040402413,20.41272636650629,18.80703680336593,18.36902202292167,15.041693009674226,35.324008562181035,13.308012281301522,18.029048878343914,17.213413428453656,12.344603975722805,13.776135868259733,3.4574387430853557,0.09018917497097523,0.0015565742665157839,123.046875,disco.00015.wav,disco
-36.030983,83.65931,-2.7294114,32.392513,9.1963415,4.1342163,0.033838987,11.114394,-2.8908205,7.905869,0.6144371,3.6502342,3.7515378,4.070797,-3.3186333,0.098880306,-3.843196,-0.50684434,-3.4149015,-0.77121055,1886.9071,741.161,313.35132,163.06943,75.9884,98.13309,87.96735,60.6925,58.927395,49.125755,66.98506,45.241703,61.810844,41.802727,52.475952,69.2293,55.875706,57.45979,57.323177,64.38952,0.45528975,0.507877,0.45548058,0.45138362,0.5272886,0.40566468,0.41065747,0.33931908,0.3344759,0.433909,0.4186654,0.47481298,0.07729651,0.09213791,0.0790292,0.079941146,0.09089562,0.07375948,0.09911538,0.06744705,0.057474386,0.088302076,0.06768894,0.08541588,20.716482072546974,15.03184242272622,18.455843513296465,18.12286476017754,17.95941814699168,17.591875056129687,16.91826814038359,20.150620847421983,15.379311037129872,20.742161692364455,16.496235334239348,12.930795290078422,8.787151753308308,4.147450161581779,0.11443506010545666,0.0022549508805518527,123.046875,disco.00016.wav,disco
-98.156845,92.40119,2.6636736,19.337894,3.586051,-1.7657077,-1.7049835,-3.1714423,-9.09204,-4.0804567,-5.1855764,-5.48785,-4.233516,-3.7713585,-1.7159791,-5.584648,-4.687199,-2.7077785,-1.8423917,-3.09303,3439.949,861.15424,431.2791,282.62836,190.21294,140.11148,73.7438,74.44153,77.54961,53.967396,65.14191,52.554577,46.67514,35.095024,34.192917,43.30707,29.94667,38.880302,59.249454,29.930319,0.48665443,0.3613697,0.5287781,0.43136162,0.38047558,0.43285656,0.37467223,0.5203524,0.2694106,0.2842316,0.44647008,0.3397504,0.11683155,0.037981685,0.10226418,0.09001537,0.06531963,0.09700915,0.04528158,0.116471834,0.029057745,0.039651368,0.09516117,0.038131427,29.559262968053034,14.123200560668515,18.342799714896888,17.570284802990674,17.72068773884246,17.200810805531404,15.320079924014829,34.326619202869864,14.55392922212397,16.335688243096246,13.87445697893153,9.748551433654534,7.778781001843457,3.8565768825644704,0.12076004075561146,0.004198349578746294,123.046875,disco.00017.wav,disco
-73.150406,71.752396,12.0955715,1.3943439,4.529426,10.863227,3.870923,0.938661,-5.9797716,9.034468,-2.3677685,3.5552127,-0.14263998,3.109238,-0.07392056,0.36490571,1.0845681,1.5209072,2.3046875,1.9287057,3784.6648,516.41455,554.46484,446.50058,233.24309,202.68292,172.8478,116.20397,135.96146,90.15757,92.09242,70.61425,79.7861,71.21945,70.293274,82.52447,69.355125,78.58493,91.63707,98.49036,0.36178344,0.43799767,0.29673457,0.34031397,0.2975943,0.28125116,0.40873647,0.36493585,0.4912333,0.32736295,0.38462445,0.44794396,0.069687106,0.108496755,0.050661158,0.081344746,0.07769673,0.05116491,0.11138591,0.06880238,0.121817976,0.06652959,0.09334866,0.109546356,27.800204106157597,14.966376012530977,18.940656375775177,19.761350233262792,19.98580713811764,18.362026066099336,16.584021817335046,35.03369891350222,19.5427724172806,24.726496179894248,19.49926650521816,17.705400360940327,12.605815008188593,2.8530218657238375,0.14359928284636223,0.002750741295569123,123.046875,disco.00018.wav,disco
-95.103714,109.35317,-30.161179,16.358658,20.039732,11.962816,3.48553,6.1739693,5.2001824,8.620757,0.34259653,0.38362703,0.53627163,-1.8029802,0.97747785,-0.06397873,-3.6734533,-2.1387339,-3.6518173,-4.407776,8576.81,1637.1927,858.6133,254.21822,303.74966,68.068306,109.30251,46.711216,33.538456,36.834515,33.732292,36.637543,36.655384,33.190727,29.280605,31.697828,34.6311,30.068647,34.27649,32.883865,0.369021,0.37296772,0.53371495,0.50348854,0.44065478,0.47487175,0.3604033,0.43754208,0.38484687,0.5146555,0.57632667,0.3708334,0.08546112,0.049725465,0.09264193,0.10189078,0.07551634,0.07978758,0.04799346,0.085040554,0.065313764,0.08653509,0.09770323,0.05709083,24.263679603576833,15.477749546274296,18.267310355842703,17.75070835774645,19.400881312178367,18.964876020504768,16.064217475561748,24.51641774146477,21.351554999108757,23.35266743856356,12.988516542742984,9.538603438484877,9.644107375551265,4.078010673825612,0.10366263847232972,0.0027911223639059683,117.45383522727273,disco.00019.wav,disco
-103.961624,105.80915,-14.325732,36.73847,-10.348667,16.81085,-6.8228097,8.140345,-4.461959,0.9882635,-10.006155,0.38354293,-1.7078525,2.9656322,-0.89472985,-3.0466807,-4.439489,-6.513695,-8.457305,-2.7770846,2985.9277,1418.84,439.12897,233.07915,199.34155,87.14842,76.532646,74.46338,66.689064,78.86245,77.86421,63.869057,56.24044,55.65157,48.276493,39.52542,49.87805,48.257103,67.8443,63.842606,0.34236842,0.34181082,0.32240096,0.41212866,0.29366294,0.24763069,0.34731537,0.24552426,0.2859821,0.2970902,0.41283816,0.56377304,0.0697375,0.09630156,0.07018219,0.10131218,0.073859245,0.04620591,0.0992864,0.05078668,0.073411055,0.06617839,0.086644225,0.12804717,26.171554409817684,16.811046034793325,20.639544436097058,20.267300105243162,20.6384717779762,19.159610738126215,20.227440007531,28.977639121431856,16.741083400799237,18.746971837481077,11.175938414887545,11.260563678486996,9.17260475734649,4.1064046203620235,0.10330171850812693,0.0022136205575856685,161.4990234375,disco.00020.wav,disco
-115.132545,70.42538,31.242792,11.176329,13.06419,3.867458,1.8087032,4.9707108,-1.0388263,3.9260273,-1.292635,-0.68841565,-1.0751355,-0.14145267,-2.1613638,-2.3170588,-6.3917284,-5.3133707,-4.9977107,-3.8522289,2539.756,482.34732,818.87714,250.47722,125.880936,114.81744,51.66337,77.71302,78.20794,53.38585,82.117004,58.757862,40.6437,34.333378,55.360813,46.87376,59.72979,72.21398,40.91585,46.1108,0.7458414,0.5255285,0.3928939,0.33277574,0.2859122,0.22925979,0.23881318,0.411841,0.3553376,0.35691842,0.43044513,0.5082927,0.10468987,0.06495227,0.06826388,0.07719194,0.056782767,0.041479673,0.035661556,0.07396909,0.065179884,0.0833718,0.09336651,0.06536072,19.700543867992803,15.864394671416978,18.175174262453456,18.657271459223015,17.807011463580153,16.639986557636732,15.227823906131409,19.625317538995056,16.202664024114295,18.896228269507848,16.015867976669206,13.021507266375558,8.1082880860799,1.99760727781928,0.1240548054131192,0.002024575222379404,107.666015625,disco.00021.wav,disco
-71.94239,46.88916,21.026213,29.950956,9.497894,2.4052784,8.244612,2.5142548,-2.162969,0.43971246,-0.23318744,-1.5565152,-3.6136653,-3.8174977,-5.2896686,-2.9235542,-2.9003375,-1.7993287,-0.7156234,-0.98826045,2090.1982,456.7734,225.05373,184.98277,139.73361,93.75858,77.67341,64.82153,40.446854,62.45803,53.008472,48.864475,35.72276,39.618313,31.588448,37.77045,62.700714,46.00193,59.40928,55.313503,0.34083998,0.3617725,0.4662487,0.44116816,0.5043239,0.47552255,0.57366437,0.4393719,0.3156074,0.4676751,0.42810082,0.41003263,0.056854934,0.06718814,0.11229792,0.095131785,0.11693006,0.08252731,0.10069444,0.07428978,0.047648095,0.10719657,0.0670403,0.08887033,27.59760509121928,14.38812678427133,17.865246119458185,17.123241204084852,16.79571253839975,16.092926684095996,14.773774000674718,45.068355846033036,16.143949186373813,18.670943082384426,14.520266127314255,6.758296114409423,5.725848724148941,2.2793491297402273,0.17289993711300308,0.008334980534858646,123.046875,disco.00022.wav,disco
-32.173412,60.033607,3.3775675,18.969069,4.3263345,0.6811349,-2.0263913,1.3316941,-4.64699,3.7893417,-6.734154,-4.892331,-2.343729,-1.6774993,-3.493383,-2.6775057,1.0068874,4.0120397,4.7022734,5.8544073,2747.229,769.9858,405.57718,379.14178,287.06116,182.86197,166.2848,106.64893,88.65288,71.612885,57.036304,38.74633,58.304955,39.371353,47.616165,44.67254,40.08108,60.076965,56.63742,49.877193,0.4542121,0.37328777,0.3986241,0.45108265,0.3899965,0.47312352,0.45783463,0.5330157,0.46824184,0.41080195,0.4312616,0.38167512,0.09787564,0.06784176,0.06731347,0.09802397,0.07020767,0.109660536,0.08051108,0.09442311,0.091224305,0.07675091,0.09289703,0.07002606,26.911139264198255,15.621104153046801,16.9751248989111,16.674938416993516,16.610995443460745,16.63668256410679,15.921957550143127,29.48364813141913,22.827414931793907,25.94060161309021,16.546003969495615,9.45670345647057,4.369668834366566,2.245655689748973,0.15100324412248453,0.006586956391418723,112.34714673913044,disco.00023.wav,disco
-69.599335,83.05957,-16.599524,0.119469374,7.4157043,0.76961887,1.3370081,4.6906857,-1.4208715,3.328473,-2.8755643,-8.202937,-5.765528,-0.2663811,-3.2104323,-1.8850924,4.0437837,3.6543794,1.9138739,3.6086924,2324.9246,440.6016,305.6574,189.33755,104.57041,100.77153,75.08035,59.411064,74.2821,66.57046,61.431446,65.270226,47.92329,41.52472,36.189846,49.471176,54.004414,43.83822,49.10176,55.752823,0.28665462,0.36985782,0.27407503,0.37161613,0.31095767,0.48693588,0.55166954,0.37524658,0.5085874,0.28268197,0.37579527,0.27718002,0.048250552,0.07967618,0.03882433,0.09503385,0.05785237,0.10048085,0.12114714,0.04785731,0.10840621,0.03082715,0.086556636,0.055513475,29.763283687177804,16.141784640165422,18.9299768229383,19.11202778094558,19.46518879161988,17.54896292676296,15.207275906967556,38.65810347767863,21.486013563297238,17.99549701070236,11.071797661151145,9.181660141048843,6.288286449769551,2.1299075402587846,0.12025853207236842,0.0015105879596221013,129.19921875,disco.00024.wav,disco
-124.19868,90.16968,-11.312609,10.940362,-1.1521436,-3.7543972,-0.8530474,-3.8402538,-3.708952,-0.26702476,-5.823246,-3.4306006,-4.6257415,-4.559666,-5.4870396,-5.199043,-4.60868,-1.811132,-1.3179177,-1.9561292,4680.4424,895.0374,272.75345,244.93538,112.712814,183.43779,121.21063,118.39591,103.52383,85.8006,73.6977,64.41448,91.34173,73.6165,50.105324,36.838165,38.74438,44.672497,53.612022,58.242405,0.533579,0.49466783,0.34394547,0.25755137,0.25213262,0.42769867,0.3304115,0.37279585,0.37728375,0.279843,0.32214585,0.30502668,0.13225952,0.10244588,0.075738795,0.06882156,0.060949255,0.119400226,0.069258526,0.1026665,0.104785964,0.054873545,0.08888318,0.057181284,25.22205256923627,17.211007295703066,19.30843844511312,18.816944795386423,18.298970000234306,17.963676868658016,15.659084725696681,34.559861483872844,26.737667420747115,25.54934358333233,19.372650118806384,12.349997242979187,7.964762962883009,4.194140653670029,0.0996603950996517,0.00251235624104514,123.046875,disco.00025.wav,disco
-68.09459,66.36573,11.869311,21.982038,9.769293,6.6966743,1.6115297,3.8194947,0.95873666,4.773914,-4.2044983,-0.05883122,-1.2347757,0.077795826,-1.1298577,-2.0621066,2.565989,1.3888539,2.1794925,2.2477424,2676.3816,545.4158,323.8771,342.30334,165.98265,120.75457,132.4057,68.09793,72.548874,78.200806,61.776638,52.21755,53.440815,54.234848,57.741837,59.140152,63.354187,66.626114,84.84958,79.943954,0.34166712,0.33522737,0.45931137,0.3648134,0.4273992,0.50899845,0.4304547,0.5167151,0.37178025,0.38951012,0.374441,0.2949277,0.07901469,0.061023604,0.107326865,0.067859955,0.08736043,0.1118197,0.068282925,0.1167174,0.063387856,0.08594454,0.087427184,0.046539553,28.673420634517072,15.248459898897348,17.611916993133914,17.948215562122538,17.821843180223425,16.75772482362669,15.722325906744786,30.742286709192054,16.012041436537366,26.648543009904436,18.601386333160168,13.570529720823071,7.145045465318076,3.087181034514538,0.1315751681017802,0.005537727207876948,117.45383522727273,disco.00026.wav,disco
-155.63731,60.568497,23.166864,31.186352,25.054384,16.906994,9.43836,8.449133,5.317451,6.556658,5.7627544,3.9231863,7.5597153,2.156522,4.427986,4.34529,-0.02313582,0.8937063,-0.4949651,-4.7843685,6590.2104,1231.0889,1419.8746,319.56564,262.98984,152.29303,116.835526,120.7932,95.23781,62.351715,87.19434,56.517746,67.22848,44.475395,54.197723,47.367622,39.817852,45.654366,39.341072,43.98115,0.44453165,0.42299002,0.44817826,0.4501678,0.52116627,0.51230234,0.45379758,0.45507273,0.49071717,0.5588646,0.5521586,0.514185,0.078538395,0.07892004,0.089205146,0.078566894,0.096035525,0.096256234,0.07720761,0.07475232,0.076037526,0.10467194,0.08508891,0.0814469,26.042824329530358,15.520437600106373,17.66066400910813,15.703939973945962,16.53112058245138,16.771738399255362,14.581356834783099,27.312881216444687,24.24023978773067,28.57396539872505,11.942887454978427,9.394227811293703,6.591868983174248,1.7492457545968882,0.10124882086880804,0.005514127328976322,112.34714673913044,disco.00027.wav,disco
-20.481245,53.708107,5.945927,10.153069,17.057161,9.541378,4.6119027,6.398941,-0.333301,1.7238895,3.6845264,-0.77463174,-5.887973,2.3219109,0.36891213,2.7516134,-0.53185666,-1.2027637,0.24694541,-1.2757894,1685.7957,431.38004,363.57822,205.046,125.91946,60.32847,74.40534,49.266552,53.2612,64.181915,80.7111,40.44273,47.572,39.63048,31.310207,30.551918,32.881844,31.630499,31.111664,32.30681,0.41887242,0.49841896,0.61432415,0.52343774,0.45300207,0.46475226,0.4560134,0.5768569,0.47638965,0.45103812,0.4742531,0.38865885,0.08260401,0.08014537,0.092289224,0.07910808,0.0694057,0.08365315,0.065332,0.088339776,0.0651986,0.07229018,0.08577797,0.06594685,26.495350665273023,14.123669038420982,16.592080204469063,15.647103633966951,16.528317833828595,15.33110608138778,14.782924782776929,38.76990487682053,16.519805843431566,15.477507158667269,8.368608127801476,6.413256505407589,3.9406585640937197,1.6997788362616875,0.1982474784732972,0.01344487317359433,123.046875,disco.00028.wav,disco
-59.006565,68.87012,-8.457222,3.590061,5.0725226,3.284628,13.525487,-1.3692731,1.6712123,3.712645,-3.715991,-0.31718877,-2.8357635,-8.801013,-4.4926963,-6.412872,0.45433882,-2.2726712,2.9792905,-0.018868366,1846.1858,338.053,225.41905,185.79193,130.52895,111.05517,94.56142,86.87847,84.76641,74.92722,85.394844,55.288048,59.816032,63.557228,60.33329,68.472755,77.1158,94.264465,108.54218,106.826454,0.31119552,0.3678977,0.35288933,0.3996891,0.48820037,0.44151413,0.47261903,0.4307508,0.41850886,0.31451285,0.29427963,0.31682578,0.06829695,0.08646381,0.079385705,0.09600587,0.11992813,0.106145486,0.11362932,0.091453925,0.11282091,0.07423295,0.06458415,0.07117537,28.14242326382988,15.627046334433583,18.228268662305826,17.801853830196215,17.86666224211931,18.33877043735034,16.20235369691022,30.700662924932836,21.782107215936946,22.356761170688365,18.076132272582694,11.50082905414225,7.208934220351857,2.671960798502941,0.13853393176760836,0.00249656248474175,103.359375,disco.00029.wav,disco
-40.729237,63.947403,4.90489,16.340809,12.100067,9.339081,4.540618,5.189633,-0.5894374,-0.06985202,2.9546146,-1.4821672,-1.7598724,-2.2666602,-6.12547,-4.7247868,-4.7429504,-5.763995,-4.0293546,-5.362603,2002.4283,436.76334,218.37128,247.58649,199.71027,92.61006,90.77669,63.844997,58.58687,68.639046,51.318184,40.67456,38.33936,31.307777,45.319447,33.45031,31.193546,25.358912,25.142729,24.831553,0.49362963,0.42305112,0.49463853,0.47134212,0.47036195,0.34192568,0.3577251,0.42272398,0.43620613,0.5152311,0.43598282,0.5408594,0.088430084,0.05955878,0.09151521,0.05526935,0.10416511,0.048809428,0.048318505,0.08105155,0.06694961,0.097627945,0.069813624,0.10708572,26.62265599529481,15.244886780670944,16.655271435178665,16.043070067899222,17.76915787466096,15.743414373602233,15.652658668885586,41.98469259609582,15.114082630175558,14.656599770411612,8.867108016372185,7.437004484750057,3.7158193446229073,3.4415160015388264,0.1508622774767802,0.005938814243950709,135.99917763157896,disco.00030.wav,disco
-66.56881,58.31062,-8.179027,15.493415,5.575189,7.6971626,4.071543,-3.5835302,-1.3218851,1.6088259,-5.482533,-3.7345495,-3.2398586,-1.3290434,-3.4326332,-1.1864657,-4.382923,-3.6565218,-2.0906227,-0.3098475,2428.1177,335.5481,259.04208,234.8943,141.87334,120.47146,85.57627,93.05142,70.46092,50.71654,50.964954,65.327934,43.440903,34.68519,64.39189,46.933086,38.70228,49.483868,55.35915,57.257088,0.35359332,0.4101484,0.4612053,0.31913686,0.37531677,0.32037413,0.50294685,0.5410189,0.42346483,0.45051694,0.36129028,0.48709404,0.06761171,0.079294644,0.08608401,0.049692262,0.091621295,0.051144537,0.09194708,0.10850441,0.07407817,0.09529087,0.055060916,0.09719352,19.773494592442805,15.501621995679299,18.060935024581823,17.822173274605465,18.267010037138537,17.772221368198895,14.776271498997586,28.11556876363816,17.42449734815503,21.028660039495676,13.874161505641533,13.690621670748174,7.441424129207984,1.400070725784943,0.17381451964009287,0.0027850015607972676,123.046875,disco.00031.wav,disco
-123.20344,86.96168,-22.495186,6.9312387,8.458766,12.637702,-0.85900444,-0.8323708,-3.262091,2.6230345,-0.7835582,-0.4259603,-3.8292584,-5.6531863,-1.8435526,0.12274642,-1.0618997,4.500085,-0.9746714,-5.260678,5864.643,957.21094,520.79895,309.1029,169.71721,142.72008,132.19904,123.690765,92.82617,72.65929,61.911446,63.195496,62.333168,57.948063,53.982525,78.98169,79.93223,112.912926,75.076416,120.34946,0.3797211,0.29433843,0.39240864,0.35736498,0.46789512,0.43418553,0.30322567,0.3218016,0.37664226,0.5944007,0.24323386,0.2572351,0.1016047,0.05799548,0.10727942,0.080804385,0.1050391,0.114706635,0.06560317,0.08105594,0.068495795,0.11396915,0.031864684,0.05007453,27.749720783899054,15.792359073325425,18.751513861280106,19.887554229908105,20.33508652575427,18.857518811240485,16.70704282989361,41.27995765486976,17.88837048246043,24.374688833045735,23.528428460478885,17.25123669946925,12.7447679330316,4.94158130235813,0.12327627648510062,0.0027556407973410944,112.34714673913044,disco.00032.wav,disco
-57.800613,86.53878,-11.776967,38.7768,2.375864,8.829936,-1.2931182,9.917737,-1.6644963,9.836173,3.0134125,7.5246863,1.7179295,5.66263,-0.7007106,3.4496064,0.13334651,-0.95583814,-2.637059,1.6531117,2173.092,774.64343,451.08746,222.3867,120.997375,80.14602,58.196926,62.604877,51.188908,55.51139,85.980576,84.91733,75.04278,65.40099,59.1451,48.238827,54.60004,55.890644,55.239273,67.42044,0.4587621,0.29096282,0.3378011,0.27626672,0.45771742,0.6384397,0.36905262,0.37858668,0.34504887,0.5001346,0.33773628,0.3122888,0.100040495,0.046885625,0.09108906,0.048568897,0.069027334,0.11568774,0.05432119,0.08290447,0.0533229,0.10626823,0.07100664,0.058248214,26.142636932723196,15.41901967055097,19.85151987106947,19.575702520281467,19.480242368070975,18.974360751107913,18.126431846306605,22.193672740204907,17.801394049966945,18.52559129667481,12.89833687195145,10.233571516820069,9.78954149175678,3.7797864404166326,0.12449924717008513,0.0016644857537120381,129.19921875,disco.00033.wav,disco
-65.79326,52.831802,16.578833,12.54698,5.604338,8.383382,-0.6104741,-0.6237842,-4.082043,0.686859,-7.787457,-1.8914624,-7.2499976,-5.273299,-3.0442162,-4.339184,-2.5437577,0.72082615,-0.30960414,2.9366217,1610.2891,193.57451,324.51843,226.17778,135.47653,153.35852,73.55558,67.78639,71.228355,80.45496,61.877285,48.633957,71.3284,42.956425,52.033783,65.633224,61.35791,66.765465,68.08942,71.372375,0.2329758,0.3737706,0.5171019,0.37834442,0.364067,0.35039514,0.48758987,0.3940428,0.30742806,0.35535407,0.23650034,0.29434755,0.03589985,0.06849456,0.12252764,0.07166011,0.099979505,0.07450911,0.10088928,0.0955612,0.05984317,0.09575508,0.037014626,0.08425375,27.657408072539965,14.888761252269413,18.643496092910503,18.48921830583924,18.49048439940538,16.81091654293861,16.419069889654164,29.46240526511487,16.206578040546567,19.433057233533404,14.581115998135674,12.466570128722505,8.020860781486498,4.28411496337667,0.18083450742550308,0.003205516679531548,129.19921875,disco.00034.wav,disco
-51.8135,55.668415,11.39662,7.4714856,12.000198,6.2591653,4.3569694,4.3104258,-5.940892,0.565794,3.599389,-2.388708,-5.8230114,-4.526179,-7.0146923,-4.256947,-1.7328707,-2.1438155,-2.4903357,-1.5405887,1871.054,590.4416,303.10004,174.15237,123.2642,65.971725,83.89117,46.87005,55.77605,52.619987,94.63053,48.004215,50.51684,32.661324,33.25706,43.385517,50.604557,51.102905,46.826485,53.373554,0.2742934,0.29131523,0.35852236,0.5783916,0.44893053,0.4528372,0.44911426,0.3761318,0.39360273,0.37705457,0.511512,0.320249,0.041280225,0.05443914,0.054751705,0.111852296,0.07536689,0.08961287,0.084211424,0.06663752,0.10617427,0.061655104,0.10343183,0.047366492,30.37690219333074,14.652417410490907,17.583926084429937,17.452138123479063,17.57243107777368,15.963132274931052,14.68598067420306,39.043936552790555,17.704724417994008,16.78431323705807,10.96436189933242,7.8322161022849945,5.580839729925882,2.3323342239165705,0.1764282604489164,0.007320201335582988,123.046875,disco.00035.wav,disco
-23.558336,57.343533,7.011987,16.525126,5.500359,11.859777,1.6749339,5.4618583,2.7552295,7.3391514,1.9634923,1.2612275,-2.3459413,-2.3197463,0.10894825,-0.14546092,2.2749884,1.580436,-1.8456298,-2.4429183,1585.1885,291.7327,249.9271,141.85735,82.61655,110.3198,55.80198,45.092487,47.929214,46.500286,41.543736,47.09032,45.255123,45.757782,36.918053,43.67885,58.44911,55.262383,41.714897,46.76444,0.5260407,0.40989888,0.4493446,0.32546324,0.40016088,0.49438846,0.3749785,0.5293849,0.42449167,0.5328263,0.3646406,0.38587415,0.095375784,0.062906906,0.091026925,0.048161954,0.060576476,0.0969136,0.045787964,0.09556825,0.05541762,0.09793757,0.052910708,0.05680846,26.661114267757952,14.17032571341185,17.50711925475379,17.437675954201147,17.903473829761413,16.330430214804263,17.222867739372518,28.748186004872384,16.036940464328275,16.74449357134307,14.091004898486023,10.185203737670395,8.488748273015378,3.7112666971771677,0.16205155222039475,0.002494184388018051,135.99917763157896,disco.00036.wav,disco
-26.568245,52.047867,4.177975,12.859308,16.740139,10.133737,4.47516,6.3269105,1.1580266,0.64618856,4.612163,2.1431963,-3.3678746,1.6292799,-1.8801037,-1.0871792,-0.67252105,2.382105,4.165998,2.8615503,1776.2301,306.26157,193.00734,177.20409,118.43306,68.39373,67.51124,46.80407,34.378216,64.78107,90.378944,32.35447,48.99551,30.005291,31.615215,40.166397,30.156849,50.690468,50.05503,49.66891,0.39864993,0.502496,0.41676098,0.41670358,0.4523957,0.5758225,0.7403258,0.5115297,0.4020745,0.34526113,0.3958044,0.2971593,0.06970569,0.07454603,0.06372271,0.07555913,0.06748194,0.07616067,0.0856803,0.06577665,0.069716565,0.055234957,0.08625129,0.04120927,25.015980777119143,14.073111825634532,16.024566474582972,16.343714525484504,17.73387130687523,16.033701899392288,14.97401954703743,36.25507029242487,17.049385801898868,16.087251176412042,10.807939880114798,8.015672641370273,4.398481479957503,1.753909391081334,0.19009560032894737,0.005135657462153778,129.19921875,disco.00037.wav,disco
-77.395744,52.15557,-8.997961,12.852356,8.566089,2.892013,8.930742,4.013753,-7.3446417,-2.260518,0.9621685,-1.0486537,-3.7624762,-3.5320663,-2.4292212,-4.8809986,-1.8485126,-4.170674,-1.6632475,3.5087445,1783.4814,472.45197,485.1471,299.21725,166.26918,222.6455,154.72008,98.49876,90.19662,92.61504,66.97384,74.75358,61.88707,55.851315,71.12911,105.61936,99.68518,111.93583,67.38537,81.667244,0.39995572,0.33397633,0.3744497,0.3361481,0.4156654,0.48513713,0.4018201,0.4478524,0.36208788,0.30230707,0.28215972,0.30706,0.09059616,0.07496223,0.0988473,0.07364896,0.08201678,0.10474166,0.0846694,0.11029242,0.081719905,0.059015438,0.072741486,0.065627,26.0606860378559,15.253408891853839,19.00323771152576,19.77840996614292,18.3671065636753,16.961106415762384,14.817921625875176,40.34868621973116,18.919454023632415,23.760576098634875,16.248377883031498,9.960802390521524,5.89868319607931,2.5945167534585254,0.16828847595781735,0.005631912979962966,123.046875,disco.00038.wav,disco
-107.36452,91.02147,-8.338967,34.284462,-1.9262824,3.7966006,10.531457,5.561392,6.9440746,4.7774053,0.6849833,-3.8546646,-2.5791147,-0.90398204,7.024838,3.7832522,3.3438792,5.20636,2.8768697,3.1789966,2378.3792,705.90857,578.42505,300.43872,128.44243,150.95654,85.9546,95.361465,89.947716,64.227585,62.283154,49.478184,46.154022,53.1893,83.107025,67.5135,78.77288,95.47402,89.77406,123.30715,0.2422791,0.19367766,0.33926147,0.2922818,0.44166663,0.27015224,0.33380145,0.5244488,0.3393701,0.4903327,0.23663935,0.3877999,0.04773634,0.033293847,0.09685294,0.05019525,0.10479991,0.06325165,0.07483603,0.14004442,0.043458786,0.14445262,0.031115027,0.12157119,24.995430260631494,15.612152164216353,21.22735496308039,22.27146888682305,20.78707445249755,19.909939375051334,16.287324349093776,27.793117964297195,15.905712327402542,15.835688785961903,14.965851681714753,19.254736353289424,20.216227648201958,4.890784495589742,0.10118608504256967,0.0007948100725118061,112.34714673913044,disco.00039.wav,disco
-78.35117,80.074615,-9.1673765,25.477053,-3.3905444,16.8094,7.2707057,1.818662,0.49557415,6.3203187,1.4938977,2.1636302,0.6581048,-3.3820214,-0.911081,2.9360857,-0.6341331,5.8765235,1.8965183,-0.6130138,2617.1187,639.87445,283.75903,279.25073,173.9298,84.889915,135.86453,98.65128,98.07844,64.18492,66.65906,60.33289,61.337376,62.764168,69.637695,64.19511,71.47037,85.943634,70.42973,74.84487,0.3476867,0.3583509,0.52103513,0.3962076,0.43706307,0.5612673,0.48730427,0.59643066,0.3762875,0.33964315,0.34024456,0.2891157,0.074077025,0.04739844,0.090316504,0.063975416,0.0836297,0.11376267,0.074815504,0.11833304,0.06246807,0.055686913,0.06372924,0.041798346,27.671606876353994,14.642963347862548,18.48771764626128,18.59059763617347,17.42768344093182,17.604328986780143,16.65686738802683,30.405716019036163,15.404821206016885,17.120847633064848,15.379942825211725,11.331299652236805,9.4029014885781,4.613075887387394,0.12638850256385448,0.0024263202623606202,135.99917763157896,disco.00040.wav,disco
-122.06817,116.81796,28.333023,24.729452,10.94623,-1.8944622,-1.4049609,-0.9484213,-3.538152,-2.6139371,-1.1199349,-4.180541,-2.552188,-3.766393,-0.25579134,3.2379718,-5.7643414,0.7164778,0.27367607,-2.2794304,4351.353,916.1634,403.7685,280.0427,191.63791,136.3899,125.2608,65.19728,79.480225,63.21075,66.855484,55.945675,42.925293,55.862167,34.09098,41.65287,49.509262,39.10718,41.09322,46.249462,0.22473165,0.36410064,0.4233489,0.32952815,0.4132869,0.30061692,0.36561263,0.32187316,0.35583752,0.5752294,0.31248227,0.28279018,0.04076917,0.075842604,0.106918894,0.06216893,0.11419228,0.071741916,0.10115136,0.09002199,0.055369888,0.14329286,0.049086194,0.078817405,29.778429577724268,18.017792738596363,22.662041900236797,21.49688318541216,20.14125234455764,17.962402992333182,15.246402409444205,25.870337088785107,19.803235557531302,25.606528558193407,18.954639822391115,14.185965350069358,7.890649739327128,2.792302584086283,0.053842455979102165,0.0013340579220115344,161.4990234375,disco.00041.wav,disco
-62.305237,92.054,-19.720612,17.629362,-3.1775432,5.41975,-4.000616,8.885712,-2.4901588,3.1609383,-0.5298751,-1.4906911,1.2983328,0.9118191,-1.5740798,-5.345329,-1.3775159,1.9313309,0.5238894,-3.328866,3512.6196,582.1754,391.13913,116.48567,74.348274,90.65441,66.60694,53.601322,49.579952,37.021168,46.165924,39.963768,56.74418,56.381252,38.93724,41.353127,48.437122,71.48801,61.419086,53.083057,0.38558432,0.3343347,0.63586533,0.3985264,0.34563497,0.25724867,0.32495525,0.54459125,0.40554258,0.38736993,0.3198403,0.38987347,0.08599561,0.04952673,0.11900049,0.055482067,0.078655966,0.04526964,0.048495106,0.1104306,0.06401026,0.078313164,0.057282835,0.08491543,22.812539877893183,15.04725230678729,17.972726745016608,18.236401541826158,18.274395671804992,17.270500677803543,16.810187611777007,30.31568064138682,17.873155303555233,16.563102269555223,11.475929403514588,7.304192543404701,5.487700204541233,3.093617002339445,0.12167764669601393,0.0016105188779842632,107.666015625,disco.00042.wav,disco
-62.78811,77.8459,3.535339,26.012877,5.932444,11.292923,11.104592,-1.9596616,1.8299742,9.18684,4.0683765,0.9767575,5.618282,0.6827659,-0.13502215,2.2042744,-1.8583153,-6.820175,-3.192486,-3.537325,3762.7415,1346.4612,726.00183,254.32324,191.35492,88.7631,97.242,121.444275,69.45467,84.43083,60.55565,49.77712,67.31117,53.44308,54.689857,47.54752,45.986584,68.28207,59.090816,58.368023,0.5086375,0.352726,0.41165558,0.3624236,0.4484825,0.3765823,0.37621737,0.44589078,0.4409343,0.49831104,0.4134817,0.4086325,0.11949382,0.05467658,0.0959833,0.06893009,0.099183224,0.08572586,0.068856925,0.08587463,0.069697894,0.103837274,0.081967145,0.065729156,25.048540212578175,16.299389671563095,19.858516709299565,18.640588840518532,19.37196867562758,19.02724687381108,16.182486555906188,26.089288374621276,19.648157932323176,24.5135520247658,13.535140121577816,10.985734930392304,12.287638702157935,3.9164316265698034,0.13478414340654024,0.005238756148372432,129.19921875,disco.00043.wav,disco
-71.24205,97.72146,-18.355274,8.578153,5.202039,-0.9389216,0.4680155,1.6290964,-4.7780914,0.06490763,-0.5487089,-4.452,-5.314456,-4.7849913,-4.604325,-5.987757,-2.9043705,-3.4409497,-2.5677822,-3.0350146,4064.1064,963.05536,420.8573,270.34906,213.76694,149.44319,119.62599,70.33525,73.66792,74.823814,62.17318,46.956383,44.710403,39.881447,40.342335,39.478134,37.694256,47.374683,36.528015,42.206287,0.4220132,0.2895366,0.32215974,0.53230774,0.37988824,0.4015408,0.26127416,0.41114315,0.4490325,0.27021426,0.36559892,0.29982445,0.10324147,0.057635,0.05763743,0.122628815,0.058534775,0.119573385,0.040535484,0.08445468,0.11276923,0.033786338,0.108516574,0.04997324,25.547396570755,15.53151428620534,18.71734950996197,18.489020744020404,18.50500661179226,17.721252819821874,15.314222899933831,33.322468903648236,18.08556016560218,19.842102949562328,14.820923402485505,12.09279191468496,6.9490150935879385,3.277685641045942,0.1095964650251548,0.0016320479199654345,123.046875,disco.00044.wav,disco
-81.29733,106.4762,-9.534991,17.970007,3.0110774,8.301614,3.8938744,4.2491026,-3.7393966,-2.078543,-2.2060986,-4.5875278,-1.1600444,-1.8838692,-0.22667754,-1.036716,-3.2868865,-1.8739798,-0.70982325,-0.5524986,3998.1973,1477.676,422.8745,235.0342,188.93239,146.91106,100.924515,50.944473,55.208508,37.910206,43.263165,43.963734,45.647495,40.050293,32.265614,30.883024,30.879377,37.342297,50.351887,42.558018,0.5152423,0.37214655,0.5361577,0.39531264,0.3183814,0.40617606,0.35593915,0.51207435,0.31458908,0.27795842,0.47786617,0.4069914,0.119260065,0.050984085,0.11271861,0.07003333,0.056069594,0.08952607,0.053240176,0.11874066,0.040618207,0.037495796,0.10680246,0.053752292,27.392240353987976,14.150503163397323,17.670971216157188,17.458919894149357,17.02667426227554,17.292904333952414,15.497121458479693,30.188668450289956,13.959624325766445,19.070344619906738,11.26680297056693,8.499932844212756,10.2390146030149,4.108272461756231,0.10974196679082818,0.004339211357434103,123.046875,disco.00045.wav,disco
-125.69445,101.78628,-17.488695,33.67749,-15.244758,23.698763,-8.658021,18.546085,-14.059921,19.96296,-15.148184,12.975601,-14.30798,3.033168,-7.09871,1.616406,-3.9054322,5.3860574,0.9615917,2.692143,3105.9595,404.66238,445.95297,316.5404,154.59138,220.8572,152.57227,99.73425,74.38488,76.58295,73.9265,69.98034,98.641205,80.24373,97.69711,103.96943,108.55024,62.34198,115.7384,74.71069,0.31692612,0.33594126,0.48654795,0.36314306,0.31282493,0.40869424,0.40629715,0.60652494,0.38845673,0.31885847,0.30031067,0.27130958,0.085830644,0.072471075,0.10730907,0.08710957,0.07663552,0.110101484,0.074962914,0.12809181,0.070709355,0.07874125,0.079100154,0.053312097,20.646716184192677,14.316621279183128,18.176376917486078,18.856124436775385,19.48682320228723,20.332407503330113,40.93478665096448,18.156603700658078,18.10321385538544,19.611806890970076,16.852581975567208,19.82426954023562,31.688384285578657,12.12612449859061,0.11426008005998452,0.0022858580517208286,123.046875,disco.00046.wav,disco
-280.90808,120.8154,-37.612255,28.736147,-10.789445,-6.406519,-13.808621,-4.0625076,-14.859974,4.7919674,-20.17432,-5.09395,-6.7920375,-6.4094267,-1.7583934,-4.1261473,3.4049892,4.251874,1.014789,-1.1414523,3968.1052,581.36975,709.42816,268.71765,164.11914,174.61249,118.168755,103.290825,103.42669,213.60364,74.470604,68.02727,71.184906,117.2299,64.726685,129.84769,143.94096,155.34122,125.16462,135.62851,0.23503037,0.15302773,0.18411757,0.15733165,0.23752573,0.22826593,0.21547978,0.3357303,0.24113202,0.2943099,0.17731433,0.18251362,0.10517086,0.05166084,0.086369626,0.053301036,0.10729683,0.104394384,0.07995842,0.1544877,0.07633373,0.13281572,0.058334734,0.06897961,20.735218712592104,19.685661304847077,23.69751602263976,22.80819309095285,22.67351830751217,23.65137304543257,32.72177030066619,35.96892536785621,21.568712976004846,27.575452357139206,18.040835764835208,17.88053648459498,24.010316845411303,18.410213751726243,0.08702290537925697,0.0028099836214145247,117.45383522727273,disco.00047.wav,disco
-105.02068,80.22214,-41.111576,54.02576,-8.379422,25.721209,-12.471843,28.713755,-15.008993,15.610892,-7.6170635,12.414465,-7.368524,5.769286,-9.625082,3.9907076,-7.35203,3.4371164,-3.514105,-2.9073317,2457.3645,470.65924,519.8692,220.8078,155.04501,152.78868,100.07054,80.32945,69.33858,56.736946,56.48147,64.50285,57.89726,57.945976,61.978245,62.881676,52.22982,52.1183,70.143394,85.94794,0.35397723,0.3341669,0.52165914,0.54558533,0.56231517,0.4797984,0.41284794,0.31451464,0.26528293,0.34356254,0.35428584,0.42809412,0.07291321,0.06709593,0.10407282,0.09413089,0.10099128,0.09220925,0.087227285,0.063819446,0.051755946,0.077710725,0.07780371,0.08909587,22.50931465354216,15.050728890817574,18.10870976734642,17.75634657771798,18.312484862229077,18.64284823033375,41.717090958622094,22.297101515177715,20.07574088004316,21.727487678334633,14.095265851896468,8.9225035425468,10.030628323757416,11.030517253260932,0.15437434996613777,0.003319973634291399,99.38401442307692,disco.00048.wav,disco
-45.132,98.671646,-24.668423,40.512596,-18.104605,26.115303,-12.69484,13.988503,-15.421142,16.179258,-14.377716,8.140357,-11.939819,5.3776064,-7.686565,3.684058,-6.807865,1.4850639,-5.80723,-2.5007093,3615.1223,914.36804,500.4132,172.92406,151.68712,110.41972,141.07776,70.94996,62.374233,61.657204,56.40289,46.731583,61.559772,48.970573,47.082104,39.04912,35.93242,33.209812,30.178247,34.947052,0.4372087,0.36649925,0.34198627,0.44601876,0.35006994,0.35522404,0.46793312,0.33707905,0.49448046,0.39018366,0.46188828,0.60790527,0.06472742,0.08206137,0.0567453,0.09348799,0.081605114,0.051271174,0.09554401,0.054601036,0.107393116,0.07404693,0.07285349,0.12023294,21.501559040372154,15.639666033623017,17.128403849699556,16.994299936072256,18.2713727006352,18.76466378873299,42.71169578051172,28.25091315159651,18.257186519421836,16.325903879360144,11.651393826186837,11.472383703806036,12.683638216044653,40.657002009486206,0.13532117719620743,0.00542519621745355,123.046875,disco.00049.wav,disco
-45.80532,101.7401,-32.078636,34.265602,-17.547403,32.327183,-15.645262,22.041264,-16.110876,18.677488,-13.079386,16.47522,-9.913809,11.567794,-7.7403994,6.131409,-7.3614235,3.5779815,-6.616034,2.8414469,1328.9202,328.11047,294.30884,156.91736,116.35545,78.826,100.116104,46.908577,53.36174,70.47683,47.467167,39.800945,33.33695,33.24444,32.532993,36.347168,29.992607,31.439886,29.973877,28.90813,0.63953185,0.35225624,0.37833944,0.55265164,0.3801158,0.41053894,0.42117545,0.61661935,0.38760898,0.3312067,0.50566703,0.43829572,0.09004387,0.041365925,0.046433806,0.08682229,0.035489794,0.075874485,0.06174369,0.07399253,0.051470127,0.04484882,0.07806652,0.045511644,23.648527614929165,13.450934655502822,17.709676463739815,17.22875141664181,18.25066758113538,17.179381464646397,42.78840721743307,24.667861073916512,13.735937056535516,14.808077819801658,8.637399733112149,7.725341512360515,5.1348279137103185,6.2928879151092145,0.12878191212751547,0.0013015837163999394,107.666015625,disco.00050.wav,disco
-77.198685,89.36663,-34.23228,38.68127,-22.269873,31.254671,-16.385426,22.344227,-16.015026,19.283667,-13.230427,16.72414,-10.393917,11.381442,-8.547002,5.7291126,-8.349094,3.055977,-7.5780926,2.2519233,1656.1644,319.62155,288.80002,146.68767,113.0531,73.54514,95.53692,45.826004,51.544395,65.78733,46.673515,36.692474,31.698748,31.808243,31.422098,32.99493,27.697762,30.81589,28.195215,28.074533,0.6301676,0.3565498,0.3899837,0.5551743,0.39200896,0.42048323,0.438868,0.6398006,0.3940554,0.34655723,0.51982063,0.44277018,0.090618,0.040928792,0.045463093,0.08345852,0.035754446,0.075138845,0.061561774,0.07410979,0.05019994,0.04580447,0.077907406,0.04566082,18.302664481584202,13.406921122961812,17.4238161649327,17.10713258747688,17.850628818548326,17.14959252264002,42.11614195975851,15.164460327178876,13.834250523948949,14.229315682950977,8.607907615861578,7.6852155785635246,5.581447310987699,6.740467480299291,0.15772391398993807,0.0017699282889357972,107.666015625,disco.00051.wav,disco
-70.51618,90.476006,-48.086514,36.67485,-17.66604,21.603977,-30.186953,24.03991,-20.447666,14.48298,-18.503065,9.126517,-12.047067,6.2659683,-11.558922,4.908774,-7.8774056,-0.6448119,-4.355744,0.19770397,1642.2163,355.3427,330.43066,204.24,163.84608,132.22368,99.01157,98.091644,85.87572,77.506454,86.186874,53.92975,59.57059,55.84733,50.0612,40.329224,38.941044,45.706554,41.691513,45.53878,0.41466618,0.3803148,0.5320229,0.33737445,0.3889208,0.40084782,0.38515383,0.4409695,0.3442709,0.49218038,0.4576279,0.42302415,0.07651424,0.053666934,0.093669936,0.047768455,0.07838768,0.08438755,0.07359407,0.0905825,0.04985521,0.09715696,0.079053834,0.07901334,15.934131977101403,15.494503940714052,17.41544876946297,17.98482382678683,18.51243476846499,19.28131128332776,43.86313904918911,12.724480655514958,15.673461351755124,15.785048074882019,9.554287605280589,10.953909689252619,12.06975191365523,6.093547792205215,0.16987803550696595,0.002661801636613803,123.046875,disco.00052.wav,disco
-108.510765,69.93312,14.870285,45.539623,-5.3849373,41.803654,-13.518741,32.559277,-20.397465,23.435902,-12.123883,17.999403,-9.038808,6.992761,-4.731377,2.3560433,0.19970368,2.3458986,-0.78666043,-0.59490657,11372.453,1737.716,1437.7987,284.652,235.57611,137.06915,89.1585,83.84042,81.99103,68.2357,52.620792,45.31634,52.032993,40.24924,57.67844,50.69487,48.18375,49.25654,47.12718,39.208176,0.36384282,0.43472102,0.4429087,0.55668366,0.40973732,0.40391102,0.45217338,0.51640034,0.65985966,0.5455524,0.47053334,0.35598785,0.053193178,0.09303404,0.06637962,0.10368733,0.07635562,0.06562608,0.081861,0.05373682,0.09184783,0.06661206,0.067291744,0.061685868,18.079722235890674,14.176945206301308,16.803864389062277,16.545806205993724,17.39840291658966,17.18379277400882,46.352125919490135,21.410094808106653,22.245577788883505,19.133727535295108,17.90214027694569,15.601825950274124,7.170459741901543,12.616883577739125,0.15430745694659442,0.009900588257244285,135.99917763157896,disco.00053.wav,disco
-226.35432,78.271614,7.8452187,53.856804,-1.151935,11.3028345,-7.848479,24.36511,-14.952828,18.494566,-19.137503,6.1562767,-10.068168,5.2878304,-11.683896,3.3380044,-11.275221,1.3868339,-10.699085,-4.3292,3852.6199,729.18835,637.621,248.30408,191.04463,182.02905,178.5866,109.85784,116.7946,99.49413,93.305244,67.32895,69.30496,74.58185,63.6723,65.53576,70.996956,87.99188,77.09149,63.409576,0.40743697,0.29585055,0.34779525,0.43639654,0.5248337,0.37693653,0.26499876,0.3954715,0.4743955,0.5277696,0.39833552,0.36621094,0.11949519,0.056294817,0.08585186,0.081075884,0.11829432,0.07591668,0.04982485,0.09549686,0.08904655,0.12298115,0.08232261,0.0878519,20.74783154494575,16.47747360333973,17.878479244661758,18.89285830703013,18.201633115751996,20.509536620080787,38.016621978123865,26.17820727388774,19.119997327973312,23.969014955328454,17.189845690491566,12.880173313098178,30.685492042882785,14.23751502637727,0.11465010037732198,0.005569683520973924,112.34714673913044,disco.00054.wav,disco
-103.09195,107.497505,-33.526493,52.796356,-9.143341,30.365688,-9.337431,23.046274,-11.900222,18.170902,-7.554082,9.401475,-5.444428,6.6532264,-5.613328,4.149191,-5.471509,0.8388856,-0.054206304,3.7572117,2770.6506,445.24637,448.37668,137.77696,98.29774,86.13077,90.5961,65.39913,85.98093,50.72594,71.98127,40.646145,49.51078,49.294,42.649628,38.749554,36.933193,40.481384,59.42764,57.68937,0.62035733,0.44628406,0.45648402,0.3882106,0.42560127,0.4380461,0.41023827,0.5693338,0.40835005,0.4596481,0.48011974,0.45373163,0.11391875,0.053198233,0.06941997,0.06667844,0.06752921,0.07939628,0.059692986,0.08824821,0.051849708,0.09496905,0.08398666,0.059048194,17.395681076738185,14.876795909929044,16.94297302723511,17.520173268691835,17.89157818877352,20.117281357127744,40.778708181324646,12.6535755075758,16.01177922605523,16.067152569265428,13.280636213104772,9.279907036674864,19.30487304903232,13.884782284620327,0.11041618795955882,0.0017444047336694734,129.19921875,disco.00055.wav,disco
-182.7882,124.1851,-10.062487,41.59245,-7.3899937,26.952116,-12.362844,19.820305,-16.069172,16.20639,-10.253923,3.1237123,-8.989257,2.1562557,-6.1063056,3.9118848,-3.7005363,4.940195,-1.2491529,2.5313783,3125.8684,575.9672,300.4184,154.33766,115.89048,115.36105,95.60736,85.461334,74.59774,70.3132,54.410557,81.32907,47.057087,66.82275,77.625656,54.518406,67.64087,87.31978,101.58908,76.81107,0.32325613,0.2784694,0.3077843,0.28781486,0.3629587,0.3532121,0.5171018,0.48819295,0.3143095,0.34673235,0.3131744,0.40601742,0.07764553,0.05947535,0.08574365,0.06312622,0.10749353,0.07580376,0.108188525,0.11977063,0.05600797,0.100235425,0.059014253,0.114805065,17.07856419169245,15.082129686842425,18.778980082105786,18.88041215915774,19.304842430422095,18.25490025268666,37.616908454557695,12.658680566103031,18.280066051802702,23.127173168341315,21.35955110562994,15.296333807532653,10.925833147595418,11.948153343596863,0.07696816648123066,0.0014079888343004336,89.10290948275862,disco.00056.wav,disco
-143.20898,122.59269,-23.92042,28.14886,-23.689157,23.08134,-17.911198,18.753313,-18.636002,18.356426,-13.91446,9.730259,-12.243755,4.9380503,-8.392431,5.4806075,-7.8706884,3.937847,-5.71553,-0.63423425,2048.2683,232.50162,304.90237,184.28258,150.02394,93.931305,104.96933,60.665936,75.95383,66.04712,45.118214,49.304512,39.765812,48.751217,36.187115,36.444496,37.545795,34.40433,34.50471,50.193745,0.41392362,0.2785046,0.3369254,0.5819364,0.34642056,0.35064635,0.25862253,0.3921833,0.52009255,0.32469556,0.34579438,0.29216483,0.0995854,0.06050686,0.050335314,0.116079316,0.04370619,0.10301526,0.045284107,0.07475313,0.11244416,0.04560561,0.09639019,0.047753103,18.97316306567656,15.479318890852795,18.59701317422825,18.21768940859919,17.638185891813702,16.840626512565166,38.713927984556825,11.314599084514443,16.342545589429427,16.11406952925597,10.882293066604847,8.559759786388705,5.385251060153981,6.193961510935854,0.09247298580205109,0.0005651671481507975,117.45383522727273,disco.00057.wav,disco
-109.5915,104.1451,-16.217413,45.376465,-10.195766,25.558594,-17.15802,22.278688,-16.850662,16.535793,-12.096706,8.670637,-8.847189,5.2464542,-9.296138,3.4515903,-7.895842,1.5266705,-4.04567,-0.1083143,3067.218,550.1458,446.83847,164.26779,132.62439,161.04727,93.56989,73.174805,68.29656,110.52987,81.52655,82.18623,65.65711,68.24018,52.601654,57.59897,42.938454,48.4399,44.17226,65.457214,0.3934976,0.3733127,0.43833044,0.3777695,0.46662807,0.46187496,0.37366325,0.38645735,0.4568437,0.52550733,0.3800174,0.37301776,0.087388515,0.069454886,0.08951235,0.06658089,0.09387879,0.10323059,0.07609705,0.08201809,0.08701542,0.11301858,0.087507345,0.08230149,23.816502369537805,14.074056447758286,17.482478592797406,16.758618611767805,17.89291514401687,18.20063941591536,41.14817220877824,22.14614405406393,16.047623062512326,18.55792501199883,12.360086465792605,11.877034134509282,17.94885300699696,12.503994006136036,0.1109932819756192,0.003632434089478446,129.19921875,disco.00058.wav,disco
-109.0528,106.848564,-18.27907,23.423592,-17.764582,19.019663,-13.615213,18.686106,-18.371767,18.402843,-9.714787,11.857384,-5.560523,12.884756,-3.8281443,8.68438,-7.0812664,5.4192944,-6.1986675,2.327917,4124.7563,1023.86206,433.2854,172.58951,128.70114,166.66537,138.46333,88.67785,94.648895,76.46415,66.17119,79.46257,73.495445,72.32383,91.947,81.174225,61.78847,59.066776,83.65953,52.986538,0.37926048,0.44702616,0.49668747,0.31779757,0.32446367,0.31227997,0.43816644,0.36832178,0.34783098,0.4501657,0.43983305,0.5184079,0.073473014,0.0941872,0.118319035,0.054982536,0.07211003,0.05466913,0.1036187,0.085446455,0.07100986,0.09615025,0.08431019,0.12360969,22.445041216483897,14.403444779194862,17.654476921284793,17.38018549413574,16.491344800064173,17.00220315389666,40.3793790293493,24.563265574661294,14.699087920077343,14.86121929952821,17.748370397563857,8.665061961729885,13.214521134614833,16.90862446874224,0.1102181543875774,0.004757628823471802,123.046875,disco.00059.wav,disco
-121.09522,116.9425,-22.78697,45.14893,-4.2390513,30.256325,-12.245274,21.729876,-16.540764,16.23328,-10.6551695,7.3304195,-9.353951,5.7834067,-8.41908,2.7517536,-8.0942545,0.36947286,-3.2401588,3.585284,3515.4795,678.97516,458.73694,141.61354,120.06378,94.71075,84.94827,63.11814,78.48977,48.938587,68.3092,43.7934,48.833714,53.57414,43.79713,41.154957,36.75626,43.412495,56.398613,61.408413,0.58743364,0.39891917,0.38985556,0.34506753,0.40364343,0.4381702,0.4077445,0.5447369,0.38222316,0.43031245,0.45749316,0.43251327,0.12195395,0.047401812,0.060199674,0.06416795,0.068798296,0.091174304,0.06467487,0.090755366,0.050061844,0.09751287,0.08799776,0.0561532,22.193194209215516,14.86894896940864,17.277068142153055,17.554492084272162,18.27017133292175,19.490453480165986,39.81983408154664,21.22076368537853,15.594481630385706,15.232721117769428,13.65622100390499,9.823757029744772,18.066576235889038,15.532757179525154,0.09303307311822756,0.0016944703116351255,129.19921875,disco.00060.wav,disco
-91.88631,87.60406,-2.0581753,34.285538,-18.153368,19.344702,-14.697328,17.116173,-15.334747,17.040913,-13.55869,11.848034,-9.81162,9.113958,-11.469915,-1.0519092,-11.64962,0.29344073,-1.2797366,0.09898164,5399.2725,521.39294,611.91516,247.45428,228.19055,249.8109,141.47714,147.32121,85.11499,121.73931,148.33379,121.242294,139.44011,109.65751,112.29762,73.322754,83.9906,104.26488,116.03176,87.74896,0.43318442,0.32183164,0.36659732,0.3446409,0.32142514,0.3346597,0.33299467,0.35296887,0.26968804,0.24502532,0.23916759,0.31818256,0.13939537,0.08669629,0.11602385,0.11278013,0.104701005,0.11151377,0.09082207,0.11559877,0.08930584,0.0790381,0.07615642,0.09469965,16.845699015199646,15.730116572008338,19.025492451672278,19.996931367623866,19.369296157566744,18.633670445072507,43.579210057780394,15.847813598082222,26.845876140742917,24.072854420067014,27.75125143044221,18.127298287100285,18.699107249601912,16.76199992230107,0.11589045568885449,0.0025406783243370973,123.046875,disco.00061.wav,disco
-107.8676,81.936584,-30.63407,41.331936,-8.509502,31.333733,-8.869069,26.0309,-8.280142,17.894875,-4.652872,7.4255123,-4.352716,4.491106,-4.0987024,3.0722198,-0.2864228,4.993085,0.40634802,3.8392713,5124.3145,674.197,686.43835,315.06372,203.61627,173.13367,181.55208,100.34496,114.15452,89.033066,79.08949,45.64574,59.37227,49.99658,56.474785,48.307377,59.381798,65.888954,76.113075,87.63172,0.47569734,0.38163775,0.38479587,0.410109,0.40429187,0.5006988,0.4035545,0.5069438,0.3353321,0.41196057,0.46624738,0.44147328,0.10850925,0.072035134,0.0773383,0.098114654,0.065334655,0.10851732,0.06320775,0.10159037,0.0647892,0.08986483,0.089193076,0.087651335,17.036742163207325,15.884563275279385,17.979751154112684,18.01087853623369,18.299755419522796,17.669099374685615,42.132799844658095,19.71483553354377,17.89052230969059,23.170639732686297,15.955758286046557,14.20014394718796,9.204593429901026,20.506243228163264,0.12770671076818885,0.003852973518127151,107.666015625,disco.00062.wav,disco
-51.776085,70.33135,-3.9117007,49.74228,1.5879707,35.703487,-4.088695,24.787909,-9.707023,22.039282,-6.114996,17.18126,-2.7664242,11.962386,-1.6310157,6.924509,-2.909797,4.9149704,-0.48781276,6.7344446,2850.376,356.92764,416.22675,185.58585,120.13776,86.81128,117.64885,69.52666,92.165215,63.49747,67.804146,45.865265,74.463066,49.49667,51.53747,38.18217,56.453465,47.296593,49.21874,53.933605,0.6457224,0.54177177,0.51844555,0.5624662,0.5448766,0.6049708,0.50181943,0.50858855,0.5231692,0.52466697,0.53268766,0.5653196,0.083693504,0.055227894,0.060607277,0.08039549,0.06264804,0.10132092,0.052086197,0.046644196,0.07431498,0.090219915,0.07953214,0.07245164,22.047643012429102,13.19160242357715,16.724575168489284,16.043285732403323,16.184218328265896,15.826113083398365,39.73136805568227,27.881613758863715,12.776046072895392,15.59312394045388,11.003467287856415,7.1135527477873755,4.1918438586389986,111.73979642129028,0.09977263931888544,0.0033733493318830053,129.19921875,disco.00063.wav,disco
-189.21512,93.95932,7.905782,41.8906,-7.0920463,31.882488,-12.586035,24.2205,-6.057699,24.537947,-6.0252366,16.76309,-2.0117977,6.338117,-8.548105,3.8101702,-2.5845132,-0.8613339,-3.1122644,10.213786,7445.973,521.37714,854.7688,297.22784,184.69838,111.39672,121.42543,71.79678,109.63875,93.780426,148.71086,131.57767,97.20221,106.27879,80.41693,46.06581,54.630676,68.685265,96.916954,83.15845,0.6107717,0.44279167,0.36717647,0.29366684,0.36183274,0.37492543,0.38149223,0.45150766,0.28917325,0.25099078,0.312721,0.52149075,0.15767899,0.069290854,0.081541315,0.06369728,0.10752951,0.10920015,0.09364821,0.12824284,0.0640257,0.051890157,0.060242426,0.10460506,19.51476339413975,15.860595866294204,18.165466791716458,18.459307572109193,21.19015378943595,18.881785596038146,39.82434896374479,19.596174927102467,27.060862165909743,23.21165197675138,21.328134285778372,33.62071182035925,15.572229160076295,17.511989745157354,0.06485183763061146,0.0013409250523545417,123.046875,disco.00064.wav,disco
-106.243805,105.575874,-5.5135617,50.055817,1.2439843,37.0026,-9.622076,24.011705,-8.668455,14.975656,-2.5260408,9.765439,-0.911571,3.856074,-1.5508848,3.566325,1.5332674,2.0969243,-4.0135326,-2.6234522,5124.3984,481.94055,862.79584,225.56807,130.77847,121.401146,87.47026,97.44413,64.25774,65.85034,69.93146,100.66809,64.73547,72.26556,58.587776,39.09408,44.656307,37.290478,48.038143,46.070724,0.4194318,0.42443863,0.44494978,0.37061918,0.42809767,0.5002659,0.68258065,0.5093237,0.40825182,0.4793739,0.4354934,0.5502489,0.069306694,0.0744873,0.08474699,0.071125664,0.095536396,0.07557782,0.08376091,0.085559376,0.05981651,0.08123361,0.066805124,0.103486076,15.771093313486615,15.729815724073992,18.94268062029691,17.36380762066622,18.274826504354237,17.317026583041045,40.32671387230821,18.648638699612732,16.867849126229775,22.39694265152017,16.47192682354062,15.721253845125258,11.8541840275406,30.36992750377119,0.07365715097716719,0.0020163522176272065,129.19921875,disco.00065.wav,disco
-57.606716,96.69189,-24.422018,40.01419,-17.260252,27.834213,-13.297422,23.196402,-16.528564,19.427147,-15.485601,11.825689,-10.574847,8.359429,-9.370791,6.5462084,-3.695063,0.34709242,-4.4089584,1.5547028,3757.887,646.59045,496.21985,211.57986,161.23656,96.48465,138.98763,81.803085,65.69975,71.79351,72.00182,72.206055,76.211365,65.41071,79.989716,59.26118,60.222706,66.34898,62.11358,77.48841,0.4248675,0.4476186,0.45875385,0.44812205,0.58663565,0.43610314,0.40663347,0.43897435,0.43875855,0.51921844,0.39438286,0.41002676,0.07060448,0.074575365,0.08427279,0.07898504,0.10647714,0.07379048,0.079252884,0.074509986,0.07110851,0.08944677,0.057952438,0.07628932,20.77922594638401,13.962920594547422,16.790207097581355,17.6094548142684,18.73286406295711,18.85404627656025,43.41707757256024,21.890430723283444,16.91175974717389,15.554780067228258,15.3672549011785,15.672214468163629,16.007035008942218,13.748552087173866,0.13862576794698142,0.003985294705182067,135.99917763157896,disco.00066.wav,disco
-103.76036,92.46227,-27.230408,39.22129,-23.052734,20.634798,-17.766901,18.950554,-15.204782,16.394331,-14.662064,12.249461,-14.973013,8.244381,-11.897316,1.0192477,-8.905782,5.179015,-6.445104,1.7000207,1856.0953,398.5464,285.18195,187.97934,86.87293,86.66985,61.8497,43.19058,57.749886,46.904976,44.360325,50.10975,52.350777,49.38092,39.848995,41.44493,48.722637,60.56036,56.654827,66.0237,0.30316874,0.4177608,0.35462016,0.30974367,0.572509,0.32989177,0.33597437,0.24073395,0.34567893,0.5177401,0.31215823,0.34006348,0.059733257,0.099825315,0.07583449,0.046061,0.12134368,0.0415023,0.08402272,0.040289536,0.06151185,0.11334933,0.047427528,0.088092625,19.808493384718,15.24863246848418,18.66352500740626,18.385239096243378,18.282746531446183,17.295947420205888,41.029452141138954,21.318323784929415,18.88115930779088,18.15917961225945,9.093983284566324,7.989483976175518,5.382106342114032,6.387925617444707,0.14330827931501547,0.002805459051334493,99.38401442307692,disco.00067.wav,disco
-93.31913,77.83445,-8.7843275,42.07125,-11.249412,24.245377,-17.912214,22.240356,-16.039137,16.687471,-15.665248,15.410949,-18.128244,10.212018,-14.608057,1.8476801,-11.091009,1.1463727,-10.552759,5.189855,1924.1951,451.262,385.0024,167.565,75.95749,117.105865,68.02485,55.997528,54.059887,50.33962,42.011543,47.51182,43.36906,37.68208,37.823463,48.248272,39.645405,42.18449,51.651382,47.1778,0.3845472,0.606501,0.3666091,0.35208672,0.39024678,0.44166616,0.56226987,0.39160594,0.43582225,0.30841663,0.36987773,0.38471365,0.046742182,0.093404084,0.040889774,0.06834269,0.08464205,0.079798914,0.11761999,0.04825627,0.094840325,0.04436407,0.07776487,0.088620774,23.03518215439266,15.875944198345419,18.329203225568445,18.685620800629348,18.1585688663852,16.60318240261084,42.77878313350407,24.614360220160844,19.26863690996643,16.49428121937331,10.308555234786661,8.13091149729733,6.061727354666362,7.868092210151184,0.16269251584268576,0.0055309301997884695,107.666015625,disco.00068.wav,disco
-118.3657,114.23729,-6.7823,37.40087,-17.431936,28.36287,-23.726538,9.28381,-10.439461,12.624765,-5.1486764,12.253149,-3.8705223,4.3780017,-9.250749,3.4737234,-7.95215,3.6644185,-6.1568813,2.7070289,1493.2787,309.0411,269.6803,130.22972,90.54662,97.530174,72.85015,56.6726,51.042877,44.332043,39.985443,32.287197,26.914047,33.035862,33.118046,29.54312,28.233765,34.068268,35.439987,33.344402,0.5608976,0.29510787,0.36705998,0.54869646,0.40145776,0.4900378,0.34879628,0.39550474,0.27692986,0.2804647,0.33487606,0.3707981,0.11804363,0.036631748,0.06262122,0.109910294,0.057254955,0.12854254,0.056242436,0.08276528,0.05688318,0.051173396,0.068265915,0.06000778,20.182478812241087,13.126499722681325,17.167354653251415,17.128403483580296,18.966039077619715,16.613689909017143,39.07615014099145,11.506396813351973,13.177500078185412,11.957636559540086,7.890338366625043,9.949657688324672,7.1512338505903,5.323500038646076,0.08364121758900929,0.0012784229103568613,107.666015625,disco.00069.wav,disco
-81.72716,97.61068,-27.583755,36.644188,-17.252998,30.76932,-15.948635,20.968245,-16.22693,17.418455,-13.363811,15.080846,-10.38692,10.253875,-8.392584,4.7922664,-7.943187,2.3002288,-7.105159,1.768119,1648.1088,323.80035,292.32843,151.43352,115.40519,75.207535,98.506355,47.090214,53.543053,66.82321,46.30473,37.102215,31.58504,31.641043,31.453617,34.32835,29.286371,30.747768,27.582449,28.278748,0.6376876,0.35634014,0.38080937,0.54223645,0.38193735,0.4237275,0.4339201,0.6159112,0.39353016,0.3443302,0.51146495,0.4441286,0.0896893,0.042106565,0.04835281,0.08792477,0.03699131,0.079073936,0.06346988,0.07341179,0.051938545,0.04711899,0.07863291,0.04486478,17.514036877900246,13.647084984666431,17.46459457937314,17.037501918193314,17.744259146918502,16.92754234180975,41.73187837167617,11.77313013105369,13.66878137047967,13.681580167925262,9.316130109876894,7.363913684380188,4.90479502612523,6.876840473826818,0.1346148322610294,0.001513316863722064,107.666015625,disco.00070.wav,disco
-105.51604,79.25659,-15.207652,40.825546,-12.267791,23.559673,-19.938488,27.319258,-16.512426,21.538397,-11.6801195,13.991893,-10.775013,9.3779545,-12.224892,2.0753546,-12.2306795,2.8724236,-4.684766,8.17402,1590.2484,316.62195,365.04974,136.01398,130.45248,119.15648,85.0212,77.839134,92.87895,72.87883,44.620605,44.851162,42.51375,36.796852,40.619102,38.383957,31.753193,46.309338,43.977192,60.41982,0.49247453,0.35365322,0.38223067,0.5729155,0.5570896,0.64817667,0.3815263,0.32613593,0.34248888,0.35872146,0.41115108,0.3995154,0.101155795,0.07274905,0.07063243,0.097956456,0.06475725,0.10190863,0.04458041,0.051114917,0.06260133,0.059625648,0.06855194,0.06779731,20.832457553221033,14.032154373343483,17.705825013206354,17.908380159429687,17.754569539085438,17.023285619671928,42.97867653509259,33.37671027347016,13.983407285806928,13.799219231113133,10.301412833915132,8.63625909403367,5.017736030854791,5.533205316290468,0.15595068208204335,0.004671281797883679,112.34714673913044,disco.00071.wav,disco
-128.46767,67.26374,-36.918983,40.90837,-21.745594,23.162697,-13.252984,13.093862,-14.004485,17.799564,-15.179246,16.37246,-10.465581,12.8358555,-9.216798,4.3896093,-5.4432764,7.246392,-2.667623,6.573777,4184.099,596.0563,542.03723,441.12085,281.9389,224.17299,146.91292,202.36685,114.55188,92.68068,81.4735,94.03322,67.439644,65.01492,55.71373,50.875095,41.255737,50.17793,77.451744,96.34083,0.33893642,0.4879652,0.61477876,0.40248117,0.47215343,0.3663906,0.4110847,0.34962013,0.39928204,0.56889266,0.40249208,0.39752954,0.057150237,0.06622929,0.097307935,0.05396337,0.11649161,0.056410722,0.07326193,0.07254338,0.070700586,0.09795337,0.06408657,0.08313423,17.508809035486262,16.29454066752285,18.583995565489086,18.52452034379444,18.660895078906506,19.368751138706287,41.330115462586946,12.510366087674523,22.748605318328178,17.751862711054713,12.75713027878332,8.621290395287668,18.206912223208157,11.317417293050122,0.184138720249613,0.0059464307364921675,135.99917763157896,disco.00072.wav,disco
-95.25163,82.25366,-26.221525,37.522614,-16.3551,25.29429,-21.796482,21.811947,-20.064442,16.297644,-16.119652,14.439221,-11.9070425,7.1689878,-11.668229,5.0781107,-10.222132,4.7934794,-6.018384,-0.24143377,3050.4216,440.42172,236.18987,181.77492,132.1673,67.89666,79.422905,60.23545,44.93579,50.229736,42.33869,34.106815,33.967926,25.456417,29.357891,23.173737,28.654068,26.274363,31.852228,30.268099,0.38459393,0.3990652,0.64964896,0.35071927,0.40940616,0.5112839,0.44869262,0.62071204,0.34414655,0.36891624,0.44705707,0.42260265,0.07412848,0.04360771,0.088013254,0.049545396,0.06559716,0.10199277,0.064321876,0.09702835,0.040514763,0.05736443,0.06626534,0.0552475,19.0275129815453,14.007839169414217,17.430359343432958,17.552434245150785,17.476454289644042,16.895038692788773,43.34303906229793,12.309452857570225,14.20022753780305,15.76536620481742,9.646991642234248,6.876196737003093,5.395230154048859,5.898107738193216,0.17636703632933437,0.004518516011997672,112.34714673913044,disco.00073.wav,disco
-40.762928,86.78239,-26.962378,34.941532,-20.048147,21.65764,-23.953712,19.265038,-17.531559,18.037153,-16.020786,12.446079,-13.877287,6.013273,-14.214262,-0.81543213,-14.490395,-1.229841,-7.699562,4.327605,1788.082,321.90457,367.5138,133.99168,132.44102,117.78592,85.89372,75.782364,92.48468,75.53792,45.669395,46.635925,40.975285,35.992756,35.274975,37.045376,31.493685,45.153618,39.20981,50.40452,0.4737382,0.30154797,0.34001026,0.5437532,0.51559293,0.632351,0.32100534,0.28056437,0.32210177,0.34933668,0.39688423,0.35674867,0.10343717,0.05731376,0.05985693,0.106916696,0.061082277,0.107579425,0.038245816,0.051415734,0.06282248,0.057358082,0.06869839,0.054356366,20.36808065447331,14.092879234712028,17.650273166425876,17.69829089971559,17.711942368577585,17.029443958365597,44.415322671698924,26.087360887866932,14.495096378697859,14.141079385008476,10.049769049301004,7.845101948679628,5.2964575664512905,5.62271622352601,0.15116461880804954,0.0029483678604196326,112.34714673913044,disco.00074.wav,disco
-91.75992,86.314995,-17.351944,43.106064,-18.407478,34.058987,-18.420603,26.836887,-13.56513,20.214409,-14.637163,12.668141,-12.608889,6.200999,-10.449866,7.365131,-8.057862,7.1151724,-2.459065,-0.11617031,1476.2186,263.80573,263.6829,114.12638,107.41043,63.623676,81.33989,57.116463,66.735794,68.01691,58.59851,53.139816,51.709873,43.02935,39.093502,36.92364,44.681458,52.76454,52.125217,46.862007,0.47952956,0.43198445,0.42595208,0.3652593,0.360715,0.38898998,0.42692065,0.5895805,0.5173867,0.41336423,0.360701,0.38805026,0.11623338,0.08829475,0.07468568,0.06006882,0.067610435,0.08603282,0.076112255,0.10532426,0.07822306,0.066875786,0.0585091,0.06580141,23.540367410199888,13.948067833968514,17.26157149884703,17.01547468257964,17.29911983502358,16.373202977092767,42.85296494292286,19.235796469318345,15.692750050434086,18.32503472874034,11.377116978210006,11.201460209237094,6.807816829942832,4.451181595271603,0.12995726405282507,0.0018692904142540495,135.99917763157896,disco.00075.wav,disco
-95.872894,103.33598,-36.4608,27.1251,-22.873161,9.985935,-24.656694,15.6701565,-20.151213,18.746262,-18.563173,9.864557,-15.108639,3.8944132,-11.188668,0.5124213,-5.470925,3.1176531,-7.906384,2.972252,3001.9744,371.2785,429.0443,238.73186,196.4433,217.68428,115.8219,89.62922,73.72389,68.883484,58.958736,71.73882,75.18142,56.606606,48.12359,51.196007,44.385292,57.574375,60.13119,86.68566,0.31107056,0.2207503,0.39531532,0.4392817,0.44339287,0.5083157,0.29881173,0.36197805,0.30887133,0.33519346,0.33067143,0.28428167,0.07988393,0.04125425,0.09785913,0.097363725,0.10150671,0.13134721,0.042659935,0.100376345,0.061747022,0.08521055,0.084846325,0.05219741,17.99760036524887,16.99576564959049,19.34900732162488,19.700778519052843,18.96838304363921,19.093803208056677,41.49747148806043,16.543525693519946,27.45898723653594,20.93641080679561,12.77915397574596,9.812744721220099,8.92619539707319,12.026886333608315,0.12191385086106811,0.0016057397818338903,129.19921875,disco.00076.wav,disco
-56.901474,97.02408,-17.874454,44.933502,-6.9323897,23.81333,-23.314041,25.996197,-10.480186,10.453681,-15.226058,10.030943,-9.161243,3.7398655,-9.396589,3.483016,-8.049632,1.657038,-6.0185494,4.4114547,2765.7,546.4185,354.76392,152.99231,92.879166,113.97083,81.98723,46.75587,95.61595,64.770256,67.47409,61.257153,72.76851,57.072247,53.683903,44.93793,45.715733,48.146343,52.403614,59.646404,0.5510221,0.37884912,0.40714648,0.34287405,0.42893416,0.37736118,0.34281862,0.49828067,0.41096455,0.5211892,0.32884985,0.40007108,0.09969063,0.055520833,0.08794329,0.05456539,0.093387954,0.06951135,0.058021393,0.11458882,0.05792596,0.12260367,0.04617956,0.090944655,22.98650886243055,13.947859516597246,17.809142303261122,19.167859780959567,20.76094654367227,17.431305007740793,42.77388038364458,28.795753212554914,14.397994819861124,17.524550844850264,15.168160888199187,10.785196300830581,6.43057552262533,10.935761156765075,0.11760246347716719,0.0028659867188452646,117.45383522727273,disco.00077.wav,disco
-182.05023,103.41656,-18.22728,31.200912,-12.540437,18.842093,-12.869497,19.378906,-17.704334,18.50028,-14.324433,11.545081,-11.634119,5.5954614,-8.039428,0.2704893,-8.0900135,2.727342,-3.2884355,3.507127,4587.3716,404.3636,361.37857,357.31415,139.91014,188.99461,119.68227,104.59647,69.57836,94.823944,63.87961,72.36146,59.430183,55.284214,57.310497,72.01132,48.70526,59.084927,66.00326,57.30175,0.43995467,0.2872094,0.24704427,0.28380883,0.42997798,0.60308236,0.37390336,0.30660152,0.25317058,0.24095458,0.23581062,0.28212368,0.116844416,0.07459137,0.06264189,0.07059929,0.10145696,0.14094977,0.081769645,0.08434977,0.06106846,0.060309518,0.059757363,0.055673547,19.17998862232543,17.022425027825253,20.276181751683364,18.631650642440068,18.06878897182613,17.438392893124497,38.55655251320182,14.344934592861994,22.18345777943951,21.57236501523089,15.11007512693255,10.412107285737818,8.88699083439678,12.186287905830714,0.09617402162345201,0.002156584322310288,129.19921875,disco.00078.wav,disco
-154.6233,97.9326,-10.35732,39.12367,-11.213965,24.11131,-11.846502,24.19123,-13.460304,20.553188,-8.327632,5.867451,-9.686904,3.944323,-8.819821,3.312212,-0.29934305,7.594323,0.6562108,0.8080189,4181.0713,573.63257,278.1738,130.02278,116.27718,128.0391,74.17511,84.639854,67.5266,68.836845,61.93929,63.538162,70.777504,44.443382,46.178772,43.149803,62.86104,65.57049,64.61918,70.40516,0.3885825,0.42438784,0.406305,0.44747522,0.48486608,0.64735615,0.5113729,0.43328673,0.5575184,0.39195588,0.39042008,0.35266802,0.071660526,0.09074141,0.07105272,0.094065584,0.071159065,0.09733861,0.071799845,0.073183335,0.12215678,0.065654196,0.07417016,0.06002071,24.340901992841317,13.627971493868914,16.465348365067147,16.978612883128942,17.23190451322897,17.791166087401297,40.57003419261124,24.855027549393338,19.945916845473295,20.444092434890123,14.286584593550566,12.676944513906905,11.593347258344199,13.788385611054624,0.09981534503192724,0.0028997240982722135,123.046875,disco.00079.wav,disco
-219.45564,94.70133,12.129364,48.870068,-7.2120833,16.628513,-15.087896,21.71444,-20.00235,13.238806,-15.698357,5.0570116,-15.283744,0.07390089,-9.203971,0.23449892,-9.558946,-0.7515613,-4.5294027,-3.6864765,3319.2617,601.8992,469.23645,269.71188,139.28493,299.36044,120.96575,68.43293,106.34324,97.006775,79.468254,72.148315,73.321884,62.392174,62.173676,51.157013,72.25768,57.53716,61.588863,46.720345,0.35413605,0.45506263,0.28559518,0.3053963,0.33933294,0.5422214,0.48502088,0.35730237,0.46147817,0.35165277,0.4261895,0.30098727,0.07187264,0.09768741,0.0540036,0.08475644,0.06844649,0.124843396,0.1109104,0.070424266,0.10853793,0.05511813,0.12014409,0.0617621,21.961092375481147,16.21370308617245,19.04511027524584,18.322769764104734,18.52547689819613,19.64877231367038,38.98540985769533,12.911802619952029,14.298105251718342,28.359617487951052,23.3490155922201,17.377470788948113,23.133720629466875,8.727889284384643,0.08475043234810371,0.002432665380013441,99.38401442307692,disco.00080.wav,disco
-193.22008,89.19422,-20.013872,38.74353,-2.71596,17.057264,-7.9501605,16.08651,-16.764881,7.716307,-15.71264,9.034709,-11.31675,3.895385,-8.224794,3.0170593,-6.879084,-0.70772284,-6.407636,-0.5468751,12968.709,1255.8491,425.87482,273.76578,185.78299,238.77121,177.9239,109.03117,143.3716,102.39362,119.100204,127.27776,97.63641,125.17675,120.11152,100.52757,103.85082,111.34243,82.51325,87.06849,0.41584942,0.34554347,0.34036583,0.37620535,0.5527128,0.43129566,0.2456508,0.33148155,0.31540635,0.3456257,0.27957797,0.3208867,0.10660383,0.08689233,0.09468105,0.0962079,0.12003565,0.09698125,0.053817827,0.08322379,0.072815776,0.1145211,0.06760238,0.07037414,22.12909315620358,15.88944537390903,19.472386850451336,19.450812542024387,20.148193267581085,20.858721320483337,38.385687767707964,31.579401181767846,23.815416279650215,28.50593532822062,21.476535621722512,16.90447790269059,16.706928218429862,38.27484396059211,0.11643089081849846,0.004603023099035922,129.19921875,disco.00081.wav,disco
-63.650337,94.46596,-13.425887,32.77123,-13.71462,26.78027,-19.395613,24.652542,-11.667618,13.727572,-9.442895,8.833796,-4.9801464,9.2148905,-3.470476,1.4862688,-8.885652,0.25321522,-5.4527493,-1.133074,4320.1094,1115.0408,376.15625,208.47855,341.25687,170.74734,222.59607,101.717926,124.3521,107.22675,86.6983,68.25266,70.184685,61.87091,47.77479,50.68622,51.5093,37.959515,45.684654,54.66034,0.6224194,0.39121836,0.354082,0.4310358,0.34982333,0.41966626,0.3633686,0.48480216,0.4530039,0.3429424,0.40778637,0.45190987,0.10455086,0.08394297,0.07672086,0.09104416,0.06221318,0.09256945,0.061131787,0.09248311,0.08995176,0.051437456,0.09541937,0.06527461,17.320525645502933,15.402856487746503,18.60536766038345,18.535487484249977,18.694590979085135,17.750448989597206,39.95059455788401,21.587626912588842,18.070763861204423,16.84694210882939,14.805343856307198,12.464342068914094,15.03289787007481,99.92204692594247,0.13824595164957432,0.006008920641509847,123.046875,disco.00082.wav,disco
-167.37817,112.48347,-4.5824203,37.09087,-8.613287,27.826746,-14.716945,18.52263,-16.49013,13.760585,-13.3312845,10.215414,-11.575291,6.7448573,-9.20085,4.9011545,-9.726243,1.520227,-5.577381,-2.0606303,3416.3838,763.5903,694.4826,529.62836,242.59128,190.39354,115.84168,105.10165,106.6572,87.02578,72.590546,60.18168,77.71447,62.30285,61.8084,67.415474,72.63817,65.6777,64.92421,60.401684,0.32261226,0.39603707,0.43785578,0.4570142,0.55213785,0.46514374,0.3966481,0.41744795,0.4888199,0.38319004,0.3081348,0.3445509,0.05207095,0.08887753,0.08996679,0.075990945,0.13122675,0.10008411,0.08254102,0.08619331,0.10142812,0.07928626,0.059058707,0.07847545,18.190218043991,15.120705124544513,17.374457116831916,17.955149141867345,17.98012476771473,17.00091925884078,38.74910297550435,23.660966740000887,20.97473199854893,19.514234490869146,17.499428430138508,13.795497494208634,8.163545301349485,11.23363959762019,0.09003346918537151,0.0029291432986068276,117.45383522727273,disco.00083.wav,disco
-197.17924,83.36067,-38.55783,43.7167,-7.2955384,25.659225,-8.642003,13.397131,-12.153698,12.154943,-12.050202,10.627792,-2.4053423,12.013289,1.3748271,6.7643423,-3.376777,-1.6519369,0.0669529,1.4112642,9038.312,1093.7908,763.0955,322.45447,162.21144,115.92669,83.82421,116.29865,75.14681,76.542305,69.843094,47.95883,86.52581,84.64387,150.82718,71.65803,58.7921,40.95819,46.660995,36.489033,0.47894296,0.5559905,0.49461403,0.42733794,0.4395789,0.398144,0.4713829,0.42768264,0.52212715,0.5614887,0.65882784,0.6059223,0.064664185,0.09986379,0.093538694,0.080431856,0.09111998,0.06705037,0.085850306,0.07050311,0.09252146,0.09024008,0.08015637,0.07460666,17.302974082038443,12.720135792788469,17.109679244718777,15.563351366730837,16.63316009113611,19.143730282848757,37.88989621337184,35.18754588538288,15.078104817179515,24.092035989207677,12.153786131597448,10.339533035290735,13.643921347701545,18.86295488260128,0.1514639367260062,0.006722226835910343,112.34714673913044,disco.00084.wav,disco
-166.76927,67.73106,11.18009,37.429222,-10.94142,27.39617,-18.94085,27.29737,-15.843282,20.550398,-8.622007,14.187619,-6.048987,12.008676,-6.0718484,7.280311,-4.233474,5.1343756,-4.5242863,3.4615297,5401.63,1007.83057,673.26996,418.11798,219.20651,184.65096,147.60466,74.27563,103.16353,79.41266,98.97863,83.09057,71.377556,77.87612,94.66338,61.237183,68.052284,61.352245,56.398136,44.488003,0.64781225,0.5292874,0.5142661,0.5565876,0.6329273,0.582598,0.52122396,0.55926913,0.54323304,0.5298162,0.5353531,0.6645974,0.070543505,0.07375969,0.07921212,0.06636952,0.0810846,0.08091784,0.0799629,0.08975755,0.078189254,0.07475652,0.060490157,0.07507221,19.268090588231463,12.265822484984083,15.009032576342074,15.93715752737621,15.755776785339295,15.366400919067615,42.1532148033297,26.160546540109014,27.2773065683053,28.32508006675741,13.096425854674992,9.765822175724038,2.9693023825757803,6.227103765624132,0.15866457345684984,0.009601578088422533,123.046875,disco.00085.wav,disco
-95.80325,122.05659,-29.31912,50.3165,-11.940644,28.410152,-7.0477815,11.851946,-8.612015,11.568434,-18.395964,6.8620915,-11.662833,2.6845434,-5.792651,0.6457213,-7.2554846,1.7374233,-6.154603,-3.7481859,3562.654,850.28326,816.30786,208.63782,211.1837,168.17133,128.70059,114.22576,88.68409,65.99802,59.41182,94.79714,54.70336,80.45789,76.58426,52.6436,83.675095,68.65939,63.990276,84.31287,0.46788082,0.34794357,0.394307,0.42951107,0.40034887,0.33325747,0.33911222,0.48093113,0.39634237,0.39283612,0.36641797,0.39154434,0.10417234,0.06807587,0.09018689,0.10643552,0.07723269,0.074217625,0.06367707,0.09260589,0.07267172,0.078314625,0.07616662,0.07362514,23.32446222211092,16.109003108009606,19.513751451530464,19.671633105222963,19.315353401828403,19.341108110634217,39.203945119851774,24.687287154710614,18.415468515882687,17.4423840061827,14.163051314712533,13.501835977623308,13.356012633054952,15.391758844887804,0.09448204394833591,0.002110821728223988,123.046875,disco.00086.wav,disco
-100.293015,110.01217,-26.644552,36.82376,-10.413421,28.777048,-14.843354,21.28987,-19.675669,18.522434,-16.387474,9.157716,-13.791584,3.9903715,-10.459232,2.8376312,-4.316738,3.1700072,-3.746579,3.5572658,1481.7852,521.9656,249.17924,179.9604,111.87463,143.15108,98.60979,61.92981,57.27735,58.564663,56.055782,58.64147,39.37163,45.394638,56.4066,62.560425,55.79206,66.209305,73.21777,69.44806,0.45020056,0.36825028,0.35836223,0.39018998,0.38072574,0.4812001,0.42083266,0.40608278,0.38617113,0.3386245,0.32022494,0.31361628,0.110664666,0.070377335,0.0883137,0.10354846,0.08264376,0.1142687,0.0863464,0.09082357,0.093443476,0.07335192,0.075060055,0.05763631,25.912878257163996,15.080604104409632,18.591073348410777,17.73795975336915,17.962595436707044,17.37718564526203,41.33534311802631,26.975996345171396,18.567242194819933,19.793459326948444,11.540811037443998,9.02513786245699,6.8347816880346635,8.082600627025844,0.10026696739551083,0.0024968844553167144,107.666015625,disco.00087.wav,disco
-97.88562,101.0036,-40.54761,51.05019,-11.70962,25.064747,-14.048207,17.197395,-9.623668,16.97353,-7.173523,11.723433,-5.71623,6.2494135,-6.060792,4.6876745,-6.252405,-0.98431545,-2.744111,0.6273677,1428.1444,380.16263,144.00401,124.3504,66.03264,88.40535,47.710842,53.66147,43.415966,49.591393,51.530643,41.601208,51.020676,34.918068,41.59173,36.61679,35.98394,29.713055,55.391422,53.288094,0.4983717,0.34225723,0.47635898,0.3107092,0.35979512,0.40306816,0.35358176,0.5765142,0.36355084,0.40916085,0.30133018,0.3807457,0.10398411,0.04926446,0.11409318,0.054961845,0.079692796,0.08580161,0.047343943,0.11690292,0.053558957,0.086739965,0.049734943,0.063323684,22.05388956737807,14.767723597525546,19.037704644046613,19.5800490823214,19.402591300840943,18.967085079258,40.55321058574332,21.01312096794937,17.122117088962593,15.34493973840747,11.424496699244244,9.199741454228839,7.690072233456522,9.310836607282532,0.13146859278250775,0.0014351489638090237,123.046875,disco.00088.wav,disco
-114.932045,113.46387,-29.804312,42.612103,-10.32601,26.973412,-14.493735,21.240532,-17.650537,17.097872,-13.478901,8.591484,-11.427423,6.205875,-10.899925,3.6583588,-10.31746,0.56217355,-4.165685,3.4745607,2976.5469,618.1403,445.0473,134.09401,110.627815,83.99336,78.81019,59.99352,73.36587,46.643517,65.589676,39.573353,46.893753,47.06304,43.25891,37.088688,38.48867,42.144817,62.67115,61.359787,0.5651813,0.37786984,0.39667368,0.34269744,0.4126905,0.449514,0.41114807,0.5718226,0.3788254,0.42157248,0.43757442,0.3930353,0.11878439,0.04195485,0.06484208,0.05827618,0.06876184,0.09122184,0.06276011,0.09701934,0.047992267,0.09301265,0.08643319,0.05044239,22.108581653549958,14.897476218623364,17.00339893601518,17.606056943487683,18.134939272296894,19.85044141480913,39.96534410052101,22.137159541170593,16.266121203988234,14.490940945210472,12.740431431920602,9.314114161034315,19.373005942891215,13.877513304025568,0.1118704497629644,0.0016566494988584334,129.19921875,disco.00089.wav,disco
-125.715775,88.52808,-16.738846,42.798134,-9.901169,29.185856,-19.342821,20.458702,-16.50553,15.012511,-8.765586,12.78412,-7.7588887,7.052417,-8.516408,3.2717617,-6.498946,5.7955213,-3.5007174,-0.04912919,1861.7695,583.4912,352.99274,206.63124,120.33598,101.87961,92.4998,68.85853,64.884415,55.85787,53.627346,45.37438,41.094772,42.827915,33.07097,32.605595,42.77006,32.014687,35.26516,35.21772,0.44584438,0.44443628,0.63943774,0.40166536,0.4782229,0.6109679,0.5515591,0.5482406,0.39511228,0.44562396,0.4377216,0.42733505,0.08110537,0.06529061,0.08396143,0.05391674,0.07894286,0.0751032,0.067729674,0.08360072,0.03640629,0.06810358,0.07993167,0.072440594,20.23647692862491,13.268071539007895,16.294672823580445,17.313358986576915,18.021586483637755,16.702987372917416,41.070317247835035,30.46103117163232,14.166431683893332,18.826516673887813,10.649195436671368,9.829759472582781,6.118681522356673,5.967771244881395,0.14616918416215172,0.0042028297292859285,129.19921875,disco.00090.wav,disco
-116.98034,98.51445,-19.01401,44.84704,3.8032014,28.483187,-1.102687,14.693483,-7.7538223,9.756313,-10.111344,6.3672557,-3.9202325,7.902921,-3.2126446,0.13058019,-7.841634,-1.7346324,-2.4309783,-0.7216537,8452.325,943.7138,822.3032,182.77644,166.39923,131.34053,130.30565,116.461655,103.1281,121.996284,97.72535,92.332115,75.84385,95.18857,89.96212,70.97728,79.70692,86.72059,83.60853,118.54171,0.55515605,0.52782834,0.50709194,0.47891277,0.3235686,0.3231544,0.32769763,0.4733709,0.3352959,0.23474969,0.45133263,0.45949736,0.12656626,0.070831284,0.087990835,0.12749763,0.069328636,0.085770726,0.07325843,0.12160389,0.0684389,0.049910408,0.08546325,0.062868334,20.861163107723613,15.397530849131744,19.059170950735595,19.236345540143716,19.79138170617411,20.150417156911878,37.97299751518755,20.00358290887258,19.41630757134639,21.94291141294472,18.280626612174608,16.068950333391857,19.08170256061352,56.2863428561914,0.09159921935468267,0.0030508671180101508,99.38401442307692,disco.00091.wav,disco
-123.78829,89.824844,-1.8406466,51.169796,-16.261303,28.283545,-12.495138,19.032148,-13.280038,18.500017,-13.776396,12.866395,-8.7555,8.260726,-8.236545,5.519253,-8.406669,4.4795265,0.3087593,1.8299166,2647.4878,637.3126,595.7249,204.55544,128.99707,122.49533,82.577736,72.69431,68.10113,68.64486,55.550323,44.151794,69.68806,66.29779,66.2035,41.224506,57.56025,69.79818,81.60109,69.69331,0.3048097,0.39763397,0.30513862,0.39752167,0.58532923,0.4032805,0.3102459,0.3280982,0.52915454,0.24098553,0.22390877,0.42264345,0.04665592,0.11098002,0.040810544,0.055208012,0.13568437,0.07033014,0.08902012,0.058814753,0.11252883,0.03886623,0.03288435,0.1003758,17.288513775353746,15.848600160680212,18.729771099373465,19.55812585712516,18.709329098910857,17.685298943003374,41.413966417033514,13.141783124679876,18.609053199037977,22.108113894716595,23.615332628444285,19.047718437163148,13.956949305185889,8.719034887923813,0.11753292497097523,0.0024339520541264786,117.45383522727273,disco.00092.wav,disco
-86.0438,87.53873,-20.172316,54.019077,-1.0642165,19.562546,-4.0897794,21.03777,-19.567509,12.389661,-22.010809,9.599067,-15.931527,3.9723325,-13.932702,2.3837173,-7.737426,3.4512784,-4.158041,5.9184194,3445.3599,720.7616,294.7518,191.14229,188.91129,106.809296,158.37135,72.20795,125.74617,128.56671,94.43534,105.57383,131.41832,84.772285,56.05787,75.70886,59.427124,48.79339,87.13234,64.788605,0.51543003,0.4104465,0.4576596,0.35313207,0.40400752,0.5227999,0.33472085,0.40756127,0.31019053,0.4562086,0.3868274,0.34064376,0.116161,0.06456622,0.105773464,0.05923594,0.07196019,0.09923,0.046291064,0.09087983,0.037395515,0.09612112,0.0750016,0.072379425,19.07693946767446,13.369904776401379,17.429304759895626,19.747947122754525,19.45618870591013,19.060917184742213,42.09116895775209,25.36973598117709,12.612685084473227,17.84469697773301,16.301645323169495,10.038967571717652,7.235310178268926,14.495121749606874,0.13708722849748453,0.003764562788049544,107.666015625,disco.00093.wav,disco
-130.00577,102.49775,-4.4431324,50.061092,-15.532888,32.12815,-18.18232,24.28785,-11.902589,13.763347,-12.898068,7.2710958,-9.37947,4.6041646,-9.579843,4.24868,-4.683295,-0.45490164,-6.882829,4.7626505,2043.6707,557.5464,122.06049,114.17953,54.660816,63.65441,69.93,49.847927,46.42493,51.525257,35.5833,38.305832,83.722,42.20749,32.165462,40.63636,28.008333,42.537575,28.338099,45.48573,0.7007569,0.43838912,0.35830206,0.34122205,0.40210283,0.3873756,0.3248797,0.44051722,0.33541983,0.34202546,0.4461069,0.48610166,0.11113315,0.04415783,0.057083283,0.062015384,0.073993385,0.098573014,0.04975546,0.08582322,0.04792203,0.064197846,0.087224886,0.041114744,21.724173149224296,14.084670459158366,17.042403630189597,17.57104900665821,18.77723452832716,18.337261966605244,41.579519573761516,15.047484519854208,13.017012285184574,13.65259301052856,8.798118929952672,10.80813400343635,14.888775317114215,8.488644219494207,0.09361054506095201,0.0012077439333685969,135.99917763157896,disco.00094.wav,disco
-159.86688,81.975266,-16.765373,52.506096,-4.4480314,22.865053,-8.22628,23.367426,-5.528469,17.693354,-15.369107,10.806197,-13.526739,1.7440388,-6.560189,5.105752,0.32969543,6.998458,-5.4562087,0.8063132,5262.595,832.0236,659.7381,257.3299,242.69048,243.03517,129.4737,114.91793,105.03546,120.5198,106.968216,63.990566,70.09871,86.15352,88.2024,77.34663,115.35175,119.10011,96.803215,80.40297,0.42210233,0.3940527,0.5712397,0.4799074,0.43490535,0.48569813,0.43749273,0.5346069,0.4997602,0.51745963,0.43722245,0.40464953,0.07024021,0.06219011,0.10828851,0.089891754,0.09636666,0.096785106,0.075733066,0.10849784,0.0728196,0.09838505,0.0777023,0.06712079,23.23148279522445,14.621425591259808,18.949859647358274,18.95882297352542,19.836780677434366,19.289815759784677,39.55490759399272,15.064801561615731,20.869699452799747,27.146186728491678,23.461232147913996,18.7887211602099,22.708224991506295,17.337427809605217,0.11808431997387771,0.004453319983036097,123.046875,disco.00095.wav,disco
-133.8668,93.47174,-24.215986,61.44255,-22.856274,30.976551,-14.959397,20.244455,-9.292844,15.786768,-8.740784,11.968789,-5.3208146,4.992871,-0.67285985,3.7227201,2.09798,5.443536,3.0959997,2.4591086,2787.8381,591.1277,391.26874,164.84314,123.34359,165.24088,76.10723,80.678185,80.75322,62.617867,97.04429,59.674057,71.64264,72.58284,67.52975,65.388626,59.56867,50.935444,68.35458,57.22124,0.42868572,0.3748904,0.4367097,0.35214984,0.38491416,0.3303127,0.4196897,0.5242673,0.414233,0.41263187,0.3878476,0.53216267,0.08074301,0.07755406,0.08804195,0.05151998,0.090164654,0.057188224,0.0735576,0.11283689,0.0740508,0.072896,0.06596548,0.09943893,23.530736038355812,14.98566288495278,18.711806187186074,18.802902544505457,18.27652887855536,18.214730128948553,41.38946775921125,21.294729859677414,19.59712752244809,18.25542594367971,15.86894754203194,12.284745056477302,9.66617790444475,12.569350819786365,0.13440697259578174,0.003378110024287324,103.359375,disco.00096.wav,disco
-116.92593,75.75966,-4.2054796,37.28704,-5.3384075,31.376095,-12.168359,22.909481,-11.43796,14.62477,-13.049894,13.411264,-13.228818,8.251243,-15.236953,9.83192,-6.212928,8.001915,-8.030049,4.3991666,2783.2415,295.02524,139.05931,149.2839,88.41169,77.434105,61.016678,77.68113,50.67245,56.282425,55.15028,63.274586,64.55607,62.502594,75.45811,36.29384,41.55076,62.7518,39.688484,43.545914,0.3752342,0.33049378,0.36074653,0.2750779,0.29733142,0.5955649,0.33019412,0.2699984,0.39937434,0.461607,0.802212,0.48320287,0.059894267,0.07543389,0.085756786,0.06294641,0.052015465,0.09156829,0.048506506,0.04678306,0.08116923,0.029563919,0.070673406,0.041360863,24.406277769579912,15.667578862793722,18.09231041301249,18.512563264499903,18.82992984928042,17.480439112607126,42.326378376844794,20.314242515715957,20.97126177844393,16.148525427138726,13.174158496433467,15.834838528747953,9.934505613659878,9.383957884225893,0.12049624794407894,0.0022831510012480422,129.19921875,disco.00097.wav,disco
-91.597725,99.463974,-8.991621,40.185043,-18.037636,22.567217,-21.956272,15.782541,-25.66539,17.664223,-13.675539,15.635084,-15.469164,4.5212984,-10.157356,0.4606566,-10.151421,4.796902,-6.8835435,-0.9924837,1844.4536,424.53183,267.836,204.94391,144.44365,122.00374,116.80851,94.36524,63.66809,57.95569,53.352367,72.059654,48.99903,44.24708,55.65374,49.11036,40.068966,45.100475,47.387234,41.13468,0.386268,0.45169884,0.46911752,0.42789334,0.5165409,0.485033,0.62511045,0.43903297,0.3151213,0.3294533,0.34611383,0.49903944,0.048014272,0.07723216,0.07876406,0.0647965,0.11702718,0.057929475,0.110640675,0.072439395,0.06306882,0.071970984,0.0531545,0.088729106,24.284847935797547,14.052623237607587,16.7453493486319,16.74577560707244,16.751710700356107,16.98016621272445,42.596044899222065,21.839752494488106,15.573651767387428,16.02213389696006,12.977717427296172,7.261260944685404,6.683697035277316,8.375698767824531,0.11262743687113003,0.0026883472809355853,123.046875,disco.00098.wav,disco
-91.597725,99.463974,-8.991621,40.185043,-18.037636,22.567217,-21.956272,15.782541,-25.66539,17.664223,-13.675539,15.635084,-15.469164,4.5212984,-10.157356,0.4606566,-10.151421,4.796902,-6.8835435,-0.9924837,1844.4536,424.53183,267.836,204.94391,144.44365,122.00374,116.80851,94.36524,63.66809,57.95569,53.352367,72.059654,48.99903,44.24708,55.65374,49.11036,40.068966,45.100475,47.387234,41.13468,0.386268,0.45169884,0.46911752,0.42789334,0.5165409,0.485033,0.62511045,0.43903297,0.3151213,0.3294533,0.34611383,0.49903944,0.048014272,0.07723216,0.07876406,0.0647965,0.11702718,0.057929475,0.110640675,0.072439395,0.06306882,0.071970984,0.0531545,0.088729106,24.284847935797547,14.052623237607587,16.7453493486319,16.74577560707244,16.751710700356107,16.98016621272445,42.596044899222065,21.839752494488106,15.573651767387428,16.02213389696006,12.977717427296172,7.261260944685404,6.683697035277316,8.375698767824531,0.11262743687113003,0.0026883472809355853,123.046875,disco.00099.wav,disco
-80.92658,84.79292,-31.540653,33.89926,-19.848768,23.558195,-22.125015,20.021149,-16.759602,19.211897,-13.106137,11.505603,-10.726899,10.569202,-8.427004,7.3234506,-5.3749456,7.6905966,-5.544044,1.5257049,4881.8784,751.0087,549.20667,407.56616,158.70317,135.76036,93.50139,96.83697,93.53035,55.802258,75.07533,52.48609,74.13258,71.99837,64.906265,55.434563,69.50544,62.259,63.395718,40.936054,0.37509444,0.35751542,0.47855687,0.4516783,0.61379695,0.47035033,0.4557626,0.46835947,0.46510744,0.5388957,0.4170683,0.43578494,0.06766477,0.05741707,0.09577115,0.06786616,0.100162126,0.09594466,0.086637415,0.08344835,0.06941654,0.105479464,0.07135005,0.07046108,16.867010471042406,13.21677286305106,15.792576173212495,16.219066098401537,16.12712962621042,16.17652393162868,42.21477949050639,17.187145708286632,21.114619998914225,25.624219817756742,13.035401920669347,6.874667365898171,7.7049949184595965,14.972955060426107,0.14734075682082043,0.002891991110898052,117.45383522727273,hiphop.00000.wav,hiphop
-81.1395,49.606533,-14.548335,57.986927,6.8434696,27.148214,-6.8552327,31.304077,-10.086364,20.312963,-2.5413642,12.746546,3.9735262,13.235152,-2.3756185,12.26852,-7.035885,4.756272,1.8735869,0.02232016,3649.3418,915.5281,990.89764,323.75613,386.74762,254.71045,183.84348,147.22,138.99463,88.917984,112.897316,78.425156,103.19587,74.82106,75.4412,66.57765,67.66792,58.24492,57.168953,67.593094,0.49282217,0.5508849,0.7134082,0.8048774,0.62551117,0.4157598,0.2987389,0.24183178,0.2700258,0.3303377,0.34777725,0.39517874,0.05393637,0.041174512,0.057771653,0.07243199,0.042017274,0.050824583,0.054828595,0.06057132,0.07749888,0.08639203,0.070027396,0.048451543,27.544904199022334,15.264993273012761,18.802426815367212,18.112348285334058,17.919851534110673,18.629805877565357,40.26738640425978,29.340011878378736,24.472380374950976,23.076354956532647,18.204024115874045,12.871854924990892,12.352628953170525,107.5789300509985,0.09764869146671827,0.005134721232346794,92.28515625,hiphop.00001.wav,hiphop
-202.88756,132.38377,12.001245,43.77104,-10.231296,17.12234,-13.5626,15.044013,-16.261728,9.421977,-11.64568,7.0476594,-4.317207,0.83221436,-5.6038814,1.2634315,-6.975631,0.39049447,-2.4323802,-2.9321568,4661.289,1037.0126,805.6531,316.83408,344.24643,208.91559,178.72185,128.01253,137.01134,113.03003,132.07123,78.94571,99.320564,91.05124,69.57935,54.961468,61.668953,41.211132,41.640312,38.830074,0.39241973,0.4013161,0.4160133,0.37529498,0.3433859,0.3706197,0.30611992,0.28741968,0.36154437,0.46980083,0.60733086,0.51752764,0.076449715,0.08576907,0.093443014,0.095572956,0.08049434,0.08235774,0.07421779,0.065457985,0.064437665,0.08596361,0.12245911,0.09036182,22.49242488194225,14.548572149312882,18.538891516432574,17.681340890594495,16.448008087639053,17.25654312977584,36.543911741512204,14.887344825032539,20.57167815755475,23.496351730831318,21.79044835570902,10.982835005853373,11.452052110633394,17.51875904615158,0.05873774005901703,0.0024821759462882176,99.38401442307692,hiphop.00002.wav,hiphop
-40.255154,80.830086,-25.643091,38.42609,-11.072867,24.912197,-7.3689013,26.772398,-5.286711,16.798525,-3.4986296,8.451586,-5.5967097,12.057393,-1.8924502,10.485353,0.6510143,0.27163374,-5.0933547,-4.0094256,4954.0093,750.40625,1258.6698,291.73868,278.87036,310.06985,270.78842,187.5794,173.81049,107.818665,89.50325,75.22425,71.82616,68.20766,73.571754,101.840385,60.615627,61.954666,57.286243,57.072895,0.5717092,0.5507719,0.5817188,0.50534904,0.3837167,0.34286997,0.33566597,0.33422187,0.3361695,0.49893618,0.5548498,0.6111768,0.09867207,0.08865197,0.09481588,0.079453014,0.068941444,0.06922242,0.061428975,0.065868594,0.057219356,0.095272735,0.0812829,0.10489874,18.529159462079345,14.086836031671469,17.744130786218022,17.071198484341345,16.687037592810945,16.935865958499612,36.62431213897699,25.63558322837355,17.22565416628738,26.177158150611934,13.571624319438149,7.442212203352861,8.163779207979374,143.15650423939894,0.10351449122000773,0.0022848757784126815,92.28515625,hiphop.00003.wav,hiphop
-140.2109,71.62181,-3.77539,39.005466,4.1943936,31.507359,-3.9653087,19.763544,-3.7660909,16.000134,-3.1709101,11.85097,-1.2552047,5.775349,1.2760401,1.6593858,-0.8388632,1.6146661,-4.0749097,1.1415372,12406.366,1067.3297,1507.2041,458.70386,416.9117,306.29813,278.21695,155.13368,186.39604,190.07298,112.104805,89.865616,110.406525,112.09336,79.497154,71.777435,60.696438,65.27555,59.13237,81.49289,0.40303683,0.37731004,0.4707259,0.41031677,0.47106594,0.45551053,0.3938716,0.46984193,0.52863175,0.521535,0.4573785,0.43359506,0.06651738,0.07185352,0.11446671,0.08028871,0.09139477,0.09683321,0.07411671,0.09979293,0.12681147,0.113879755,0.08548795,0.07568435,22.699664442762543,16.39999246024599,19.14858569321294,18.606005672128187,18.687340408287366,17.00445912820039,36.49613837212563,35.2233174611224,34.44524280515069,32.89600143503351,31.034165959487574,19.608683114964666,10.765833911763423,103.11689640001396,0.09989130829140867,0.006126653900836998,95.703125,hiphop.00004.wav,hiphop
-11.675508,81.99325,-8.505697,52.767826,-14.70422,31.964735,-19.689999,22.869427,-14.710648,14.518811,-10.083078,14.005072,-8.073014,7.4342127,-5.4978147,12.842176,-3.697336,6.2179585,-2.5902514,0.10540796,1349.1128,385.39633,238.7368,232.35884,153.80751,105.96084,115.26132,88.20339,61.625546,81.12732,76.71776,66.54471,52.057144,43.40753,39.37355,43.34565,41.89005,45.09597,38.214657,41.22584,0.434681,0.46970144,0.48316404,0.47987154,0.48783818,0.5238268,0.5369221,0.54103714,0.5057569,0.5441853,0.456731,0.42429346,0.07423333,0.07651537,0.08572563,0.08646774,0.07225142,0.08518135,0.07904166,0.08892129,0.07909123,0.089126214,0.0741384,0.068194464,18.36525828045846,12.260368623455038,16.118172643294212,15.707763656354835,16.36336667401393,15.462982321628235,42.060997760096,16.47698789441091,13.107651842629277,15.030342476715006,8.494134278915851,5.487663720970348,2.8389096840368397,74.11985824662963,0.1246141368759675,0.002613325635183843,143.5546875,hiphop.00005.wav,hiphop
-59.61099,63.90056,3.4885833,45.235706,-1.1763209,28.239433,-13.166778,23.60513,-6.623221,16.478992,-7.2890754,14.477249,-5.7934427,8.176779,-6.8806267,6.7361226,-4.475576,0.96118426,-7.1330266,-1.2612313,6878.4614,1021.7212,755.114,433.14243,391.4169,225.25339,211.8927,155.01895,148.21518,118.811134,102.61472,108.41842,97.79225,67.99061,69.76965,49.318073,64.7389,53.53648,68.92167,45.500168,0.42542693,0.39991423,0.41208783,0.48353252,0.5282104,0.42199805,0.38716608,0.42924336,0.4910509,0.5675437,0.524996,0.4994804,0.08284418,0.083829485,0.07177872,0.08775074,0.09878802,0.07743752,0.06868268,0.07322351,0.08909191,0.12538521,0.08466542,0.088323005,17.981576415163687,14.20740997360247,16.747362310523695,16.191725435704743,16.58139139910445,16.16211892358871,38.77261191226444,22.968473603834,21.512257367974385,26.43111004233612,17.270116550554544,10.586756351800704,5.5052921659264715,142.6683449300051,0.12823807565789475,0.009343448554690584,99.38401442307692,hiphop.00006.wav,hiphop
-58.451878,103.05016,-7.2154045,44.881863,-8.616438,12.345843,-13.746115,19.97422,-13.128944,17.136246,-3.9520185,15.581611,-0.4627677,6.9280353,-6.032932,5.6366434,-3.1798737,1.8159584,-2.566344,0.10787373,3683.401,634.9151,728.0506,418.51016,286.52197,180.65431,207.20276,127.09508,153.68495,95.976234,106.01955,85.923874,70.79715,48.1971,52.362755,50.512196,67.43868,38.484283,31.227026,42.26027,0.38773346,0.3763245,0.42910832,0.5305995,0.62329006,0.37412342,0.33116472,0.3517137,0.41265956,0.48839888,0.44859025,0.43444446,0.07822084,0.07066222,0.10173469,0.09301537,0.101248056,0.06308076,0.06277457,0.06512117,0.07766777,0.10105484,0.08638076,0.08588875,21.86550264084148,14.49711423991848,18.532990212852198,17.78268047618577,17.64777861816027,17.105704285144604,37.80323933715889,31.755486823136795,23.311608993008818,23.652756953939758,16.132980420180388,10.77496551269663,8.977180564820557,115.93355485618055,0.07867374951625387,0.0025504599019393302,123.046875,hiphop.00007.wav,hiphop
-111.16549,55.194405,-18.44469,47.21848,-24.78782,22.52642,-21.138931,12.542854,-15.849728,16.296558,-12.565083,9.60918,-12.127599,4.850224,-2.2139869,6.88599,0.49253651,13.001817,5.9532986,5.4405985,7001.7563,1338.9391,1238.4005,653.89185,557.2706,333.2834,336.97095,176.28474,158.47566,113.09149,112.20887,88.99814,83.849884,97.8103,85.05403,105.42681,154.31645,135.69847,141.40675,146.84564,0.3997053,0.35131162,0.32017475,0.37854266,0.4238681,0.4361682,0.4840916,0.50753653,0.5718824,0.5597427,0.5109589,0.49731177,0.07148414,0.0592355,0.05216987,0.07945515,0.09401584,0.08227109,0.07893137,0.07283411,0.09088405,0.11574704,0.09671386,0.090493314,22.05304189810902,15.38261058821437,18.163821847051555,17.228217545188564,17.30760111467085,17.133315466113746,42.149231237279885,25.90634240176604,34.021091699121634,24.070031235862306,18.610654120167144,11.057450098617702,8.296648471927398,38.783349142537276,0.17691578584558823,0.01014376734150192,172.265625,hiphop.00008.wav,hiphop
-95.086945,94.193474,-2.5176678,49.53372,-6.6139855,33.199677,-7.5960355,20.963081,-8.853171,16.792492,-5.245886,10.775888,-3.4604824,7.310613,-3.4420853,3.8423052,-3.2273757,1.7994256,0.09320529,4.0050592,5024.8125,1623.643,659.877,292.9096,229.20518,169.24927,189.3447,95.0438,114.97049,98.73649,101.48063,71.04736,58.266495,57.872242,60.572525,58.585552,40.41388,54.938576,71.32266,100.05631,0.6224749,0.53020316,0.54071033,0.5954059,0.6400059,0.6360834,0.56038994,0.48088115,0.44365478,0.46532905,0.5596406,0.6529879,0.07680889,0.059968747,0.06926427,0.08223607,0.079157114,0.06648388,0.057406645,0.06704794,0.06229896,0.06614301,0.065464824,0.09796224,16.360401354671342,13.146894221553369,15.717513374085323,15.003241231071428,16.096158849690255,16.307124087649544,37.826815201526095,13.750435337317386,19.302652069780088,23.60244576015786,14.869568893862715,11.464441530494122,7.747921580959279,91.67977122649684,0.09832480226876934,0.007406455609444651,103.359375,hiphop.00009.wav,hiphop
-67.45474,94.84137,-38.85323,37.641743,-12.254447,36.9015,-12.652126,18.297035,-8.852412,17.983482,-7.276881,9.716909,-8.74362,4.5059533,-7.58996,0.22546387,-4.8740935,4.8480425,-2.0033996,-0.7525281,1308.7203,458.23666,285.09412,194.65033,155.3348,97.85026,106.97429,75.636795,76.15335,64.492775,60.748535,54.453148,49.129265,50.908386,33.092808,40.85663,63.51989,90.62067,87.963,77.70846,0.40581396,0.4123264,0.40408137,0.4255559,0.41782787,0.40470916,0.4266639,0.47922295,0.46542147,0.42170927,0.43867186,0.426431,0.08468144,0.08457588,0.07448866,0.08576641,0.08651403,0.08528954,0.08729782,0.09859438,0.09292837,0.0858818,0.08646674,0.086102694,19.835587926314716,12.985718851923426,16.03953352564355,16.485484519946024,17.647977992311308,16.29308584044297,42.393255628087,20.330013335284765,13.295797020224233,20.354480661854378,14.252231183434441,9.413021995157814,5.164510325427554,5.903528360250122,0.12547203040344426,0.0024021287394170514,95.703125,hiphop.00010.wav,hiphop
-74.19891,104.60867,-8.396771,49.658215,-9.376969,21.438307,-16.337013,18.78141,-13.079522,18.464,-14.953655,6.8762655,-15.326539,4.772736,-11.097988,4.74354,-2.8028693,6.797867,-5.8092246,-3.786318,2636.5293,673.17664,544.636,280.89584,164.64684,137.75287,144.47061,104.32158,80.82026,67.101105,64.00826,61.090607,50.615635,62.83694,52.829987,77.00245,101.729004,108.06481,103.95708,92.180824,0.37310687,0.38001585,0.44666246,0.45637003,0.4252824,0.48123902,0.4209731,0.40984792,0.48407847,0.5551499,0.48637655,0.40960425,0.06828842,0.056343663,0.10681911,0.08057524,0.07268574,0.10821095,0.07607297,0.06654259,0.077088214,0.09924127,0.10227258,0.07904495,19.86414470750363,13.159882126606751,16.406813808763328,17.767744012137072,17.617268049634728,16.73260806522796,41.82194466699074,17.21764613552139,13.7192475653881,20.09531506226295,19.88145165851843,9.976674363487074,7.807728800018666,12.115373583207623,0.0941872611503483,0.0034230380777904574,135.99917763157896,hiphop.00011.wav,hiphop
-67.10566,112.41543,-23.642479,44.281242,-18.861816,23.874338,-13.404416,20.146225,-10.650068,20.623596,-7.5087595,14.423368,-9.39121,11.295234,-8.8619585,7.0855293,0.45575354,9.392796,-0.8869534,-0.57510734,1957.9005,319.16882,297.126,166.47978,131.47298,98.09578,156.5136,83.482796,70.78379,66.43812,89.386475,74.31678,84.76371,60.621304,88.29764,118.40018,116.66906,113.01403,111.33671,105.8095,0.2017186,0.30676803,0.33309442,0.51065445,0.4337933,0.37899107,0.39504668,0.42430383,0.40367928,0.38934264,0.31208855,0.21568039,0.044624,0.0964277,0.06733241,0.12775396,0.07464465,0.07353649,0.07982269,0.10528118,0.096880406,0.11355938,0.07503918,0.04386252,18.451821335080933,14.06185626595169,19.349244863925694,18.326656049071477,17.033798227012596,17.41841412573731,41.82335784445257,10.59456021844723,18.092505508117117,19.135490872205462,12.302401544104761,7.88028147075621,6.68494385532116,7.22881587001822,0.08725570820433437,0.0011237260874351407,99.38401442307692,hiphop.00012.wav,hiphop
-129.40356,141.74866,-42.528156,34.001812,-6.9713745,8.687781,-11.36306,15.94384,-9.015018,6.639111,-8.326205,7.5594826,-5.469925,5.8708653,-3.1525168,-1.6954042,-8.807615,-4.858021,-9.291838,2.1231601,4842.0635,2749.8862,1055.0195,614.84326,436.4533,511.03067,174.89565,217.58601,90.62,84.093475,139.37827,100.230804,113.66411,86.68206,81.397964,37.7623,55.72129,64.95323,38.226067,56.799316,0.2909216,0.2339836,0.3706743,0.6092995,0.55604494,0.38686296,0.19229032,0.21492897,0.2636689,0.21351866,0.30220243,0.44716042,0.05592447,0.059529167,0.070934266,0.14206235,0.09427457,0.085488535,0.04256287,0.06410771,0.08596306,0.05208114,0.070499375,0.12062994,14.803249377472586,15.509512559302003,18.584282879436845,18.814000456616153,19.104209914337524,20.032581562319105,35.775361454993394,18.582441927096188,18.891350355208846,25.82794425432705,33.630520433048794,25.25321127155024,27.78120143694594,57.88869815052188,0.0966369817869582,0.0014102907588373148,103.359375,hiphop.00013.wav,hiphop
-51.27445,91.09927,-33.769688,69.9306,-12.950171,23.187635,-13.769311,23.784006,-14.735113,10.69933,-13.481396,6.0735264,-14.7200985,1.686247,-7.245058,3.9597955,-2.653484,7.552637,-0.1297563,-0.73014706,3250.0093,693.76807,546.4355,252.11658,199.05449,127.4004,158.65674,71.74736,70.95218,74.76848,52.705936,51.88719,44.208866,50.096786,45.583443,48.59354,65.97008,87.46001,63.80292,43.683105,0.47218043,0.40665972,0.3915022,0.5931234,0.50573224,0.34605333,0.41827166,0.63581836,0.7769606,0.58655596,0.37254062,0.37040353,0.073125124,0.065294474,0.043411683,0.08279654,0.05787288,0.043117248,0.045498528,0.0700355,0.058674254,0.05743632,0.038952857,0.048686594,22.57055152012952,14.10353210105168,16.945065669675394,16.499112629452878,16.26651026741234,18.011944819074195,42.01916805689718,15.632763030454356,16.00268263392281,18.55391115702938,11.323743342451433,6.069719372462062,7.017797639326249,37.84254521751388,0.13386653746613777,0.002038809993486695,135.99917763157896,hiphop.00014.wav,hiphop
-81.91787,94.772316,-16.236649,40.530567,-12.247199,28.186155,-20.102428,18.101372,-14.641278,14.184542,-7.25433,13.6582365,-8.487999,7.8997188,-4.8325133,5.101997,-5.8849735,2.0725234,-5.665477,-1.3740294,2108.4778,424.57324,263.80087,172.09839,121.49497,131.47765,74.73328,60.099693,45.867805,80.25128,85.62084,47.577858,51.786594,58.46927,53.44376,44.2561,50.885136,50.812798,54.793575,49.983143,0.54791933,0.5416546,0.49726528,0.44377598,0.4704169,0.42534214,0.36090434,0.34589937,0.34778824,0.3385965,0.3607063,0.4031845,0.09595369,0.09796173,0.08736367,0.07748201,0.08756514,0.0903167,0.07407599,0.06259004,0.061489046,0.052731633,0.07168532,0.06586833,19.166008816136024,13.949576290885874,16.56667175786019,17.351318195787545,17.134077916025877,16.02796353615664,42.408961392277185,13.782547435325778,16.28090382491957,15.883507848147495,14.566841695902585,8.716472560187233,4.46154896468636,8.045686348299746,0.11596868650832043,0.002524454339120808,99.38401442307692,hiphop.00015.wav,hiphop
-88.064995,77.3721,-19.0961,51.575947,-11.776865,22.21098,-4.727707,20.109219,-8.329369,14.603727,-3.8112483,8.5798645,-11.464596,2.1605783,-12.678757,0.39530525,0.9852859,10.532833,7.6297636,4.388356,4402.617,675.16864,576.90656,331.16357,217.1309,209.04208,213.72437,132.15294,121.074814,96.52567,99.66294,90.86924,89.91181,70.256584,94.990616,96.97278,124.51988,138.65237,128.5153,131.99646,0.52126974,0.54656655,0.5543113,0.53799117,0.43505472,0.3926735,0.3947877,0.45054176,0.48825178,0.43575984,0.39847648,0.45215756,0.108806536,0.09427062,0.097933285,0.09011676,0.07398625,0.07366393,0.08168905,0.094805546,0.10033296,0.08502361,0.06731062,0.08370653,23.656934300135074,12.881930838289316,17.91168557192454,17.948529583878187,17.18569143074313,16.987189975357612,38.787046987597456,43.469386240443484,16.60505237123344,24.901955350126904,20.8250773952214,12.358419792483634,8.065924765887784,70.04834986477262,0.11047967963912539,0.005560134965173524,99.38401442307692,hiphop.00016.wav,hiphop
-76.82371,98.38955,-5.026062,49.33168,-10.2882185,33.286823,-9.96177,17.61652,-12.23127,18.665478,-10.976791,11.510851,-10.490248,6.2619195,-6.977471,2.4990718,-4.895574,5.468563,-1.8260895,0.636413,2422.9417,350.5454,455.83087,165.9131,148.65804,120.9956,96.519806,52.101612,51.727184,62.533607,56.18724,50.168518,50.05366,55.723362,43.460762,45.22851,43.289654,50.332497,64.20309,53.55135,0.55472463,0.5347094,0.5223082,0.4879245,0.4421826,0.4515846,0.47847116,0.46454933,0.47486153,0.53211373,0.42919722,0.40122986,0.09913837,0.05925882,0.10022506,0.09137919,0.09597769,0.09293888,0.0865449,0.069911644,0.07649815,0.10219443,0.06875305,0.050490886,21.956381365776437,13.225429501581432,15.366487057450426,14.920166308454888,16.359303792683463,15.89499728940554,41.47384523580404,25.847836589010303,12.847341364017675,13.500210292041226,11.502894449695708,10.96984085695189,3.972987752965575,25.19855725620599,0.08034305159152477,0.0017956540788786203,99.38401442307692,hiphop.00017.wav,hiphop
-113.496315,68.45945,-15.764092,56.38857,-8.150662,27.041563,-12.364466,20.665415,-12.666251,15.433281,-10.998275,14.049128,-12.502553,7.401503,-13.318547,-0.24479029,-12.045158,3.8187954,-2.6738074,5.6455956,4876.585,1635.3263,729.3141,583.19745,376.04752,290.8584,222.82445,132.6176,137.02554,112.14831,112.36725,98.87755,102.81362,79.58548,80.11898,70.31114,81.676025,86.19536,95.39615,138.09064,0.47348678,0.49276525,0.53556424,0.5821749,0.61377263,0.56488913,0.44183388,0.3595868,0.332394,0.34419343,0.37903982,0.4229747,0.10628774,0.10057138,0.10505701,0.09156919,0.08538737,0.091956794,0.08314096,0.07698653,0.07015323,0.07325807,0.082548074,0.089826666,20.675482997057877,14.196269286979067,17.400183252149475,16.167895610928515,16.716000583298158,16.664590037744507,42.27530544553469,48.46582267772495,26.52376138202986,28.998306576515674,16.83701244582144,10.579952197784197,5.8541023387481665,12.344230346707002,0.1457859665247678,0.010628190706877915,143.5546875,hiphop.00018.wav,hiphop
-64.652565,88.21731,-10.360637,41.79439,-2.56113,22.901434,-6.498876,16.630945,-5.8019123,13.093463,-6.9120083,3.027008,-9.772857,2.3434885,-7.0578547,3.2029796,1.7207859,6.090178,0.3734064,-3.0363767,5812.9375,751.081,991.7194,464.5371,266.48584,195.9905,224.8559,117.19795,149.08444,89.93082,89.14071,65.31963,65.60445,57.686695,70.78082,75.25025,92.679474,87.93879,88.63837,79.32734,0.4265965,0.42678985,0.460448,0.42870432,0.37296906,0.36076504,0.3672766,0.44314343,0.4974376,0.4913967,0.48377472,0.4275166,0.09442657,0.1013911,0.10256175,0.07542477,0.07676876,0.07074005,0.070454895,0.09679165,0.1002038,0.095656954,0.1012059,0.09495271,16.881177422217316,13.238543025255739,17.148354410706727,16.840464398876808,17.35450982360823,16.47094232784827,34.37854357401575,22.821296239187152,14.07450179499948,24.965059338738538,18.527836953200126,12.548155473066823,8.654893006472555,138.3872225506394,0.10016379341621517,0.00321164243664897,135.99917763157896,hiphop.00019.wav,hiphop
-122.2709,50.584606,-27.789642,66.590706,-6.604407,32.067585,-8.222272,22.451204,-6.9416566,21.064743,-6.183085,13.653635,-3.0919614,8.706374,-2.9218123,3.6755152,0.27340916,12.869029,14.640284,15.362202,4731.1675,1043.0411,793.198,484.90536,295.40695,162.63332,244.22804,128.9633,153.8327,119.892334,123.09096,94.89347,137.79826,94.492805,99.210075,109.019264,175.59973,181.25233,202.53592,225.87248,0.39451355,0.34494615,0.36977848,0.4207931,0.44180554,0.5107171,0.5306598,0.5856713,0.65788954,0.64078367,0.5345027,0.450282,0.05659583,0.051748063,0.068874046,0.08718061,0.0707914,0.07144111,0.06728213,0.07048694,0.10203772,0.09406834,0.067421064,0.0637332,26.50575160669774,16.333685616185413,20.834330566314836,19.3830036080558,19.361692684441437,18.596178676043273,42.38076211061634,22.347825832561703,34.79411689033909,31.678196660170112,21.881609533017066,16.218787836746746,11.334991114620763,19.487979340309916,0.10805943728231424,0.005754914859060182,117.45383522727273,hiphop.00020.wav,hiphop
-27.619719,94.3955,-20.580795,49.872,-14.710575,23.870302,-17.608202,24.036556,-15.884776,16.427292,-10.625279,13.890171,-10.467003,8.20633,-10.300277,5.019436,-5.749617,10.313242,3.6337445,9.231848,1445.054,650.6759,481.39813,294.22675,250.81303,150.08453,121.691444,68.11437,68.12691,63.925262,63.071304,48.149193,54.458942,57.404667,55.259205,64.54528,77.36677,76.52934,94.977325,102.32881,0.36060283,0.3626017,0.37544787,0.4397152,0.4245851,0.4984291,0.64378613,0.5433528,0.4756235,0.38369155,0.3302898,0.3247644,0.06959329,0.066479914,0.06854401,0.08785651,0.066512115,0.06933424,0.091719314,0.086014725,0.102569364,0.07777275,0.06411286,0.060585614,20.017542401280533,14.260999977762891,16.89825621063247,16.884189847420032,16.805881713335662,16.278120368728004,43.879466251031566,29.28358029847235,12.926522570929068,16.028433882558815,11.890332921669252,7.884340474866265,4.340601966431167,7.998018326766465,0.11973245815595976,0.004084037164350202,103.359375,hiphop.00021.wav,hiphop
-100.66328,110.21073,1.035769,38.765923,-14.493545,20.652628,-18.038023,12.568846,-14.126208,15.102986,-9.241577,11.399988,-9.509011,8.644918,-7.103832,2.9938877,-4.5059266,4.691581,-4.123483,-2.78631,5409.747,854.96844,431.24982,271.60522,161.33022,153.52562,191.28458,113.587524,107.241005,121.817,82.236694,57.15563,60.654835,62.05726,55.24626,53.305286,60.432663,52.280033,62.99474,61.425938,0.47479272,0.4735222,0.40596542,0.33572742,0.37352833,0.4846385,0.41438237,0.38226563,0.440767,0.442933,0.5501564,0.49718085,0.09329849,0.0771494,0.07517998,0.08174166,0.07534951,0.090138264,0.075033456,0.077923544,0.08403081,0.072647825,0.1055873,0.091308184,20.42564206875785,14.797310916378876,18.053937660585287,16.79828760829118,16.911757839336804,16.25856711455621,40.968473667249704,16.970064439499787,23.06012654548149,19.63263433008075,15.313578249502484,10.694445180159732,8.185899100426994,17.24686077949198,0.0753997708252709,0.002547259387349615,99.38401442307692,hiphop.00022.wav,hiphop
-44.67913,101.19932,-26.271496,52.930775,-11.720016,26.934399,-13.286411,20.705006,-17.487642,11.862388,-10.67016,8.376947,-15.428061,4.877155,-10.053337,4.56282,-1.9874165,7.9827633,1.214753,1.3717064,1257.5323,333.84787,198.15158,98.047676,141.76308,70.98535,87.41111,61.049706,50.590202,44.87379,47.251328,40.87696,37.08497,41.530552,40.743713,49.006603,38.880024,39.157467,40.763844,45.64926,0.32216367,0.27666345,0.38021109,0.33298373,0.344793,0.48659876,0.4282398,0.61867476,0.4221244,0.40466616,0.29087052,0.26471215,0.08053462,0.053890448,0.07287977,0.055886112,0.051223837,0.116460785,0.04405155,0.1166772,0.0707073,0.10103247,0.06378158,0.05182483,22.102862040818845,14.291249238365461,17.359324178841614,18.38900484993498,17.202614366011453,16.67100528746233,42.46361907093239,23.270220194702787,17.583376749196905,14.913669788122116,9.931844563580613,6.054349821478671,5.024841368721417,7.935986301586158,0.10668265044504643,0.0012991381778853608,95.703125,hiphop.00023.wav,hiphop
-62.994812,86.3237,-37.947296,39.573452,-16.5329,21.116253,-12.255193,13.094143,-12.382427,16.648333,-3.980502,8.853623,-6.3255115,5.704401,-6.3108354,2.304361,-0.86548823,6.517326,4.682213,4.39681,3933.2085,619.3702,808.1855,382.01138,326.6273,180.76111,213.67609,95.92745,108.74994,91.98689,90.44784,70.422035,72.928444,56.136204,79.9239,93.80967,100.33292,77.0551,96.66455,87.02385,0.31602108,0.3378265,0.38993093,0.39937046,0.42057437,0.50072414,0.55008423,0.5231013,0.5166363,0.4963056,0.38931096,0.33054096,0.059532456,0.06548331,0.07370461,0.08150841,0.08246049,0.080748454,0.08792456,0.090107486,0.092359945,0.09804238,0.072002225,0.06390075,15.112171736342686,14.28871887601475,16.959658324672645,16.89023456826325,17.983080790864413,17.83401001539197,37.950156556620655,18.49285271775446,20.062282433434298,21.122707865755654,16.84499125175641,11.526608546724868,9.706696785320878,100.23570618146765,0.13887293198529413,0.0031242829987833867,103.359375,hiphop.00024.wav,hiphop
-44.374714,93.37466,-22.270527,48.861946,-13.884773,34.419384,-6.2979827,25.889359,-12.322336,20.435734,-5.749465,11.854348,-11.549436,10.156776,-3.9590342,10.58692,0.8432876,9.21595,1.7228956,-0.23039737,2313.3254,604.18646,748.2212,260.89447,210.0563,131.29749,139.8171,94.05893,74.171745,61.391968,69.77813,55.37845,67.61061,52.07526,72.10892,77.74814,86.609055,87.93708,91.71995,102.838165,0.38050798,0.34483677,0.37690705,0.44901407,0.5295575,0.5729113,0.5807142,0.62391263,0.6708303,0.61666495,0.50461596,0.43783465,0.061252624,0.054170076,0.054285906,0.058112238,0.07293064,0.08653071,0.07351213,0.070705734,0.06948011,0.07731512,0.07142722,0.06698482,20.421023877673843,13.913965216019673,17.100655869721752,16.976112260661683,17.002499036682124,16.51748431759877,43.350004712548866,29.812064656474465,15.84276911349149,17.63547240644388,13.70194784374917,8.125324982286363,6.454049268112822,12.985755472287513,0.10742111914667182,0.004586760842191919,107.666015625,hiphop.00025.wav,hiphop
-103.22315,30.57212,20.809034,45.81602,9.800678,8.6273155,1.6164563,12.33468,0.51866466,4.9922223,-2.83595,8.032367,-1.3974609,3.3177283,1.208594,3.301628,-2.6962643,5.636079,-0.7149582,2.758796,4758.6187,1142.3441,872.6711,351.29398,280.72964,247.25528,316.24213,183.8617,158.90845,102.55394,87.375435,95.10859,84.32552,72.67116,63.148655,79.62989,112.8862,91.61306,122.94909,88.90773,0.4893982,0.45070678,0.48303917,0.478671,0.4762813,0.49911925,0.48638222,0.5174933,0.47523186,0.43033573,0.4374141,0.48210618,0.102565825,0.08727158,0.1040179,0.10096672,0.08580941,0.0898014,0.076198615,0.094190784,0.08970663,0.08453108,0.08226496,0.07939016,18.72458797561101,16.286154256785437,17.517448926820986,16.185464598081463,17.71136193650374,17.367539476157628,18.500197223867062,30.38263212096505,32.075002924371724,27.10435394486072,18.248747301187514,13.07258855822768,8.792516501975076,4.164671258030584,0.17347174015576625,0.011767681303183026,103.359375,hiphop.00026.wav,hiphop
-109.07124,76.91492,2.592334,19.059637,0.5502822,8.174562,-8.068408,5.952351,-4.3305674,3.6560757,-1.555668,2.6334877,2.2520401,2.8522263,-5.210044,5.358038,-6.1856155,2.2385309,-2.4708722,-5.9738307,4275.9683,1344.644,667.2877,308.3054,305.8757,145.85458,207.57343,118.517296,93.36086,101.44577,116.92233,97.12117,100.13167,69.22222,79.66126,81.70331,64.909775,64.684044,54.207,69.8278,0.53941464,0.5402975,0.5630792,0.40713364,0.3131303,0.29937065,0.32234198,0.32909024,0.3332916,0.40811902,0.49310035,0.58442354,0.10911587,0.09801501,0.10268453,0.082820535,0.06817552,0.06632225,0.07718731,0.07386398,0.06711092,0.080189176,0.09002337,0.10858173,22.082582529981114,14.09089560217138,17.9049532466834,16.657748275317704,17.865763808580603,16.96092789174579,16.95325474282925,28.383555958084113,18.4309790744875,32.27793258970061,14.162016505708799,9.808119925382169,7.113614730017667,4.150174336190345,0.1028002098248839,0.007420811386053505,92.28515625,hiphop.00027.wav,hiphop
-83.20265,67.71298,1.2305168,29.658491,12.577921,5.613066,6.211838,8.097906,-4.784866,7.664915,-1.1791575,4.242718,1.9306675,1.0202534,2.38057,3.1090045,-8.059311,1.6720583,-1.6563998,-3.2753482,2498.412,1095.3259,778.5164,378.5309,409.63766,282.05603,133.61372,92.1608,184.31589,103.315315,92.75007,55.45243,57.728348,52.490894,53.5285,61.918198,68.6105,63.110832,43.829967,48.183903,0.63198155,0.35730323,0.2639221,0.23212549,0.24076152,0.24422091,0.31239715,0.42449167,0.4250276,0.41427925,0.42585108,0.5231764,0.12604542,0.061437372,0.05697645,0.0514146,0.05272609,0.05541964,0.07504752,0.109712444,0.09155178,0.09078231,0.085457735,0.085833535,18.5214143817248,18.14572094578851,18.79659927388175,17.60057088100356,17.610147941390007,18.314478616017723,16.659112172492023,24.80575173839273,20.922692063235978,25.788122056486472,14.92861230739619,9.423737887611667,12.549138236289922,3.668273942151376,0.11459341137770898,0.004367911718177099,117.45383522727273,hiphop.00028.wav,hiphop
-72.5143,57.03795,5.94839,25.904427,6.6623893,11.494862,5.109201,10.105276,0.95039636,8.6856165,-1.6870507,5.997685,0.14304207,4.966505,-2.012679,6.097602,0.095551506,4.1566687,0.2513653,5.891547,2674.814,1070.1975,563.1088,243.36182,122.82694,133.2909,113.35751,115.59801,75.77046,78.879814,50.064537,54.246384,55.992683,42.555325,41.78227,49.71316,51.6556,53.10057,47.378418,50.92446,0.36485276,0.3830251,0.36148676,0.44854355,0.5145345,0.37905642,0.3966721,0.466712,0.5853396,0.5046638,0.4565715,0.4248075,0.07268158,0.09231265,0.0739505,0.084243216,0.117435195,0.06269978,0.075811304,0.0833834,0.12844273,0.10888099,0.08334237,0.08162714,20.523892335717967,15.656960376205744,17.15989579500348,16.37596100309402,15.967047031984032,16.18389164598789,17.542483982852755,28.78356104289042,28.8955339833615,26.219220342577902,15.158836847722807,8.141729339476019,7.357740604192525,4.114248557335645,0.11568637529024768,0.006086497643944846,123.046875,hiphop.00029.wav,hiphop
-23.794031,43.71694,30.55069,26.501972,4.336693,21.91375,2.5762873,6.990405,-1.4965211,4.5822825,0.41704255,2.464586,-4.074756,-2.0174925,-3.5647278,-0.12832616,-2.4766896,-1.0378424,-4.7686734,-2.6154184,1424.6699,291.67422,263.09888,134.47084,121.29845,76.99232,68.22598,36.547974,52.4252,35.51577,32.271214,23.954254,27.239841,30.373636,24.426731,19.908321,20.396845,16.561043,15.395828,16.61062,0.6903628,0.60305005,0.49251446,0.4927018,0.49563193,0.52822626,0.53742385,0.5292743,0.4735012,0.49643606,0.55227643,0.57933515,0.08222388,0.053085204,0.045475114,0.054446895,0.052669447,0.06083225,0.061235067,0.07697817,0.06326055,0.08245667,0.071622096,0.051031645,20.21892689530408,11.712084570721204,13.600503348170687,13.968836258146673,14.031865763957736,14.59654824640263,16.744162932067038,20.539673764796067,11.672406300185386,11.638418482288056,6.70664121472479,3.7948160216294475,2.5350119425877393,1.5389183610165345,0.1727574587606424,0.0023007734293557375,89.10290948275862,hiphop.00030.wav,hiphop
-25.108788,60.825592,-4.1871734,14.84839,6.795023,6.098334,15.451296,3.7847345,5.6598086,10.247507,0.86333084,4.1838894,0.9262049,3.2527385,0.21559039,2.6983185,0.7047307,0.89628994,0.3617592,-0.006407416,1381.5844,532.1105,367.40656,382.26895,124.48539,134.23607,127.995766,147.9855,92.65815,74.253746,72.35854,68.00178,63.532524,68.34941,55.676373,54.269707,63.101013,52.377106,47.205715,57.01792,0.43892416,0.41009587,0.4578365,0.40187454,0.49904168,0.47774112,0.3737168,0.46648684,0.5463936,0.68184763,0.5474818,0.45670775,0.07736003,0.06702771,0.0900076,0.06448631,0.08302983,0.0856342,0.048060413,0.07993778,0.070971034,0.08259995,0.079546936,0.08098581,20.032480433947363,15.195173389378272,18.107952213454276,16.81296299262171,16.796856811997117,17.739892574368795,16.012033791884168,29.324456411303306,23.866770201720087,21.445411302129823,11.149185371809201,7.5121557599034645,6.092937701152023,4.079665219339433,0.13644361938854488,0.006458001940550383,99.38401442307692,hiphop.00031.wav,hiphop
-148.12135,90.56765,-0.2753232,28.855238,19.306164,15.245029,4.2814665,15.519956,1.2726042,11.129076,8.849079,6.316172,1.6312523,1.4264013,-3.4119387,1.1954082,-0.72351336,0.7817317,-0.45094883,1.7203565,4682.0854,1364.645,613.23315,377.36578,255.15266,174.60625,97.59764,77.08799,86.46024,77.66257,87.659615,73.642334,40.871384,41.546177,33.624012,34.12568,38.630222,43.29166,42.98598,66.533325,0.52522373,0.54530656,0.48688832,0.49849725,0.508747,0.44167826,0.47426355,0.42628965,0.47757876,0.42958122,0.41411018,0.47579932,0.103683814,0.08480913,0.08833292,0.093856424,0.093127444,0.07667733,0.095375255,0.07193289,0.079853356,0.08744921,0.0791708,0.08574502,18.269666901827318,14.68519685449513,16.749123073994262,16.785637143973073,16.558084574248838,15.454104490942505,16.4817791990309,24.819201406335992,20.44564023193804,23.056002892174224,19.621648648899953,14.00609835826276,7.363182374173967,3.207471428037116,0.07872191436531008,0.004384389986005313,99.38401442307692,hiphop.00032.wav,hiphop
-31.93763,59.89348,-2.7075214,33.514893,13.086964,9.461902,-1.6719098,14.184528,3.138348,6.803654,1.1695601,3.8993716,1.6967896,1.254311,-1.4599715,-0.16600093,-1.5947375,1.8287374,1.5520315,-2.302336,2385.5947,1159.7418,601.95557,523.23224,270.26166,157.59976,190.33708,82.995285,95.098404,74.75672,77.43733,60.598362,48.02775,40.74756,55.93318,45.687893,41.530434,37.98167,38.004547,31.640854,0.4704032,0.50187105,0.5407397,0.5889769,0.5379672,0.58329356,0.4958648,0.4056788,0.44485965,0.44247437,0.51582724,0.4759612,0.07736179,0.056855783,0.07147953,0.09936665,0.078508645,0.086560585,0.07069481,0.06451278,0.07165072,0.063093215,0.075199485,0.091575325,19.379111282047802,14.726205799696752,17.143235367621546,16.34066565664119,17.68018559086038,17.658130029089357,18.074469668067632,31.374634567253672,18.587557866234956,22.501462072074055,10.046434030027644,7.451475236985858,7.201058152002581,7.000224148583981,0.15224662284732973,0.0077409175672182315,99.38401442307692,hiphop.00033.wav,hiphop
5.841989,53.237312,-8.979136,26.946,0.44115087,15.555138,1.657118,7.6658325,4.9847784,8.606436,3.4144683,8.525943,1.1329906,4.909482,0.8620597,3.4024034,-2.8807528,2.7900434,-1.7171189,-0.2781785,991.15704,299.52185,236.05133,146.6068,163.19025,74.76438,104.077934,62.811737,68.73474,66.38558,41.422344,47.339035,37.747673,34.791748,37.42207,39.00362,41.43643,43.48852,50.413437,55.861412,0.44533947,0.4711779,0.48211437,0.5124896,0.5016035,0.48633838,0.45524305,0.436728,0.45974717,0.43070716,0.49949944,0.45778763,0.077978745,0.08156061,0.07403289,0.07855246,0.08260149,0.08353625,0.08329859,0.08030804,0.09236089,0.073652364,0.089045845,0.07490267,17.709256286274556,12.445456365325867,15.91509239427624,15.732076915427776,16.63861314079523,16.322719211108225,16.579595255186657,21.560662069748687,11.69790078861618,17.962957605345462,11.073920509248705,7.348635212231021,5.402002124300395,2.1416670653290315,0.16916602167182662,0.0032354991917211205,99.38401442307692,hiphop.00034.wav,hiphop
-100.91944,64.29094,12.551603,26.481693,12.40743,12.135959,2.4698937,18.496998,1.5057791,12.0577135,-1.4862084,6.7316265,3.8606365,3.0960424,1.7575846,4.5550957,-2.365775,5.4360013,2.7719076,3.7227254,3091.0176,1033.9928,742.28815,237.62602,328.3536,128.48543,143.54791,96.95534,88.125145,98.97967,75.09904,67.105515,65.253044,58.90227,54.401577,42.77553,42.947872,50.459824,44.180172,42.77165,0.5845925,0.48605743,0.39670834,0.33250338,0.34283987,0.38702348,0.48193133,0.5350824,0.6569204,0.7561742,0.71635747,0.6697871,0.07369982,0.060772143,0.053479172,0.053493652,0.05889237,0.07324922,0.07087006,0.05650847,0.057629805,0.07775843,0.07626117,0.0708355,20.213352549215838,14.994524963021284,17.10726729989832,15.65843853459951,16.295307349399938,16.435949991808975,17.720221040897396,30.252425785916913,19.439661456176033,18.38775429374551,11.349987423352744,6.8856642703620485,3.8843202317310075,4.632160662091469,0.10329945094814241,0.008956865770087873,112.34714673913044,hiphop.00035.wav,hiphop
-220.95444,41.13651,-13.99925,33.61879,12.18335,13.665729,5.954324,7.631933,5.2903748,10.4727125,4.765573,6.5006533,6.4908986,5.4590783,2.5724356,-1.635883,-1.5488939,3.0862727,4.928209,3.715603,26187.09,1806.8604,874.483,461.36624,245.21776,130.68906,107.055664,96.928375,79.21065,99.38136,85.86871,84.099365,91.61132,82.019775,62.32016,55.035435,52.73514,58.260822,73.31182,113.103714,0.42657843,0.40974402,0.5129199,0.61251146,0.45902836,0.4290978,0.44083408,0.52619404,0.6416675,0.661984,0.62784576,0.47703528,0.0656942,0.06262503,0.0889932,0.09958371,0.06841687,0.06529869,0.05295249,0.056870144,0.089759566,0.08101347,0.061983604,0.06510521,22.477747449295524,13.450923810887328,18.096676444754838,16.59231803812706,17.176422477631256,17.90045489769279,17.22444368816443,39.876046192723514,26.25853348071082,31.808808777906094,17.335834139449297,13.118569758726258,10.807875701690115,11.117323145137865,0.12089987362132353,0.010228691696903566,117.45383522727273,hiphop.00036.wav,hiphop
-96.6639,30.600752,2.5303543,12.69253,-10.973727,-2.1038084,-3.6324103,-7.5899434,-5.3217125,-0.68403137,-4.1489954,-3.1092334,-4.8592544,-3.0990717,-4.161172,-2.563374,-3.4825432,-0.3457977,-2.8692477,2.3299165,6799.0586,1920.2268,1340.8284,498.2692,443.5047,429.51556,262.58728,159.63493,149.3612,101.14122,95.256516,83.66544,85.67189,76.95066,90.38289,83.245865,96.58616,85.946106,166.36726,151.82127,0.4066895,0.43160093,0.45290017,0.3694068,0.3695015,0.4096648,0.3917788,0.483915,0.4099034,0.35442984,0.41972828,0.40862244,0.09272965,0.10822861,0.11357466,0.084531665,0.08224519,0.09776146,0.08274519,0.1154709,0.097532004,0.08787196,0.107867464,0.09081539,17.852951785546598,15.72842013222713,19.09297073557262,17.99777004478541,18.359747048354286,17.677012645952296,16.02947948656263,34.42562111030467,31.390191636622134,30.07266135548086,16.816875248544005,13.277864807233613,14.018792552933316,4.643211811256964,0.21284149453366874,0.01472784212859139,143.5546875,hiphop.00037.wav,hiphop
-62.8069,72.1019,-16.114136,27.418505,5.5609536,1.8214277,3.9023924,8.463778,-2.007449,5.825009,0.15586385,-0.30150035,-0.6675375,-1.4832999,-0.06580488,3.2086802,0.6697353,1.1243902,-0.9367661,-3.0775096,20272.434,1060.4601,746.9645,587.194,269.4638,278.17438,134.44246,158.27057,137.30139,93.73919,104.2346,85.009766,74.43195,70.62752,53.96742,51.87257,50.7556,46.688293,47.517162,60.290714,0.29257774,0.27934727,0.38540187,0.3062435,0.33356854,0.43795493,0.47193715,0.4804517,0.43394002,0.5283179,0.47770497,0.35359994,0.07470449,0.059901558,0.08568712,0.059191536,0.07462346,0.11253821,0.09312523,0.107417054,0.09330422,0.115157455,0.10283481,0.083254,18.176952841297343,15.01895044412146,18.267267076860097,18.73289927413788,17.621974868488262,17.97693889805182,16.000795340995907,19.420705847786902,21.23014239373555,26.816015688367184,20.078201915146593,11.517256375045147,12.170934643973247,4.125435071656713,0.09668724603328173,0.0026248080240319164,92.28515625,hiphop.00038.wav,hiphop
-121.61006,76.91941,29.013481,9.935919,3.1737647,5.1753216,4.968313,-1.0265123,1.1707609,2.1393535,3.1176481,1.1366776,-0.7820609,-4.9822216,-0.12525718,-4.505376,-2.1900976,-1.3730917,-3.1559749,-7.364276,8860.016,1487.2216,1189.5806,501.37762,313.17545,357.1024,274.08414,227.06042,193.1173,164.99586,119.349915,122.13151,70.057236,74.692444,71.468445,65.67421,71.04211,74.46298,102.97987,98.29928,0.43632796,0.40017343,0.40943158,0.41104394,0.38353246,0.37307268,0.35404035,0.40637782,0.33794573,0.39191812,0.40940574,0.36737844,0.115016855,0.09023225,0.104887605,0.10071663,0.10713608,0.121714704,0.09959291,0.11746471,0.080350555,0.10111258,0.09536428,0.08168438,22.35739417225955,16.919095739375027,20.05721106523315,18.952766004493952,18.182957821164177,17.658523735279807,15.780466754626698,34.72782099793124,30.345413557220535,35.759704826176744,29.341754453562473,19.61531029626035,8.513544415470303,3.359130833719147,0.1125715037248452,0.011175358667023466,95.703125,hiphop.00039.wav,hiphop
-185.25148,96.74281,44.600403,13.892823,6.01466,-2.9065557,3.261851,-9.664786,-3.648592,5.2512074,-0.954969,7.687712,6.0880246,-0.112322025,0.5732217,0.50927204,-5.8695807,-5.4587727,-3.0603395,-4.7819695,9969.373,2126.0198,740.07513,308.5688,247.29659,238.5479,205.33173,142.30519,140.93411,143.73369,125.71619,130.18625,103.18291,112.09172,78.358574,89.99155,91.16117,89.799576,87.06966,125.16578,0.24407701,0.4159742,0.33375123,0.52781504,0.32463974,0.33601695,0.41474792,0.30629212,0.28799212,0.26435694,0.3538686,0.36148724,0.041698553,0.12825066,0.061840206,0.13810487,0.0680029,0.08330077,0.10821327,0.08507852,0.100183874,0.07673471,0.07405559,0.10017121,25.03691195257731,16.047853408433067,22.38927317641488,20.467635423097498,20.29776724481412,20.14185550121207,16.53439914488816,29.38337147974482,18.500392853072928,28.212122973154276,20.285673242610894,17.704269270914278,22.394359928707875,10.881771995171329,0.10152508526025542,0.013376194887132965,161.4990234375,hiphop.00040.wav,hiphop
-76.582634,68.337524,-0.9878045,30.346247,3.6340482,5.201216,3.2781923,2.9408545,5.555166,4.673672,4.329291,3.4459429,2.8557055,1.4406077,-2.3228574,-2.6037676,-5.0569625,-3.9807496,-5.564883,-0.0007119666,4486.923,1128.179,452.0305,466.20773,414.4436,172.81062,153.14476,164.67824,128.2075,78.74479,74.22562,80.1641,75.03367,61.300117,75.94236,62.673073,59.100994,71.59784,92.49859,80.3356,0.40686893,0.47071582,0.42924893,0.3630131,0.40053576,0.4027461,0.4424349,0.5180116,0.5340588,0.4394336,0.33734623,0.3553955,0.084452085,0.10798932,0.09682409,0.07916767,0.081155874,0.080195144,0.085079364,0.11214739,0.10434143,0.086916514,0.06482062,0.07443004,22.967044450022495,15.4448021542693,18.141239984983972,17.343331983867095,17.40762993046233,17.626222248820234,15.872325337577513,40.06262335501798,17.90581998352731,25.01183141086173,15.091234272820099,8.930933263418817,5.7726612512022495,2.743003839594486,0.12015460223974458,0.004531102175699056,92.28515625,hiphop.00041.wav,hiphop
-74.35974,48.817753,4.047643,35.84637,12.4972315,13.47496,9.024468,12.56751,2.486558,12.132177,9.134346,3.9287133,4.571033,1.3762095,3.193234,4.332538,-4.2572207,2.8328748,2.6930997,2.7469275,4348.4526,1143.1416,752.0491,330.03613,262.15155,162.11266,165.29199,134.25195,120.12922,101.617165,95.40395,81.03148,122.78056,93.48617,96.40319,102.73319,65.88285,97.10752,127.052124,112.621254,0.42681497,0.49509418,0.65863746,0.7593485,0.59080493,0.45080477,0.36822775,0.371912,0.34221637,0.30227107,0.28750062,0.33237162,0.054792516,0.051819786,0.07640443,0.08793161,0.05544481,0.063696556,0.07327078,0.1052832,0.0961607,0.070403874,0.05264723,0.047664754,25.135341358200996,15.16475143317467,19.56895320913965,18.562665936208965,18.112324390768176,18.961241505468827,17.388574706042277,23.816409106795348,22.521228219996328,21.995199415219325,15.626212140045634,10.248414971234775,17.164436617150177,6.4509667840257725,0.10257420967976007,0.005718870116041828,92.28515625,hiphop.00042.wav,hiphop
-155.63774,113.65833,-4.024229,18.278229,13.483908,8.251857,8.810651,11.110943,8.910264,10.224346,6.1002116,9.738549,9.320227,2.2594478,2.8474398,7.5475535,-2.662322,0.91734827,0.4431045,0.7698159,4999.2866,1626.3479,574.87744,327.7411,163.4163,146.13123,128.17604,112.34336,120.31525,74.15985,64.627106,76.39581,41.19583,46.77688,47.06837,57.151775,55.834793,45.155853,39.23275,44.15195,0.423795,0.43223897,0.3202175,0.40334293,0.64149123,0.3544795,0.3100853,0.40819898,0.5463397,0.65830535,0.45176074,0.39236745,0.074375466,0.095542714,0.05590328,0.060983464,0.104487486,0.054158885,0.062184814,0.07516145,0.10507434,0.10029233,0.077301465,0.06435008,21.53931063298389,15.889057465449119,19.946123610304177,18.104604916101287,18.545461632505567,18.355423809004986,15.920231153177955,22.234123139036218,23.57466577500993,20.56336966835033,11.096906607827838,10.204794214900792,12.784932515233763,3.9937180482642045,0.06156538735971362,0.0015745224715796584,89.10290948275862,hiphop.00043.wav,hiphop
-267.52255,77.79211,-18.189766,18.88814,1.9943968,-7.588774,4.7138777,-7.698333,-10.356959,10.975267,-2.8659422,-5.757438,2.347153,-7.099608,0.4050519,-1.8043368,-8.364889,-3.0725448,-4.399869,-1.651445,7846.1626,2020.7546,1601.8547,360.2677,253.52,345.86765,210.76578,145.13977,125.76722,175.7843,114.90775,146.32501,102.60265,79.56736,84.85216,92.664474,94.4868,92.59665,76.80025,112.38688,0.30715135,0.27871415,0.34691584,0.30558726,0.36296314,0.33087242,0.43310282,0.41951352,0.36703143,0.42929584,0.3317053,0.35364288,0.07700984,0.06316173,0.11611845,0.07531919,0.09006501,0.07546755,0.09073919,0.10698727,0.08315932,0.11314678,0.06507576,0.09060799,19.408469059667365,17.103969829085965,20.34835102649591,19.83612475630292,20.247977732857134,22.20400385496463,16.267871194639,21.501053353220094,22.700560350966118,22.1598437653056,17.410002677867883,16.115233637711416,36.06394052837383,5.3552341480808225,0.14338613220781735,0.008566497656628752,117.45383522727273,hiphop.00044.wav,hiphop
-121.61006,76.91941,29.013481,9.935919,3.1737647,5.1753216,4.968313,-1.0265123,1.1707609,2.1393535,3.1176481,1.1366776,-0.7820609,-4.9822216,-0.12525718,-4.505376,-2.1900976,-1.3730917,-3.1559749,-7.364276,8860.016,1487.2216,1189.5806,501.37762,313.17545,357.1024,274.08414,227.06042,193.1173,164.99586,119.349915,122.13151,70.057236,74.692444,71.468445,65.67421,71.04211,74.46298,102.97987,98.29928,0.43632796,0.40017343,0.40943158,0.41104394,0.38353246,0.37307268,0.35404035,0.40637782,0.33794573,0.39191812,0.40940574,0.36737844,0.115016855,0.09023225,0.104887605,0.10071663,0.10713608,0.121714704,0.09959291,0.11746471,0.080350555,0.10111258,0.09536428,0.08168438,22.35739417225955,16.919095739375027,20.05721106523315,18.952766004493952,18.182957821164177,17.658523735279807,15.780466754626698,34.72782099793124,30.345413557220535,35.759704826176744,29.341754453562473,19.61531029626035,8.513544415470303,3.359130833719147,0.1125715037248452,0.011175358667023466,95.703125,hiphop.00045.wav,hiphop
-75.66786,91.0224,9.864941,25.09408,11.801716,10.166983,0.124580905,8.227129,1.6348943,0.4970398,1.8070879,5.4929857,1.2929039,1.1345568,-1.1895083,0.3755406,-1.2076175,-2.0606055,-1.2071043,-2.6347067,4636.813,1079.6365,691.2014,256.9982,220.41013,109.76852,112.28592,101.19483,96.68186,91.424385,62.442596,74.578896,60.5893,42.739017,68.58394,40.05547,61.36265,32.45595,28.591715,38.99679,0.53666997,0.50146043,0.48201337,0.5023898,0.5397165,0.5187548,0.4263271,0.40768495,0.45022485,0.5171729,0.52955896,0.49414492,0.08741494,0.08226465,0.08303558,0.08047223,0.07854541,0.082121566,0.071106926,0.0747307,0.074513085,0.08952009,0.09500696,0.07708737,24.015579621157006,14.502299359000933,17.146345394969018,16.45080057382494,17.359043724061443,16.10329703090886,15.997850512911889,36.85096322775333,17.609797482827407,20.495972886242804,12.75916276198892,11.524945966196798,6.002059793200011,3.342110613067457,0.09149226610874613,0.00403878954279137,95.703125,hiphop.00046.wav,hiphop
-76.64228,52.776497,34.640076,26.187645,16.660328,11.346408,5.853892,6.9042377,3.6644757,-0.960427,3.875897,4.487945,0.6365995,5.4337535,4.194069,0.8124227,1.6306313,0.6943534,-2.806063,-3.4109476,3623.5054,745.67487,525.74084,297.76883,254.96713,183.47118,130.33836,143.39944,113.01236,102.57118,91.11834,76.71096,73.48456,66.51681,54.69911,51.43133,46.411694,37.74205,32.455784,42.069775,0.37881047,0.37046024,0.3883917,0.4102239,0.48056445,0.5237683,0.53997445,0.56931216,0.5306038,0.44355354,0.3777455,0.37946668,0.083079614,0.077284135,0.078289546,0.06620719,0.080227636,0.096758656,0.09461572,0.105817825,0.10994335,0.10857236,0.08610437,0.09023821,27.032773358195854,15.581656314231921,19.246944611120295,16.105694632648873,15.721968704768297,15.597698362588272,14.372510103297417,49.16654808757665,22.518755991674578,24.42764652315743,13.392357892608405,8.797498717778144,4.656467228686727,1.6127968432033684,0.10935685952012383,0.009231510217108274,95.703125,hiphop.00047.wav,hiphop
-87.680786,79.37558,25.071247,45.16531,11.199144,18.170176,3.5208578,6.9955754,1.2674153,2.3607879,-1.7764663,-0.012601835,-2.7059743,-0.4882839,-5.2594147,-3.8652692,-2.5075831,-4.6821017,-4.984883,-4.4234257,8905.876,979.9464,376.0884,278.43338,141.28592,77.794525,68.30634,42.644814,58.182735,56.411873,41.995792,26.867039,30.097486,24.398643,27.582676,23.007605,26.846561,19.165777,18.268326,23.310863,0.32146665,0.28559017,0.27935314,0.36181754,0.5339646,0.49250445,0.4529631,0.46117267,0.46688247,0.5874323,0.4425744,0.3104564,0.0605179,0.047017124,0.046693124,0.06230195,0.12409057,0.08517384,0.10591435,0.10735969,0.06992688,0.12281204,0.068461426,0.052912857,24.13436017171011,15.52964439076776,15.223598016580542,14.542965020553593,15.375930738568515,15.620752106755717,16.44429122318936,34.21457729569844,21.73107676819156,18.105417212047623,8.892296472324748,6.8587345616922,3.844627295947914,3.860630103673142,0.07745040090460527,0.0023871510541068047,95.703125,hiphop.00048.wav,hiphop
-44.555233,41.6235,29.91263,51.863693,12.875628,13.724889,7.962605,9.290233,8.388368,1.8994228,1.1413116,4.564992,5.5246224,1.3144537,2.3494503,-0.7992,-4.252003,-3.5728974,-3.835539,-4.442142,2652.113,566.3191,569.33813,298.76434,296.71555,113.97228,190.65976,86.55142,117.782486,68.94145,79.81071,65.73838,53.36088,37.257603,33.529697,34.254753,40.804253,33.23765,44.384758,46.983578,0.5014447,0.5058046,0.48425695,0.4404012,0.40572762,0.39783296,0.38206965,0.418212,0.51981145,0.6286154,0.57795227,0.54663306,0.082139395,0.08267225,0.08310584,0.08238791,0.07681078,0.090826444,0.060060956,0.06927461,0.07126228,0.101639524,0.07962641,0.07607283,28.739008221282134,15.363433880203743,17.89346168468004,17.287300706522267,17.139050828437107,15.728699584521776,15.347402293581341,26.40872065384828,18.979014391737778,22.828273762074975,16.282993911450685,8.136721042144787,4.2915604251911885,1.8705638568537744,0.10872005309113777,0.0034167350395748522,135.99917763157896,hiphop.00049.wav,hiphop
-114.06302,110.11895,17.930183,37.930096,27.968828,1.4038033,15.55362,1.4255452,7.3542895,-3.3255098,8.241861,-0.18475701,0.68286717,3.3338144,-2.4720285,0.7509779,-4.8478117,-2.3932738,-3.29144,-4.609848,4388.899,1222.7941,789.5182,310.89957,319.66083,199.33908,166.7774,113.63973,91.44918,105.06161,83.82029,64.774475,78.231384,56.297897,47.5154,40.912766,38.670296,44.086563,45.757698,45.510536,0.4206412,0.40918192,0.39060652,0.4749153,0.4584747,0.46097514,0.43126035,0.41028976,0.38836798,0.39151442,0.45558822,0.43265006,0.10272699,0.096801415,0.081866734,0.10437092,0.09598413,0.109846406,0.09052708,0.08962506,0.07292321,0.07922777,0.11355189,0.10381077,26.91770861797475,16.421294461994034,18.735414849248226,17.248466371522372,16.940401082832768,17.13440655663893,15.484738507413157,35.42135914418024,21.33326839240036,24.35852663527044,14.25750641882213,12.966614482513684,9.959441558328413,3.23930287033828,0.04244418779024768,0.0009616205321142668,99.38401442307692,hiphop.00050.wav,hiphop
-78.71352,73.09978,21.83404,49.21601,3.1142888,18.307453,1.8565904,8.398898,1.4257843,4.219165,-1.3232716,1.2506557,-3.0139782,1.7983278,-1.8407835,-0.9926698,-1.9069359,-2.634608,-4.791962,-4.8620996,4965.486,1526.0339,977.75085,346.30945,261.803,106.53258,107.65208,70.79905,69.95815,80.272224,50.81707,56.292976,51.985844,40.678455,39.679348,42.824356,56.16808,53.51635,40.41688,43.68294,0.39947903,0.37700796,0.4189202,0.47367,0.4661672,0.33079824,0.288523,0.31903926,0.32045645,0.45852718,0.44665664,0.42395937,0.09698242,0.086208604,0.086641125,0.11926474,0.11224084,0.073031425,0.059362732,0.06712539,0.062593795,0.13133755,0.08864107,0.09225947,26.18478805771406,15.486078649991324,18.122023298716503,17.91622845801062,17.827744494528517,16.896669093942766,17.35844126534563,28.47743991896988,19.36711787079602,25.80413784807764,19.128973950517675,12.6872722981377,7.838962895105998,6.100608903997288,0.09951791674729102,0.007515539080702968,107.666015625,hiphop.00051.wav,hiphop
-146.51694,81.558525,31.962297,22.430374,5.098355,13.628087,6.495129,8.408916,4.438316,5.0106626,1.8354234,2.8645813,4.5268016,3.8527682,1.3351526,1.2303361,0.57735336,-0.170941,-0.659073,-0.08891944,4865.366,1185.5457,490.30267,212.65009,177.09798,114.87151,105.110695,98.15524,82.88268,67.56977,51.92328,38.370384,46.85998,51.97504,46.755238,48.81327,45.273457,29.556229,32.05665,42.177475,0.52831495,0.42520127,0.4432868,0.43859646,0.35621,0.37858388,0.36617047,0.3749043,0.4208708,0.50967044,0.6311762,0.6637933,0.08006668,0.070372365,0.0896627,0.11054839,0.07023106,0.08199608,0.05911275,0.060742345,0.07181529,0.09851107,0.08924176,0.07814271,27.784111315051774,14.423753777147299,16.660402034676306,16.82442075171694,16.728805983451554,16.176596172322018,15.394039816433324,31.84402061396828,20.012955620794603,22.87087541461697,19.062428173251913,10.015285148922173,6.067546744642687,2.100131124283298,0.08231280536474458,0.004234154787980123,103.359375,hiphop.00052.wav,hiphop
-144.97781,66.671524,44.280052,22.528505,6.5213594,8.85033,11.895541,5.837181,3.0436742,6.451863,3.56229,2.5228522,3.8309376,3.7200966,6.821516,5.0689015,0.47715914,1.0826527,1.9560732,-0.075646035,6566.4204,1117.9205,642.00964,456.34045,226.53308,126.24961,136.06166,89.51858,78.540535,96.456505,77.94561,62.902,56.774586,49.58073,60.027645,81.37039,52.771927,37.17863,54.835308,37.805172,0.55226004,0.47318885,0.4486385,0.4703817,0.44484353,0.4607771,0.4017023,0.5005137,0.6074036,0.5618932,0.5947041,0.5663589,0.08945364,0.07402607,0.0779304,0.09147947,0.08051168,0.091739655,0.061132744,0.06967667,0.07751723,0.069266275,0.09259152,0.08382709,26.822563018864354,12.96611893737084,17.400834154649854,17.978973300253983,17.486587940107107,16.542805003785432,15.089110227010284,23.457760000711037,21.48166364233836,26.71815687717793,26.730455422063233,18.856370529350304,12.267046753133338,4.462942752822521,0.10707796173568111,0.004928648851184939,107.666015625,hiphop.00053.wav,hiphop
-104.715996,64.0346,28.791668,10.54608,15.168903,13.066784,8.023293,5.2342043,6.73682,5.12485,4.4460244,4.4643173,3.354734,2.422061,0.18586996,-1.5202584,-2.5679927,-1.1960529,-2.1893506,-1.8801897,3076.9016,657.4766,614.1457,250.28976,202.44193,90.41006,117.199486,113.23624,88.41422,65.05744,66.75757,55.17274,68.70693,42.647827,44.765034,37.918682,35.954533,27.879227,28.286873,33.325943,0.56526846,0.5088657,0.4181211,0.37020043,0.36655888,0.37628955,0.41411385,0.44099918,0.44182462,0.44273585,0.49032432,0.52841806,0.09334395,0.096475534,0.09399073,0.080994934,0.0795093,0.07951077,0.08730827,0.083481304,0.08834601,0.093249284,0.09337797,0.08564206,27.590338226377227,15.114774337330878,17.27112062306391,16.276184321662694,16.303078329923867,15.385796831558162,14.536835112304916,28.075145099586898,17.626271646187284,26.783464855909852,19.751558071493914,9.596069458143049,3.2442584599636404,1.4003953231725812,0.12631934198432662,0.005985419867350185,112.34714673913044,hiphop.00054.wav,hiphop
-161.4768,104.041115,-10.936409,43.69308,13.973775,14.462216,7.5062613,9.4815645,6.4391665,6.9952273,1.3608632,4.438623,-2.926756,-3.2144325,0.04458493,4.159957,-6.4395256,-4.9638324,-4.214212,-2.2782378,2853.2556,753.48175,394.39127,222.26534,190.71716,123.37275,156.05737,57.33691,55.00832,62.899265,55.422234,72.22932,36.21698,40.253742,35.041267,51.151268,60.759216,41.067024,44.090622,33.350323,0.27883682,0.37668046,0.4515438,0.5852821,0.56272763,0.4496312,0.40959048,0.33101168,0.27987576,0.28151265,0.36243284,0.31877974,0.043463286,0.09090145,0.07083832,0.12811549,0.122176886,0.10817044,0.098060906,0.07156912,0.065941036,0.0748138,0.1073194,0.06532847,23.9424845448773,17.951943577443664,19.670941221702716,20.680383798760296,20.02155796016969,19.546316223322048,17.050064471143035,40.189523786244465,26.505551345611938,22.783826604142405,25.25897077461477,16.798380473760474,12.995208471850221,3.9732663781428346,0.07250031745839783,0.0030062908204077695,107.666015625,hiphop.00055.wav,hiphop
-101.081245,72.40871,-2.374791,46.051167,5.5450935,24.215149,3.540355,14.531002,5.654686,13.53511,4.972193,9.905891,2.9368954,-2.9988053,-1.2425075,2.3058746,-2.819226,1.7559552,0.85589564,-4.3526983,2876.545,441.75565,494.6191,220.9657,152.64822,84.64649,84.01124,68.572136,84.19483,95.26416,53.8222,54.03777,50.73336,68.63505,44.26811,34.591206,28.791868,43.34245,35.401447,48.997654,0.47904897,0.39339167,0.3623459,0.40715745,0.4929555,0.5716715,0.55199087,0.52216065,0.49316567,0.52117956,0.5465451,0.5585528,0.0900567,0.05105826,0.038651317,0.058644332,0.08341209,0.1141463,0.088524915,0.07033262,0.063602805,0.108203106,0.106957145,0.11530639,26.839904673252416,14.839599196524265,16.164717252927097,17.047011793640607,16.265826299056265,16.50318079756249,17.995444170364618,21.756379209420977,15.787966711692654,16.033180049826047,15.90706989351779,7.515930074970441,7.261094939638471,1.9345644954103445,0.07013033934791021,0.0011047645587047442,99.38401442307692,hiphop.00056.wav,hiphop
-113.628265,87.07087,-0.6380834,52.25518,19.377625,19.676193,15.387045,13.71075,6.951093,9.07707,7.965796,4.412705,-0.1547313,-0.43290395,0.221542,-0.8372173,-2.17967,-1.9916912,-4.4428053,-4.3010197,3849.9106,514.8518,505.8339,175.44797,137.13556,93.1898,84.636734,69.01847,38.51986,52.461494,42.192245,57.713055,64.47465,58.29765,26.965563,37.534203,56.168938,44.592636,35.9802,53.133827,0.20128834,0.20914213,0.29343534,0.3940056,0.41816565,0.3512103,0.44629374,0.62972414,0.657686,0.602459,0.36765853,0.23699448,0.04685533,0.0440767,0.079449676,0.11923017,0.10491699,0.0444728,0.051248036,0.10755509,0.08893315,0.107295,0.047519162,0.04088219,26.45182734320336,14.31441392464746,15.450741271931125,16.36018315283798,16.50509798079103,17.008532249816344,15.66234944050534,28.71292319794296,13.522919864437446,21.438168770253046,15.191328236085678,9.816322730460142,6.062848940422872,2.18833342831763,0.05145433738873839,0.001485184235806551,143.5546875,hiphop.00057.wav,hiphop
-109.83064,63.104633,-13.840905,43.019493,6.142044,23.18746,8.019648,10.65603,0.98032266,5.321308,-1.832165,-1.4251206,-1.8639747,-3.1834996,-4.740081,-3.8052502,-5.5368443,-3.185932,-3.2629235,-3.928107,4701.8945,867.6419,619.206,324.42914,220.44902,141.62372,168.15509,123.81924,91.031685,91.93767,78.688156,68.88477,53.505043,46.61514,40.92652,41.571682,28.464716,26.007534,28.618784,34.53735,0.50541556,0.5013133,0.47637865,0.44594714,0.47719166,0.43457434,0.44941372,0.506896,0.54253703,0.6284097,0.58256716,0.52303183,0.08515651,0.08953979,0.078378975,0.06475854,0.082690254,0.07449562,0.06886794,0.08336851,0.07391694,0.08981914,0.07404284,0.07223233,23.22630396998221,13.576049086542966,15.24959814121339,16.05514818305154,15.743033626511306,16.276927636160202,17.031656775773392,39.77369276870707,12.721194511657313,15.620940604854406,17.868602177930896,9.092239687033496,7.822216911624087,2.146054362496897,0.13613863257062694,0.009372898169796466,172.265625,hiphop.00058.wav,hiphop
-133.22668,93.950745,-2.2413456,50.195454,12.518454,15.036698,11.511907,10.2486,7.9517236,10.803761,1.9746124,5.198634,1.0662619,2.1747072,-1.5162953,-0.44872028,-2.4607766,-3.8682592,-1.7064383,-2.774622,3344.024,886.7022,674.89636,286.12332,206.61546,117.52321,150.27312,78.94751,63.10189,107.74225,51.578197,39.248325,39.789387,36.792503,42.826286,36.770935,36.477394,38.237373,34.663864,36.556026,0.52693224,0.45214754,0.4461343,0.47264355,0.5487645,0.6857482,0.54593015,0.44870302,0.45328316,0.50337976,0.4550701,0.4560956,0.0997484,0.06478673,0.06822828,0.07105398,0.064400904,0.10651883,0.057450544,0.058213826,0.06328495,0.09357295,0.057637464,0.07900245,25.29873596615328,14.504012774146144,15.943007896471082,16.509519004331498,16.488713815247365,18.120945020886413,16.032231900299273,23.308504850606994,14.143561937347734,17.774515589311406,15.84208520444411,9.461597517030333,11.972499952785572,3.2428815293918642,0.06300302038989938,0.0019492213243957309,92.28515625,hiphop.00059.wav,hiphop
-153.50096,92.7777,-15.882087,57.952423,8.575668,18.462399,13.276261,11.162719,7.613732,12.974225,5.661205,7.017445,2.8843374,1.6163462,0.012030823,3.0243316,-0.23418826,-1.38703,-2.3182175,-1.3271761,5124.802,495.64966,689.3533,353.61804,266.27866,123.246216,125.59703,88.06428,70.14732,99.90457,66.12951,55.42662,59.200188,57.53056,51.221447,42.314167,40.20701,39.22924,36.29141,42.551506,0.46897647,0.42231855,0.43722752,0.40033904,0.3094515,0.27311298,0.32593277,0.42982265,0.5775479,0.58332723,0.52254826,0.5256127,0.10002265,0.11222656,0.1444978,0.11959052,0.06625366,0.052844852,0.050180785,0.09251025,0.13055775,0.10828224,0.06742142,0.0814204,26.82175060798308,14.291475852776525,15.579582262213206,16.586753028219842,17.11586651421912,19.066830526237315,17.12835255652395,27.54019859320414,13.354192644614702,18.02005886143234,17.78544634024734,18.127228911143835,13.287416662587304,2.9335899902897347,0.05390783729198916,0.0021890326008240776,184.5703125,hiphop.00060.wav,hiphop
-127.29857,95.78884,-12.756139,37.96444,20.579317,23.185549,8.276987,9.615845,8.68504,5.52123,6.6797304,4.0264277,1.7274878,0.7245981,-0.42298803,2.2443924,-1.6068017,-1.2154621,-2.2126098,-0.7387682,3163.6091,504.35382,550.26715,342.16245,358.8114,156.6479,126.937996,81.74363,97.324265,91.133934,80.48412,66.447296,54.97683,52.311676,54.809525,47.993736,43.20336,61.417175,74.56963,49.411957,0.5904589,0.4820497,0.4026109,0.36014634,0.45931217,0.50130314,0.48086935,0.48425955,0.45890996,0.44556463,0.5019081,0.5162303,0.101689234,0.08510436,0.06359002,0.0486024,0.071340606,0.09272476,0.07722843,0.091690704,0.077406816,0.07032535,0.06429073,0.06575273,25.64226111685505,15.534411402388427,18.603790003140617,18.91714590862839,18.75683196462212,18.37951022042041,17.2663567932161,27.020474114666698,17.263547757009857,20.587813359823294,17.349084971676618,13.080814138549705,8.452936110682264,4.7212542418984516,0.06727699303405572,0.0014794030276033992,92.28515625,hiphop.00061.wav,hiphop
-144.1154,73.38274,4.689501,24.034184,12.896577,14.024166,8.642744,6.9087343,-1.2130749,-0.84052324,1.1626184,2.5793064,-1.1129531,3.1418169,-4.232443,-0.45609257,1.6542616,1.21355,-0.47557473,-2.0354865,8404.11,2310.9658,1856.8859,616.9814,457.5625,288.49918,179.39024,174.40488,156.7711,134.00574,112.56345,102.688736,127.866875,97.096725,75.41606,70.399704,64.91405,58.734924,47.87924,61.580967,0.44480947,0.40886596,0.44856578,0.48260504,0.55026233,0.4929012,0.50674945,0.48166555,0.47095007,0.45381945,0.45356315,0.46825752,0.10515157,0.08146454,0.09490614,0.09325946,0.104342245,0.09284711,0.09262126,0.08361232,0.10646158,0.096750446,0.08555012,0.08588548,24.48073252101704,15.400737221929433,18.335210159784996,17.29017786525415,17.73182751714504,16.976624429866824,15.505295665393339,39.26734766190835,38.8224162574179,28.551538988202307,19.321379598357204,13.042105797803075,7.992401763659468,2.4483029483359493,0.10955073589880031,0.00979627796060693,92.28515625,hiphop.00062.wav,hiphop
-98.840996,71.10852,-10.045743,31.72339,5.1446595,1.8752184,-8.893279,-4.2644506,-5.962237,-4.2694745,-0.658704,-1.8606147,-0.51698005,2.5744352,-1.0586432,2.2042825,-3.9438968,1.2048683,0.28331432,0.069572374,5045.152,1397.752,977.90924,529.92267,286.31302,265.71744,220.44675,177.85587,176.2461,156.25095,147.01134,126.59104,90.47237,88.90926,81.14433,68.60142,75.92643,67.14234,50.454334,56.701286,0.40628502,0.40397432,0.35456365,0.3925289,0.38469726,0.42467105,0.5346253,0.44555578,0.44560522,0.4916305,0.581753,0.4797432,0.088955246,0.09000205,0.076354146,0.08136751,0.07621723,0.06779179,0.09284831,0.078557804,0.09541501,0.1066592,0.10926671,0.090944216,24.760538508580623,16.47313393426109,19.221901469237622,16.54679359620175,17.42190715495691,17.49872944262144,16.07433868704553,43.41661493150695,20.408543025806527,22.1581823666622,12.186714968233375,9.338395449108045,9.737643689484365,3.933597584709935,0.12218709183920279,0.0073355146787294325,95.703125,hiphop.00063.wav,hiphop
-82.424774,69.95746,10.693317,48.804077,4.6395693,13.286027,-1.7903582,5.122208,-1.0849243,-2.7959132,-2.5498505,0.21808504,-3.1269517,2.3010356,-2.7060976,-0.78290904,1.7319455,-5.1392145,-5.694948,-3.7939513,3908.0713,692.9617,600.60345,347.96378,310.74884,221.09752,158.69983,144.45502,133.89595,100.350746,77.69073,90.6109,75.30176,60.46777,54.33008,64.019066,48.46488,54.388313,42.103146,33.343414,0.35329407,0.3474648,0.33432263,0.36401692,0.37509093,0.38976964,0.37425792,0.4001796,0.55558306,0.55366486,0.46059194,0.3878355,0.09927654,0.09332839,0.0827757,0.095498115,0.08927167,0.10763498,0.08543163,0.09038549,0.1151071,0.108703084,0.10743843,0.091800995,26.533441451283434,17.292724068328162,19.877409790619694,16.970288159157448,15.848298326487903,15.955084387330341,16.353529185731198,46.48459830745413,25.46794278242696,28.3827654662169,19.422214420373315,11.143500769583927,6.262100979376811,2.6175772168050058,0.07981168670181889,0.0036128379807249963,86.1328125,hiphop.00064.wav,hiphop
-140.14876,77.06105,42.029648,31.239227,12.191809,10.215243,3.7374847,8.286639,-1.5532026,-1.7558186,3.6267605,4.5898585,-2.549267,1.8537718,-2.7621262,-3.623143,-2.6331491,-1.5240895,-2.6590376,-5.086118,8680.24,2138.9417,682.71515,392.1485,300.27603,212.41841,134.25243,104.837944,109.580124,122.764595,78.474205,66.64252,96.38407,51.7668,43.726242,57.95299,47.42274,38.752953,36.808964,33.96473,0.44587883,0.48705176,0.5250638,0.5317697,0.4989129,0.43894345,0.39485392,0.3153826,0.28641617,0.31989798,0.36552316,0.40372235,0.09908284,0.107468635,0.11630261,0.11396892,0.100217775,0.08397396,0.10120741,0.07741849,0.06585854,0.0791017,0.0961163,0.09482001,24.461150929237863,16.870434211277132,18.29583022704762,16.09160358162803,16.05365179473589,15.561078139807117,15.488152783357249,37.17994181579781,29.039726228095688,32.691363433815035,19.16099737178064,11.202581970683429,5.918928617394444,2.6954723175764195,0.0886033946884675,0.00908699067146799,95.703125,hiphop.00065.wav,hiphop
-111.84788,89.10123,13.179904,36.344612,-3.2759242,3.877823,0.5638425,6.3377275,-2.1796098,2.979102,-1.6365569,-0.36629117,-3.4718988,0.7764608,-0.23096856,-3.1901186,-3.7024403,-4.001075,-3.0203526,-2.4579573,7421.4985,1085.9229,605.5971,402.66,261.19125,173.92618,99.44544,107.79237,131.34663,100.82283,94.28819,68.87018,87.78657,73.94106,51.979137,52.06626,47.390675,36.5309,44.024445,42.256798,0.6214186,0.53922224,0.34837508,0.28171775,0.2499904,0.21833213,0.3738554,0.32194036,0.37803218,0.4336921,0.49542332,0.6551182,0.09447512,0.09942984,0.06439017,0.06754098,0.055732932,0.03693616,0.08765763,0.051752143,0.06904517,0.106040575,0.08707531,0.08977558,25.178997154042573,13.948199751220056,18.781657645975447,18.703209650484652,16.25970600537638,16.414871390220082,16.62764326672361,33.12505018032489,19.774954589147722,19.614403875982063,21.532234767482954,9.869487140517956,6.675087643732654,3.0759343740096825,0.0793853854247291,0.003515942633100018,92.28515625,hiphop.00066.wav,hiphop
-74.77094,58.740543,9.939784,21.570108,15.071628,4.937729,2.282748,5.468898,3.1200333,0.6039442,2.466406,4.21144,3.4745803,3.5953388,2.7740335,1.884574,-1.7012312,-1.1449336,-1.3548874,-4.013696,3478.2996,794.00977,672.1017,293.4947,271.76147,175.23712,193.17943,160.11987,140.4883,106.77234,104.72332,111.84059,90.08546,85.681625,73.2631,54.007236,61.615574,39.353203,42.695827,55.738075,0.55293375,0.48369497,0.50309855,0.44187647,0.40494362,0.42907095,0.45791975,0.5269034,0.5466471,0.54320747,0.5382267,0.55211985,0.08215549,0.062282756,0.077635035,0.07052127,0.06690514,0.09252913,0.08705876,0.097638786,0.109101675,0.09779455,0.07266841,0.07835948,24.48546379667604,14.933994964932474,18.28265725746114,16.984109983743302,16.614180070403187,16.082335770505164,14.65118226252665,37.453031955093046,21.95431575552757,18.36973576656785,13.095919468320119,10.97895265416098,5.379338728715019,2.741761472052424,0.1268197168875774,0.009736239089575634,95.703125,hiphop.00067.wav,hiphop
-66.06443,74.91577,20.634378,39.27426,8.157337,15.135332,-0.38283697,5.5729513,1.4617356,-0.63366073,-1.5710732,1.4559903,-2.414519,-2.1937199,-4.3210588,-4.4203515,-5.131101,-4.2903647,-6.337594,-5.0165033,5504.1987,810.96655,448.12424,363.11972,202.72298,98.39152,100.20775,83.7259,79.30786,83.60875,51.707516,42.54336,38.042522,44.370285,34.52907,30.063524,36.98963,28.10937,37.859745,31.47878,0.33397606,0.3324835,0.34684703,0.40522176,0.4759662,0.45107356,0.44373295,0.44600123,0.4724124,0.5801656,0.4503968,0.3270213,0.062293693,0.064016216,0.07160059,0.08109289,0.09898761,0.08450917,0.10382941,0.10485776,0.07573426,0.117456466,0.07500499,0.06046946,24.114769671990555,15.101646498039031,16.156795100250715,15.259954406021164,16.134622118783003,15.67825449155402,16.325784720870363,31.007609315050573,16.932983523033926,20.97849834152909,10.5076586293466,9.748966186393035,3.7766583802191636,3.410822899900241,0.09572391096652477,0.0030080306379914523,95.703125,hiphop.00068.wav,hiphop
-59.209255,36.20804,39.834282,49.976196,10.15085,16.890434,9.76988,4.446044,2.4115603,1.7071006,2.3673708,3.909562,3.2013638,2.6227622,3.218716,1.4757419,-0.69441247,-3.1585226,-2.104499,-2.3737836,3867.2524,930.8947,578.9703,392.82538,276.819,127.99832,156.0113,124.69928,110.89598,94.9568,104.11988,71.46166,58.725716,41.450863,50.69179,37.620007,36.270546,31.747297,29.153208,36.17322,0.42728493,0.41079292,0.42449707,0.4196071,0.41519514,0.43079,0.45414,0.5111299,0.6029082,0.6815228,0.59054315,0.5065129,0.08138234,0.076798975,0.082868546,0.07892789,0.07563444,0.0859893,0.07504595,0.08839471,0.08259712,0.09874039,0.07511721,0.07702345,28.353468274080665,15.617305208919534,18.71631576041978,16.486851140782917,16.88832473785441,15.808043583965256,15.36730220744363,27.722948198593215,23.57207364280646,27.45543782502535,17.142334079436225,8.35618671503927,4.402112042484639,1.9317104950573516,0.1209660107875387,0.007066564585005793,129.19921875,hiphop.00069.wav,hiphop
-81.68595,82.335976,53.54203,25.494244,15.711485,19.21201,8.4409275,6.372037,0.20460078,0.15445597,1.1984615,1.5259027,-0.725247,1.3517001,-0.38283348,-3.129231,-0.49216717,-0.73947495,-3.7766733,-2.505176,4958.058,1051.9315,749.5311,275.46094,213.26233,88.36209,77.81425,63.116226,78.95063,59.254,45.748085,37.28506,38.27186,35.735523,37.931793,24.488863,24.14207,23.062582,26.741537,23.324318,0.33892247,0.2944775,0.31911612,0.3340867,0.4201106,0.5590132,0.5389771,0.51361877,0.48122525,0.45308545,0.49717548,0.42107353,0.07702054,0.056338497,0.06428211,0.06447794,0.06897151,0.106285654,0.092746355,0.094201334,0.07704525,0.06856851,0.11814788,0.09025859,28.397627646100496,15.903903352391444,18.290824351156193,16.034820142033055,16.1378995456838,16.48636916350239,15.290204402597478,29.935044031336066,14.621993228249098,22.210605648333175,15.511887645127874,7.655898057405841,5.617627195586599,2.340137304078879,0.06926450936048761,0.0030671899444487043,95.703125,hiphop.00070.wav,hiphop
-78.69876,51.460278,42.21705,30.076286,20.110865,6.993341,8.018718,6.883307,-4.6201587,3.6496065,3.6401927,4.3249474,2.607875,0.76624197,-9.1659775,-2.1590145,-2.6716974,-5.5222917,-1.3241625,-2.4780135,3195.3474,1035.4044,297.22696,241.17236,225.14021,108.7451,115.848976,121.04605,112.12295,98.12737,90.49581,70.49812,72.958496,68.990654,68.693245,50.651104,54.42116,33.700527,32.05499,34.425396,0.48330566,0.5362444,0.5632625,0.49954998,0.38253868,0.34994477,0.35159832,0.38649675,0.3464593,0.32895297,0.3012974,0.31691203,0.1288031,0.10853331,0.1036952,0.10992914,0.07770716,0.088342756,0.09843166,0.1213718,0.0768131,0.07046836,0.05727047,0.061509665,29.824823804624437,15.993848980099726,18.112661529248058,15.57397602580805,16.547134320820604,18.039205495699488,16.5270910316761,32.00924370550593,20.133503140891406,22.198935247746036,11.423429455177345,6.646613470582657,5.642353871655751,3.827935245792637,0.10757606907894737,0.009960240468501812,95.703125,hiphop.00071.wav,hiphop
-118.020584,102.3068,20.772593,37.010674,24.395523,7.802754,15.927474,-1.5940949,6.763179,-0.7802006,8.579758,1.473606,-4.2227297,3.0189223,1.0109888,-0.98029953,-5.4668136,-1.3039749,-4.241458,-5.0074196,4448.9985,1219.5968,554.30096,281.39755,252.97466,212.30437,107.744385,140.96286,95.2232,84.07598,71.524994,67.8588,75.41197,54.161106,62.29088,49.63607,51.81783,42.35574,39.91801,58.274784,0.42928535,0.38966018,0.38120314,0.5117002,0.50105584,0.48009074,0.46960506,0.45132592,0.41399708,0.3737343,0.43622747,0.41896245,0.10539979,0.08797627,0.07679795,0.09881436,0.090617895,0.10883321,0.094905294,0.094333604,0.08160481,0.07176147,0.106805526,0.0960115,26.51897541793692,15.763490913491278,18.177067918600716,16.842889133420606,18.27047957709565,16.708688629157397,15.08585943089837,34.040554024941095,18.69679700364518,28.530531147486176,13.019701387180403,19.026691811175468,6.417099329049323,2.29545608887427,0.05136250120936533,0.0018407208190596715,99.38401442307692,hiphop.00072.wav,hiphop
-78.25045,70.188736,45.908947,42.07599,15.097313,10.689846,-0.6920257,-0.6105204,0.37156433,-0.35092282,1.1027349,-0.6717468,-0.81453276,-0.8111803,-4.241297,-6.08405,-2.9617288,-3.7095819,-4.6067276,-4.9819074,6133.774,1213.7933,670.6612,320.45084,213.64864,123.95854,192.15175,102.22704,116.572075,102.551956,78.222435,50.073505,45.355263,50.617847,44.78735,34.851086,32.387054,34.705708,33.938892,30.944532,0.33598435,0.30694506,0.402892,0.4598538,0.54256725,0.47732398,0.5244106,0.5158475,0.37044984,0.31284827,0.3798362,0.44122264,0.07093194,0.055186935,0.07253675,0.09466575,0.122349516,0.08130845,0.089435875,0.10780928,0.06725592,0.07232943,0.09225028,0.09547967,25.83628451045368,15.230437038233841,18.42786894787691,16.743674503165266,16.237254758568724,15.274898691556086,14.517730808334885,43.549952976800135,16.75264773266287,22.66760971467842,13.531439619869355,9.245230417981825,3.345453876070251,1.6192351243151668,0.08562004160216719,0.009287077552019081,92.28515625,hiphop.00073.wav,hiphop
-68.78752,62.373886,24.279097,53.785713,-1.9191564,12.823493,-4.35876,12.354515,-0.22019345,9.053527,-0.97755194,3.94197,1.9162539,2.2540576,-2.5221894,-3.5294874,-2.924685,-3.6497655,-3.4206944,-3.7197106,3290.7546,706.28754,690.04517,389.11584,240.43875,106.92599,114.02697,73.4102,99.99264,71.18485,64.625496,64.09673,73.202896,48.43254,57.45722,42.721558,44.47423,32.81815,31.43289,30.69937,0.37533125,0.4215308,0.5089465,0.5486424,0.5274854,0.51352936,0.44495443,0.46477684,0.49717525,0.5541998,0.43978316,0.3909818,0.065494694,0.0665266,0.10091763,0.094816744,0.07703154,0.08321281,0.072560504,0.092686646,0.088468336,0.09287585,0.064431176,0.069439925,26.914944637404762,14.800492782217532,16.605161904977717,15.667642325989483,15.738917213950511,15.044920513748158,18.135711818601507,36.448582135680994,17.077503241844315,22.962367138274498,14.820333821360743,7.368111241541127,2.943339841336042,4.064858306847698,0.11079033535700464,0.004700854045594119,99.38401442307692,hiphop.00074.wav,hiphop
-94.57142,51.723648,17.519943,28.904242,2.063757,3.7271113,-1.8516201,4.36836,8.781322,2.1316023,-1.3799784,4.6916013,4.077907,0.014572971,0.21375863,-0.4370366,-4.119476,-1.1030105,-0.1276487,-2.7631567,4385.7393,1858.6614,837.40295,593.14453,359.65616,279.21783,235.37802,168.46884,193.31126,193.85028,112.645004,104.935844,98.67352,82.65334,62.982864,55.20916,53.741028,47.407867,46.217983,45.144436,0.44054523,0.38206893,0.4023866,0.38874605,0.37330905,0.40535814,0.45229787,0.53290313,0.53840053,0.52964723,0.49272454,0.4758024,0.10931093,0.08083752,0.084678225,0.0797411,0.07424293,0.09075159,0.08994406,0.10365398,0.09855262,0.10740514,0.09572528,0.10434104,24.752041720294006,16.781843603357828,18.362094814858,16.822241704415124,17.00264017021786,16.340578114538108,15.483845256819535,48.09344974475627,30.49407768199971,23.46730091963715,15.730111786271287,10.887644524585038,5.075426837289235,1.9662552200653558,0.146737207938274,0.016876559617452443,92.28515625,hiphop.00075.wav,hiphop
-111.22915,89.94116,4.4531455,14.530579,9.934057,-9.441968,2.9049582,-0.13894077,-3.065067,3.272368,-1.4969656,1.5704437,2.3964047,-1.1631626,0.87109846,0.6744046,-5.169126,2.7299318,2.3492882,-0.2558081,7030.969,1446.8429,1066.37,397.11594,311.6928,313.25845,154.16287,175.339,163.39546,119.84595,112.82636,89.17248,115.39798,66.049164,73.87998,77.329056,84.30635,68.90047,59.639385,55.11235,0.5565378,0.54610306,0.49201337,0.35870913,0.40002796,0.38380367,0.42743662,0.33957654,0.32011726,0.36479786,0.39827287,0.5124859,0.13440476,0.101690136,0.0940596,0.06467553,0.11131465,0.089509815,0.095058054,0.07172999,0.06701756,0.07317834,0.079014346,0.119658254,19.764702269077237,15.926417286465146,18.69340330086064,17.44790034959886,17.80087924528718,18.41119702083451,14.818145977822967,33.68180307961968,32.50448199492503,24.28864838048066,18.698984274187133,10.905309716571052,16.61433408387124,2.9233443781585624,0.09669745005321208,0.008230549501237427,95.703125,hiphop.00076.wav,hiphop
-25.853546,70.946365,9.548489,17.47975,-1.6311872,-0.5474362,0.2606902,-4.6436267,-0.5859256,-3.086073,-2.4065418,0.38653895,-2.158143,-0.34495544,-2.3784094,1.9354964,1.3124205,-1.2795857,-2.0184262,-0.19688798,3307.5767,1139.4266,624.99805,399.0481,336.86987,261.79288,170.16748,118.334526,116.53476,104.11153,145.12321,82.32894,78.21923,75.67841,74.683846,70.6093,68.18118,66.040405,84.122536,60.68289,0.52599096,0.44858813,0.4353208,0.53171146,0.41271907,0.336928,0.38562226,0.5018418,0.4686184,0.44258964,0.509996,0.5312121,0.103045285,0.075921424,0.066314,0.092258826,0.069291264,0.06728693,0.07224654,0.094494686,0.0912298,0.085239336,0.092372485,0.09535552,23.029267384483653,13.890571100314409,16.712465485755217,16.77728889923308,16.63210593338989,17.201860036229473,15.434143288156122,28.059828351628397,17.42256294724976,20.751495468637348,15.04491864779973,6.835754109673234,6.810170180307066,2.906654026385185,0.13766243288022445,0.006304559534481964,117.45383522727273,hiphop.00077.wav,hiphop
-111.22915,89.94116,4.4531455,14.530579,9.934057,-9.441968,2.9049582,-0.13894077,-3.065067,3.272368,-1.4969656,1.5704437,2.3964047,-1.1631626,0.87109846,0.6744046,-5.169126,2.7299318,2.3492882,-0.2558081,7030.969,1446.8429,1066.37,397.11594,311.6928,313.25845,154.16287,175.339,163.39546,119.84595,112.82636,89.17248,115.39798,66.049164,73.87998,77.329056,84.30635,68.90047,59.639385,55.11235,0.5565378,0.54610306,0.49201337,0.35870913,0.40002796,0.38380367,0.42743662,0.33957654,0.32011726,0.36479786,0.39827287,0.5124859,0.13440476,0.101690136,0.0940596,0.06467553,0.11131465,0.089509815,0.095058054,0.07172999,0.06701756,0.07317834,0.079014346,0.119658254,19.764702269077237,15.926417286465146,18.69340330086064,17.44790034959886,17.80087924528718,18.41119702083451,14.818145977822967,33.68180307961968,32.50448199492503,24.28864838048066,18.698984274187133,10.905309716571052,16.61433408387124,2.9233443781585624,0.09669745005321208,0.008230549501237427,95.703125,hiphop.00078.wav,hiphop
-79.74996,62.275124,-5.1084466,18.229969,12.862356,-14.114573,4.9116673,1.6750953,-5.7800555,0.81444365,-3.8078806,2.0120642,3.4144382,-2.872423,1.2645156,1.7522672,-2.2722967,-1.0350907,-4.6091976,-2.822466,8506.413,1490.277,937.86127,552.5976,299.81564,395.40503,228.69516,216.71982,145.36566,137.75122,99.81915,83.96407,83.00242,79.194176,65.7198,66.38531,64.16191,78.51333,61.41462,55.38061,0.4393623,0.49363166,0.45549744,0.43335548,0.38191777,0.3653832,0.3570999,0.37230313,0.38679862,0.4482493,0.5279393,0.46575096,0.09348908,0.10424211,0.090442546,0.09883079,0.07137708,0.06985381,0.07548374,0.08134432,0.08344292,0.094487205,0.10713314,0.09516202,18.303735528500745,15.566559084437023,18.080255621228233,16.455014469782732,17.195658000473596,20.00603582162981,15.454005656324194,32.735243779611686,24.570768939813522,23.99837869924303,16.20359487451423,10.502198229220577,37.33901921681957,4.0949472469030725,0.17240182976973684,0.009811654169745566,103.359375,hiphop.00079.wav,hiphop
-64.00121,50.804565,6.6021595,27.830774,6.6337037,0.29855338,2.8219564,3.2134213,0.16524191,0.6103197,0.09556539,-5.067103,2.66281,-1.637957,3.1019537,5.152146,-0.835596,4.8471527,0.24540162,-4.849838,1803.7493,662.1253,489.73752,255.15591,189.99591,130.84369,118.70042,97.34654,114.482994,75.433754,70.92087,67.33706,76.96483,63.18161,62.10056,60.572697,74.40464,53.10895,40.59883,50.90091,0.3759933,0.33835265,0.32603276,0.34304065,0.33509102,0.33203495,0.33590692,0.40213385,0.546695,0.5713099,0.5039466,0.43228874,0.09470873,0.087212175,0.08066344,0.08509664,0.07778408,0.07866772,0.07657789,0.09717728,0.116241954,0.09558238,0.09325963,0.0989904,21.042489487861964,14.797156653593394,18.097777809056954,17.014135359821942,17.027351530281425,17.032987778106367,14.752391786574485,29.785406405711296,28.78900598663341,26.16480960446147,16.382942715613474,9.883095122823637,7.435317354717094,1.6142587111911457,0.15500095237519348,0.007261173763194843,95.703125,hiphop.00080.wav,hiphop
-216.06976,122.55899,0.93731654,39.356617,9.2882185,26.045794,-4.027806,18.256382,-6.51141,13.911774,-3.072288,8.876831,-4.3585534,4.691729,-0.10699996,0.9101864,-1.9222299,-1.7801149,1.1610223,-4.025159,5019.5156,532.6448,768.1313,310.2372,253.28009,159.74062,172.6012,109.765236,97.84775,90.52187,82.72595,51.197872,58.221966,45.895912,57.431866,33.021255,36.8417,40.681515,50.5786,40.923542,0.70800066,0.7792871,0.66867876,0.47638354,0.43976542,0.3833475,0.36759502,0.39512846,0.5493141,0.4990917,0.456721,0.5237098,0.06088828,0.06289335,0.06068673,0.05778109,0.069125004,0.07359382,0.081628606,0.056733146,0.07995746,0.094232,0.07798581,0.062442243,18.17071436635698,15.022784366214202,16.852723448873302,16.10375595407986,16.430454993038566,16.693610989974562,36.96473864421517,19.49929444021008,17.228799443547768,18.84113200785737,13.66874483490143,6.78779169353737,7.393339822090008,12.656442159445728,0.05177973224651703,0.0011604635701247467,103.359375,hiphop.00081.wav,hiphop
-122.780525,95.06129,-29.36325,46.780045,-15.998561,27.117586,-13.113777,20.258003,-5.389465,15.459252,-6.909567,15.645838,-6.707096,8.281757,-0.7531098,9.420004,1.2628134,1.6747185,0.48605138,1.6133194,958.6103,509.44083,288.86957,120.52672,130.25162,89.18431,123.53721,94.86776,81.88606,57.62985,68.132195,57.987328,57.096775,52.73501,48.74377,37.861782,64.03231,55.49467,42.31656,45.699356,0.46305346,0.47137025,0.46447447,0.4379938,0.47152638,0.4651566,0.4836416,0.5854247,0.5297599,0.5451235,0.628049,0.49785733,0.074364886,0.07940462,0.07137658,0.067262806,0.07880269,0.07758435,0.08092091,0.09233482,0.090935424,0.08292466,0.09376903,0.0722437,17.72592705358478,13.359059166317133,16.956939839256016,16.92981615842761,15.93365183909545,16.27650285856354,39.88828534056744,17.951721113950878,15.198350706594463,17.56653263518425,8.010256879312179,4.965771453970339,3.6417980724878523,8.097242827789273,0.11322947404702012,0.00485650424117832,107.666015625,hiphop.00082.wav,hiphop
-122.01623,89.59382,-25.749514,40.978493,-4.280537,27.57391,-15.565974,22.4104,-10.840677,19.818462,-8.638996,19.100218,-8.472635,9.432505,-3.4016783,0.98333335,-5.649017,2.0140295,-4.319846,1.8859324,1854.6997,398.32098,344.56424,238.947,183.20767,140.96045,162.1101,110.708565,77.33823,93.83438,78.02251,75.789894,61.9412,66.888695,62.46102,65.62551,70.21984,63.192387,66.913734,66.308655,0.43708673,0.49695027,0.5073263,0.46173143,0.42152897,0.44694468,0.42578527,0.425036,0.45195952,0.43063644,0.43348926,0.43663445,0.08190355,0.09222767,0.09280203,0.07780282,0.0827903,0.08716309,0.07798057,0.08378311,0.09534398,0.08068283,0.08114979,0.081983455,19.246320544938342,14.610380671263604,17.572868068847757,17.29290433910812,17.70520400367788,17.21812428516655,41.24541886466591,21.232857972716285,16.392139266936024,20.740450876058397,13.718347504527257,9.491696213137654,5.538591913061414,7.663896656270974,0.11085004776993033,0.003539866787685793,103.359375,hiphop.00083.wav,hiphop
-214.31303,100.31755,-33.45657,47.259487,-8.953328,12.991591,-17.322504,11.068475,-11.724059,8.812742,-7.8322988,6.2648187,-0.104959436,4.896774,1.1980616,3.7862828,1.4717628,3.4848027,0.65265834,4.15107,4220.356,1639.827,633.27747,563.4922,377.31674,345.37204,230.66873,177.08784,169.35434,123.46648,100.38287,86.87587,98.931694,67.56859,62.666977,49.20602,56.64944,47.664024,44.618816,42.675446,0.43966538,0.46548906,0.46582273,0.5163847,0.5874706,0.6246184,0.5704277,0.5633479,0.5143516,0.46786016,0.48090518,0.46393144,0.070789,0.0748964,0.061745852,0.0740006,0.09393995,0.11576537,0.09561973,0.079410195,0.07501978,0.07008516,0.07352086,0.07637496,20.95744559319935,13.439803071652358,15.96231937319083,14.315722833186944,15.976014444142445,17.468743031472588,36.23362120017947,28.436261603391554,27.65233682045486,25.503134551856622,11.792988595719141,7.199929984921988,8.935209968167916,18.735607772643906,0.10514864611551858,0.005006585277986261,112.34714673913044,hiphop.00084.wav,hiphop
-114.30269,80.86408,-18.181608,50.662548,-14.933624,29.2647,-20.050333,18.588346,-17.686916,16.67295,-11.416135,16.297127,-4.473333,10.56288,-4.071208,9.144475,-2.847377,0.63792795,-1.9969021,0.5702691,1588.0109,366.8426,393.55286,196.49817,197.35034,86.848335,98.59175,81.02674,67.0707,58.98276,56.88967,58.815437,63.09034,52.528294,46.045597,38.54109,54.1792,65.134445,53.5817,73.932236,0.42813483,0.47543368,0.4525944,0.46697465,0.47373867,0.4533675,0.4360778,0.47923034,0.49392766,0.51591843,0.5556899,0.49049425,0.07228135,0.084254004,0.08112723,0.082024395,0.0805435,0.08191919,0.07622148,0.08798032,0.09130796,0.10764222,0.11545034,0.08469708,21.284379394240815,12.492023163843731,17.33051470198698,16.714827704334496,17.057354819876053,16.318039786083908,42.48134211230808,18.863110119595433,13.24450274949032,19.702090271912372,14.285702597966322,8.055287927269447,2.626001198478049,3.178204445311874,0.1272399713380418,0.004690305573444445,112.34714673913044,hiphop.00085.wav,hiphop
-198.97505,92.61563,-19.53599,39.540478,-0.64480966,33.591434,-6.4655647,27.51714,-2.4129982,14.994365,-2.9805148,14.907302,-3.3871675,9.281903,0.8351726,8.28487,-0.5857251,-1.6136752,1.2587285,3.0526361,3204.678,739.8732,382.41077,387.96613,295.64127,167.75806,128.51387,108.10962,92.080154,119.18661,108.524414,96.04823,86.77153,64.95106,72.89853,56.35249,61.834644,63.75186,46.02285,57.55188,0.44924006,0.434858,0.42451704,0.40108162,0.35424474,0.37072653,0.47580126,0.5687583,0.6631306,0.7083675,0.5002146,0.40713108,0.09435692,0.08079164,0.09114575,0.08233139,0.061624605,0.06371066,0.06396022,0.08471059,0.090454005,0.08197342,0.06991829,0.079152,22.402350799140727,12.103122402940587,15.867790885764824,18.554630682326664,17.90496339308019,16.278694094716318,37.8001173085357,14.867981682994145,13.315310637393287,16.79042083242394,15.337059945704766,11.610444458000384,5.3370378794254165,11.859428069522414,0.0798679977747678,0.0029389413020651694,99.38401442307692,hiphop.00086.wav,hiphop
-168.3471,70.93956,-3.0408056,54.825478,-12.10462,30.515268,-1.521291,28.844463,-8.925714,18.759966,-6.6007915,14.6028805,-3.5750635,14.192752,-3.9637115,6.93011,-4.1718354,5.868638,-1.5135263,1.2838981,2833.9224,273.73712,398.77695,123.72661,162.25833,131.28304,168.92062,92.53784,110.61547,51.219486,80.918884,40.213577,48.508827,28.555513,49.047554,28.579367,37.57423,25.856415,54.107895,32.94994,0.5285791,0.49384838,0.5459865,0.56581444,0.56950814,0.5820966,0.606156,0.6739353,0.6517299,0.63971466,0.60336727,0.544822,0.079849295,0.061963126,0.06855338,0.056914173,0.073982835,0.08150856,0.036192633,0.04368212,0.080181904,0.09567539,0.07865776,0.06954774,21.96824708782785,12.597640717744873,14.121236823833513,14.711606569983603,15.904042979299044,15.058599579850524,39.876840774173175,24.555222113275452,11.9580911139551,12.249584023579745,7.142320471199033,8.281612304621595,2.3415103207180508,11.06601855372017,0.08769334728134674,0.005557636561237106,135.99917763157896,hiphop.00087.wav,hiphop
-89.86678,79.763336,-25.737305,47.726387,-10.019151,31.556944,-22.19752,26.661226,-10.976785,18.823181,-15.565013,14.414716,-10.038895,8.900902,-8.932948,7.2392864,-5.013773,3.1289532,-4.7381425,-1.5847808,2009.1985,361.6268,425.11435,227.36575,191.00925,175.97523,110.69045,107.63108,90.097176,87.10791,55.129486,73.376175,61.458538,61.76053,50.70957,61.641666,52.63222,64.98185,45.49541,57.85273,0.46507806,0.47277808,0.48848608,0.40749785,0.46004596,0.46310964,0.38470158,0.41165015,0.42824042,0.5192213,0.5220354,0.4972665,0.08043965,0.07763413,0.08568225,0.06315486,0.09413752,0.10183547,0.070885055,0.07559633,0.07759357,0.09507147,0.09686087,0.08620835,21.3334137061783,12.783908049446808,16.806228797114596,17.00174284034072,17.838719817693203,16.050572725114876,43.052413861348306,22.4058138047586,17.224972298704095,23.15444463314074,17.376254360291945,10.721243230963386,5.076436653674664,9.606612843323415,0.14991216984326625,0.0031410141029557547,117.45383522727273,hiphop.00088.wav,hiphop
-103.13827,74.09022,-22.434639,51.60479,-7.0798135,32.670975,-14.993524,19.642502,-7.0712337,22.27215,-7.3240585,17.61178,-0.045685332,14.720984,-4.2429547,10.659666,-6.337611,1.0340246,-1.8354768,5.550285,1709.4144,396.9639,313.56277,135.37788,142.25772,71.79556,67.59021,63.318977,60.44403,45.115425,59.716877,45.308598,64.93669,41.59119,42.870995,40.489223,52.853626,47.038223,51.615795,66.80251,0.49257624,0.6311309,0.5252246,0.47302955,0.5103118,0.5472689,0.47850925,0.46805054,0.54301876,0.46151313,0.41944948,0.42965978,0.07599759,0.10194437,0.08223874,0.07471112,0.0832251,0.09610456,0.095126964,0.0885314,0.09243653,0.076314345,0.072132744,0.06944339,21.59511588288959,12.921290713200488,17.648409938690705,16.99039596477368,17.481943982795578,16.44535634211514,42.31905923880116,14.308722169424366,15.60390867109091,27.19259028178549,13.15468127888106,7.987942339923742,5.026331579901513,9.041180125888758,0.11762400529702012,0.00345225682437793,129.19921875,hiphop.00089.wav,hiphop
-109.50919,97.389565,-20.619621,37.36667,-3.1259978,28.611204,-14.169424,23.86211,-8.736171,19.892464,-11.298631,17.939692,-3.482387,8.219098,-8.952912,9.264581,-4.989858,1.8386621,-2.2514331,0.67537093,945.6035,247.10144,224.13141,129.10963,123.1225,78.62224,129.68274,73.22973,78.916176,60.0898,58.855595,50.916542,49.851707,46.227962,45.227108,39.539425,52.32732,62.264126,56.436375,56.98262,0.5084265,0.43667942,0.42345273,0.47497883,0.5690552,0.52269083,0.4586691,0.45641583,0.4673353,0.4923438,0.49799028,0.48113465,0.09360131,0.07525642,0.0784905,0.07358759,0.09413619,0.08900934,0.085151576,0.08661966,0.084727,0.09179815,0.084731445,0.08055893,21.58398088296713,12.529012127332027,16.405950663026104,16.40128938078574,17.45592433621448,16.48490723565238,40.9261312868447,18.7739345772751,10.703020862367739,17.359565190997557,10.947758787968473,8.929083074136614,3.7388109219802015,5.869813347004043,0.10450163566660217,0.0022965135434563073,117.45383522727273,hiphop.00090.wav,hiphop
-105.56951,76.67491,-24.774305,55.19899,-8.257658,28.899265,-15.7475815,26.304575,-8.49144,20.454641,-8.151382,13.922347,-6.5663133,9.869241,-4.8636723,5.876529,-1.9471781,3.965411,-3.6028059,-2.288011,2076.774,342.92923,400.46014,201.18898,219.10338,127.6541,143.79329,106.926735,94.80424,81.635704,87.42249,79.56635,69.81377,53.28379,76.36379,58.167015,70.47409,50.317783,62.071907,67.52275,0.48958287,0.50616765,0.50156194,0.5258126,0.60870737,0.62996167,0.5486998,0.50465167,0.5137081,0.53796905,0.56138283,0.47718343,0.081260346,0.079519056,0.06723326,0.059156418,0.070290245,0.0729674,0.065857455,0.066300504,0.07114312,0.0755249,0.08114882,0.069312565,20.521012169117352,12.277168578414539,15.693374555756838,15.664287525939685,16.785975604154817,16.689250608799533,42.24940125732958,14.532178766421325,14.049775773074133,16.012975898123305,10.329895460464465,7.811117141761026,6.4200337742635565,6.296901195913874,0.1385550956607972,0.004137619563724458,103.359375,hiphop.00091.wav,hiphop
-144.99234,84.061775,10.848204,43.601334,6.2818995,36.12911,-14.662279,26.805468,-10.33603,24.696184,-8.72415,18.79265,-4.396879,9.877954,-8.135771,8.817563,-7.885718,2.8736496,-4.3461523,-1.1175039,1917.0754,280.76102,445.62766,186.13727,355.79077,118.70443,131.50752,111.87558,78.36934,76.70087,66.060776,55.716755,95.55023,66.65825,52.294712,51.057602,49.304028,67.30957,51.744328,51.443947,0.42480993,0.40238538,0.38756686,0.43820658,0.48103067,0.41440892,0.39721832,0.46261606,0.56817317,0.6984355,0.5864791,0.47206053,0.07125333,0.073434964,0.06677381,0.080736116,0.09637352,0.069438405,0.058752302,0.062124785,0.061753724,0.0994303,0.08060397,0.06544662,22.341481846053732,13.84817969751454,17.769642359354037,17.495408224689047,17.393324952338453,15.531980939050984,41.8373091343765,11.428277618512883,13.552298160741774,19.97063661368043,15.167331254440324,9.428834798969577,3.579655469120713,3.5049196313507336,0.07263901654411764,0.0015312411967055043,112.34714673913044,hiphop.00092.wav,hiphop
-191.63844,41.317802,4.9924994,65.465614,-4.320229,42.641537,-12.253161,23.81721,-4.2732596,16.03992,-5.0856843,16.431042,-9.372979,6.6640673,-2.7305558,-0.44324705,-7.421273,4.5704145,-6.97458,2.468442,3305.1143,403.78134,447.7258,221.05316,210.59077,135.60855,116.81272,82.906105,97.23207,87.83174,97.90105,74.64198,59.56862,50.021362,56.06807,58.48517,58.957973,77.09917,82.516266,123.64757,0.4468454,0.42709503,0.4258958,0.4676285,0.56522685,0.62458104,0.49716362,0.46919775,0.4617617,0.44724607,0.44282788,0.4427869,0.07144229,0.062290132,0.067110345,0.073028386,0.078836314,0.09651762,0.05738957,0.07860932,0.082887664,0.091134034,0.08343562,0.07452904,21.819753327949666,15.471205142556114,18.578767796637216,17.27707869389791,17.35711270727633,16.043943400706116,41.2624406623356,15.377443933585576,18.43373413414114,26.8590642414865,18.793162104153744,12.359530890224612,4.937869457546271,7.842573952901054,0.15219749238099844,0.005551936286839421,117.45383522727273,hiphop.00093.wav,hiphop
-169.93532,98.05762,-11.311488,38.265522,5.069619,25.395584,-11.830673,25.108501,-5.558388,19.205223,-2.9109883,18.213062,6.1053805,13.954817,-0.30130035,12.484424,0.4084341,1.6486975,1.5285935,2.8091319,2853.5203,696.263,406.14056,262.2778,306.40668,222.32208,178.57047,103.94761,146.57927,91.29326,95.379234,83.08616,88.59714,59.440773,70.74729,60.964947,58.274597,51.094807,46.482677,52.260654,0.53043914,0.43048,0.35271278,0.342911,0.35186398,0.34101298,0.36419177,0.43131196,0.536659,0.6150508,0.6036299,0.6070428,0.08966594,0.07910644,0.06221789,0.06835628,0.07088916,0.0671356,0.060340144,0.06497742,0.094533466,0.11275519,0.08574815,0.07676974,22.00224599239651,15.789988666256837,18.859160093164434,16.91638381499548,17.541856173736605,16.86073713858486,39.03814478041777,13.003829413575005,25.015098360039982,23.208154261026632,17.36306349670544,11.627716418581567,6.812358112284776,11.595771925418141,0.054190904363390094,0.0009651973198417903,151.99908088235293,hiphop.00094.wav,hiphop
-92.59165,77.41268,-32.75637,54.59612,-13.199196,33.65628,-12.085772,28.015388,-11.966782,18.82935,-6.6704774,13.036639,-7.0213475,7.0742083,-4.5371237,6.497911,-2.9733756,3.7062724,-5.411391,-4.21347,1413.3846,362.97375,295.9231,137.00578,86.68708,82.72577,79.573235,68.16754,59.950127,51.040394,46.694633,29.808516,32.876526,31.552198,30.780872,38.12575,43.582184,35.997166,34.28675,34.023746,0.57820845,0.5125276,0.51765776,0.5241667,0.55050737,0.5555653,0.5712716,0.6083285,0.6382326,0.6060566,0.533734,0.5520481,0.074392654,0.060553715,0.066158,0.06470024,0.06619469,0.07249576,0.0652475,0.06497655,0.065400854,0.0726371,0.060656197,0.06550646,18.533102055347655,13.418283094148926,15.211662455378201,15.033174956192843,15.231198084300736,15.742635986242695,42.770727141729076,13.407835199084161,12.20431856007879,15.409296177688384,10.098432106001324,5.148987814521377,2.9635978647766152,7.667594822346259,0.15760335538409442,0.0028931496023742137,112.34714673913044,hiphop.00095.wav,hiphop
-128.15352,124.5842,-37.200493,43.892124,-12.789882,18.988998,-9.285406,19.78161,-6.8781185,13.477492,-5.9798985,12.329025,-4.6527686,5.8328543,-2.872883,3.6824682,-1.8806285,-0.13902046,-2.0508018,-3.2196095,2216.9915,461.4551,415.38184,268.2026,329.4227,171.31761,139.13681,89.35223,88.22372,68.977264,63.292534,55.73204,55.06256,52.584545,54.37996,43.838802,44.5534,36.87335,38.99378,40.254154,0.37717724,0.37523994,0.4155636,0.48966256,0.5750036,0.5030999,0.36736965,0.3450833,0.4065753,0.4202436,0.40545404,0.41650295,0.07574837,0.07697003,0.07611698,0.08599718,0.11664821,0.095064975,0.06612888,0.068046466,0.0880709,0.090170495,0.08134788,0.08186498,19.89559821691317,12.943709246471803,17.46404039143847,17.094092711771207,16.029456804871597,17.03022811625612,37.36020827651035,11.254375289473067,11.111665317628995,22.140120158735044,14.901241339315686,8.006390185446156,5.0532333257937685,7.483014530830483,0.08312648147252322,0.0009154604845568311,107.666015625,hiphop.00096.wav,hiphop
-111.189964,80.63883,-0.8759601,50.6178,-13.474105,35.325798,-14.840684,21.193808,-13.577968,19.628597,-11.768656,16.968807,-9.362856,8.700684,-9.8925495,5.813981,-9.137596,0.8777112,-5.991048,-0.3092356,1202.2334,413.59497,248.4029,188.38881,216.0307,85.877464,94.464165,89.88875,54.33297,63.783005,65.154594,74.78139,56.868904,57.17615,45.04322,52.902706,44.93012,64.97625,71.734375,66.592224,0.4762432,0.4854049,0.49322617,0.5829418,0.52444696,0.4319533,0.40933633,0.4066984,0.44015577,0.44421887,0.4965526,0.4944794,0.09237258,0.07995664,0.07899516,0.0912119,0.08651325,0.07291554,0.06731786,0.068943456,0.088401735,0.081303634,0.08851637,0.09233671,21.560742459071776,13.83274555129805,17.216454389688067,17.195367091185688,17.27771395647212,16.29466191160798,43.233811731914386,12.42484298952817,13.184009322615603,20.55108491026053,14.78405758551621,7.085734295561636,4.272462652608429,5.990481592295169,0.11598796076818886,0.004184076397181926,112.34714673913044,hiphop.00097.wav,hiphop
-129.95169,72.02137,-23.253374,63.230637,-6.873469,34.400772,-12.189914,30.506071,-7.582158,20.604498,-6.1974487,14.683234,-2.9395952,9.047846,-4.7400894,5.3837643,-2.414432,1.6269447,-5.9808297,-0.82341677,1925.8744,409.4569,399.72415,279.42334,178.56131,139.00563,125.416725,75.063675,90.83412,56.25814,64.753586,61.5212,69.18505,49.186314,45.112743,48.62896,57.760345,45.41114,60.645935,64.29228,0.50325584,0.5881574,0.62524915,0.5389016,0.49189886,0.459099,0.4403051,0.46691185,0.58307123,0.60882545,0.55630827,0.54007214,0.053492986,0.063626125,0.0959226,0.067080386,0.070583336,0.067479394,0.057148613,0.060825184,0.09227948,0.09095757,0.07773641,0.072713755,22.411468764480237,13.209085766051475,16.56684591036312,16.31212559219724,16.789446478029305,15.628397031164942,41.78409744796617,10.787852388342573,13.014921775869553,22.40846858500171,12.616182642891209,7.512610809351805,4.127972063521555,6.815663797877627,0.10066983721942724,0.003610052533653344,107.666015625,hiphop.00098.wav,hiphop
-138.74834,100.20922,-31.457195,32.444756,-2.7770367,13.111024,-14.509458,13.948756,-15.169027,8.204797,-4.9205856,3.5231578,-7.9803023,0.7993211,-2.9753177,-0.7297646,-7.7199607,-1.2179403,-6.522993,-5.395183,3699.7388,1567.2251,1050.3347,556.9931,318.30093,320.70856,229.00958,196.3701,208.65852,152.74847,137.28424,123.67351,109.95641,91.71337,95.29529,62.986423,52.232162,73.172165,73.37759,60.260956,0.37678027,0.45188046,0.5967009,0.4717001,0.40843815,0.3763028,0.4200026,0.41704735,0.4461871,0.48073298,0.3727825,0.35286558,0.08624925,0.08579621,0.102838784,0.07997093,0.08207462,0.07927467,0.09591123,0.10010512,0.11063262,0.10846871,0.07903173,0.08180244,17.739124069702058,15.106841636339103,19.00688667946061,17.65345057675885,18.015277864272353,18.170608104741817,38.93596211707123,34.565014051628474,23.92118048199291,25.505566408207475,14.689994008835546,11.684558207517531,10.90722853996981,14.415809817664247,0.1015708143866099,0.004364807470181962,107.666015625,hiphop.00099.wav,hiphop
-251.99103,137.88876,-11.156676,8.355846,0.7175982,1.5888838,-3.736992,-4.1388264,-5.510426,-2.6428099,-3.535575,-3.1450665,-1.8456105,-0.99968755,-2.588094,-1.9635671,-1.5052294,0.2160593,-1.9949428,-3.3498683,12151.3955,1466.3334,731.3878,120.01318,117.38846,53.250835,56.286686,38.27729,43.553036,37.512867,43.08078,59.140377,43.812435,41.20922,48.905815,50.301662,41.115856,55.66498,50.034275,49.890846,0.4411801,0.30499002,0.3251485,0.4008048,0.4568832,0.33339867,0.21857183,0.36204478,0.38764855,0.3219726,0.28432775,0.29694715,0.119184054,0.05645629,0.077513866,0.08577607,0.106872216,0.099836335,0.038886882,0.07948892,0.096991375,0.067704916,0.07310681,0.066430286,16.216299763031056,14.517789836523324,18.806116020314537,19.431904994392045,20.54045956656123,19.6397345836351,16.407647767083542,18.059353141393487,14.918802128203511,17.091235324218,11.571836648751205,12.27732999918108,10.448689176947628,5.01840708891251,0.07846437814434984,0.0024447688097365525,123.046875,jazz.00000.wav,jazz
-345.7682,146.9814,-0.49109605,22.638971,5.818591,10.342899,-0.17026818,-1.7211475,-6.119701,-0.5134584,1.0318326,1.2220972,-1.9446281,-5.553698,-4.4034724,-2.5995615,-5.1962686,-5.426081,-3.129261,-0.79394495,10120.886,1289.5781,521.8744,134.73058,96.75482,54.682842,53.75064,57.061775,46.97342,48.27808,52.074093,46.267048,64.425835,62.361248,53.61941,44.03114,43.21923,45.702713,52.52098,98.3097,0.3544138,0.3236208,0.32672545,0.2978436,0.36596563,0.5559316,0.37352985,0.27731833,0.23306806,0.25736478,0.23908205,0.3329978,0.09880451,0.082759425,0.075261906,0.07273302,0.06224817,0.14763047,0.07167483,0.07542079,0.047825478,0.06830167,0.052516352,0.10186322,17.99745781841852,15.142395219767451,19.427127929300514,20.34224074242765,20.89606380624775,19.720014448836608,17.346973834734367,16.763295215815795,13.24477111603369,18.71716727990176,21.9788513059099,19.838781324938005,18.202233634262342,10.649807185989253,0.0592777972619969,0.0010747168305646245,135.99917763157896,jazz.00001.wav,jazz
-257.01797,175.31583,-44.81547,25.663235,-4.2567415,-0.22128816,-11.323123,-9.186278,-4.099932,-8.300055,-22.553421,-7.608669,-7.6533217,-11.745615,-8.175761,-7.5016975,-12.297941,-6.7714224,-3.4978843,-8.646908,6375.6836,1216.3369,1082.9724,404.47272,234.995,112.56045,94.25272,73.76773,86.105576,106.36535,99.11311,71.12792,57.61143,80.39571,70.20234,39.935993,54.745285,45.721313,41.450504,73.43597,0.399221,0.32671276,0.22911689,0.1875138,0.12928127,0.23963031,0.20663738,0.188662,0.24314888,0.3114471,0.44166228,0.30849817,0.14264186,0.09937969,0.07038995,0.07563986,0.016151616,0.054913346,0.057834607,0.04734052,0.071549356,0.058612786,0.1458036,0.07413697,25.15344171541605,21.424457587916624,25.78748315913293,26.04727494962529,28.469447242796463,26.16269296255588,28.385440845213953,27.31473347396147,24.2072280969053,24.6060245964979,20.76780890037967,18.284744951881322,25.733918535507687,37.56955056014255,0.0578726659249226,0.0009275250950475177,107.666015625,jazz.00002.wav,jazz
-297.2327,193.09448,10.135854,-1.6042597,3.4037557,9.997605,-7.269057,4.6904345,-5.3988442,-2.866193,-10.235335,0.38492396,-4.966055,3.2423825,-4.478282,-1.8856791,-2.274639,3.8804512,0.3452829,-2.2132213,9863.068,874.3659,1127.6356,254.99666,145.81757,103.462845,144.37323,78.3825,88.35462,89.9453,51.063206,100.89778,72.71173,51.65897,41.19102,47.394253,54.654274,38.869095,50.082455,56.31494,0.22550642,0.32352132,0.4928218,0.23907518,0.2727351,0.35309148,0.4413612,0.21447682,0.283066,0.22312757,0.36950997,0.39408058,0.03149413,0.07388896,0.14781311,0.028914724,0.07269267,0.08599842,0.09999604,0.024406964,0.0892326,0.030852675,0.08734599,0.1064989,23.198759843251132,16.962863806258213,21.765543437043636,23.009995507634777,24.78139264111988,18.683914867912918,26.784781953863774,23.440033666474417,19.885786574596843,30.39304916390508,28.998313610580457,21.97124519579678,16.61460987047924,50.10865998780324,0.04467433303502322,0.00020851309035704632,123.046875,jazz.00003.wav,jazz
-270.312,137.55493,5.622032,42.5081,-7.9594116,9.935899,-6.8239927,8.244322,-6.1889544,5.4695625,-5.445732,-5.178623,-6.994632,-3.2311838,-2.0175722,4.4062123,1.99304,4.9886174,6.586949,-2.418629,2918.9827,545.5501,344.94742,220.23796,176.03232,103.75172,81.72637,55.444798,50.984394,52.84219,56.809193,82.39079,77.526436,78.798195,98.84288,162.90039,181.15993,162.40843,393.6765,473.5088,0.08927323,0.0778844,0.18287452,0.2720507,0.13224642,0.10065979,0.29442975,0.19611897,0.13526137,0.21241975,0.15579917,0.21222053,0.018929573,0.016958395,0.07370323,0.15365516,0.042076837,0.022603627,0.16266815,0.07896973,0.053900532,0.1328165,0.04370273,0.13838652,24.13440192373184,23.53330162017866,29.30825776893089,26.87414324063101,23.9210590337718,22.191538601323167,32.793615975860526,23.61249074187348,30.88133025955778,26.075767723790857,28.5196345231652,24.85980366893,23.444664940701475,14.844762196904993,0.04776879656056501,0.0005221403564984164,95.703125,jazz.00004.wav,jazz
-246.32089,120.20309,-0.9341648,30.689386,0.19115342,23.146517,0.42938477,9.172055,-0.57383287,5.7225223,-3.756935,4.231671,-0.27937397,7.446286,0.7113848,7.070838,0.8656312,0.9513321,1.7338496,-1.3477298,9182.386,770.9581,890.4764,202.1937,297.3,104.84388,168.91986,81.36481,153.28513,185.7899,131.93526,184.74965,207.68051,221.93204,261.22977,229.21986,405.8583,332.27777,193.1364,212.9583,0.30321017,0.16462699,0.16641924,0.25754145,0.18295856,0.22509721,0.17260899,0.22824836,0.40352392,0.28491342,0.2935147,0.2966693,0.11949905,0.055049784,0.057003684,0.104693554,0.060185697,0.116646685,0.04996585,0.075715356,0.15781382,0.07787052,0.12254253,0.102427445,22.418399300006033,16.04872568794065,25.353000723400733,26.13896584979548,24.805569198026397,21.77040306372699,34.089399366128156,34.530672974888226,21.827056311983462,43.24981541464147,43.272228007740786,30.14696223276162,22.812865717555667,38.84631060018721,0.057861328125,0.0009070046176851349,107.666015625,jazz.00005.wav,jazz
-234.3426,142.7224,-14.277185,51.92306,-8.200179,12.773935,-4.295218,12.082512,-13.723852,-1.5506785,-3.9817665,4.937514,-3.9372153,2.1901507,-6.6842165,-9.763288,-4.473258,-5.533499,-1.1700696,-1.1021105,6417.54,1388.9404,607.52155,372.1996,197.43912,126.38078,197.86053,119.18663,105.47197,66.83936,103.585526,65.80492,55.170883,56.40446,57.20462,56.50855,59.243652,105.0873,149.65175,132.99728,0.22274247,0.19612892,0.29508635,0.35025018,0.24953924,0.34643435,0.37203,0.20964353,0.20861687,0.21478803,0.3107569,0.32244566,0.057147283,0.03823305,0.10262484,0.11784232,0.060773812,0.10561626,0.14060584,0.056063153,0.075821005,0.06769606,0.10756368,0.1295415,23.25927303547489,20.842854409685874,22.650958286469628,23.820370890054207,23.08319903901496,21.870268497356456,33.678009446045586,23.034978899717935,26.29200692436473,28.313215033858306,25.41154534115141,28.81539922268067,32.16564410481621,38.827111836670454,0.04806244557856037,0.0006947855104588042,135.99917763157896,jazz.00006.wav,jazz
-291.9665,137.64107,2.6701064,35.637436,-12.310618,15.607241,-6.7985826,-2.8389623,-3.790433,-3.4771762,-1.7255417,10.397662,8.31119,5.228631,0.33438346,0.3818246,-1.4845998,-0.76417214,-6.311322,-5.534649,2542.2986,908.36975,588.0547,147.46097,120.61835,85.064156,93.776596,64.20072,62.876553,129.81502,176.4177,254.71411,197.5314,278.98495,426.52185,393.22427,187.92947,215.71039,230.95177,209.5758,0.24016543,0.2585409,0.16559519,0.26019225,0.17286855,0.278917,0.10984533,0.11427246,0.11191613,0.15232052,0.33525375,0.16641578,0.112534665,0.13247393,0.040862795,0.13936877,0.049467336,0.15437494,0.034179766,0.0504997,0.052513983,0.046018742,0.17174555,0.055187397,21.89592239771886,18.390098035073905,29.752186014345956,30.06130021762936,25.90051403052124,21.718980991347294,31.882201515550445,25.312485404908518,19.498294100615784,39.811649083890195,40.491820149409264,43.32730212278105,31.782324072801714,15.98688671417181,0.06483445300406347,0.0007074431021534451,99.38401442307692,jazz.00007.wav,jazz
-189.91695,134.41617,-25.677439,45.7453,8.189717,21.450272,-4.58438,14.390941,-12.660092,10.280643,-7.9415693,-1.1395625,-5.047989,2.4128122,-5.010759,-2.1543717,-4.2402406,1.8404958,-0.44336605,-4.7699075,3071.1958,522.7718,761.98004,122.384895,156.83713,99.663,125.026955,133.26631,87.139885,76.44724,69.53728,57.173557,49.798206,49.360447,39.275517,45.18583,62.687622,68.153046,75.3139,64.67938,0.3866611,0.3636674,0.35330024,0.3688734,0.3017611,0.3509576,0.3387244,0.3755775,0.3024707,0.31878835,0.45996708,0.36798775,0.11745544,0.090224184,0.09934838,0.12749255,0.06285448,0.10802893,0.08033903,0.09103602,0.05990629,0.067776516,0.116281696,0.071230404,25.44487294712874,18.890351785968875,19.531212685651518,20.780368976894955,21.388239303904076,20.680799408947642,35.71851790825738,23.764066113608003,26.797604315322427,20.523777021736866,18.364951127892752,21.071677483811975,14.326881867941713,12.906457786108634,0.04627485245743034,0.000664275162315685,107.666015625,jazz.00008.wav,jazz
-296.6781,172.37866,16.867044,18.952925,1.3671669,14.381316,0.9986541,9.520248,-7.4175553,3.5217025,-7.659343,-0.10418446,-7.962855,-3.1971016,-8.079399,-4.053981,-0.84452397,-3.868959,-2.821815,-6.9223995,1303.1963,402.29214,241.8369,103.833855,97.91225,85.961655,90.51577,62.91034,73.01257,48.998142,56.59469,58.633358,99.43539,103.49107,78.68496,91.09584,89.05467,65.64408,87.735695,63.07942,0.20209546,0.36766583,0.26153174,0.19760118,0.24140842,0.20279811,0.32658735,0.2781286,0.34834018,0.25823575,0.25906265,0.2593056,0.03468763,0.13976325,0.077113524,0.059010398,0.09892234,0.037952237,0.13744308,0.087529115,0.10830117,0.07653867,0.089165926,0.09631039,25.004806534802018,22.56865138968297,24.12267275473715,25.175188108387108,18.875730738302483,18.04830256517431,30.904741265187525,21.819248964514067,30.5504303126715,21.62707327235356,18.150119922309116,7.23005006701785,4.330444562599656,8.483532839944397,0.03169028456366099,0.00013670251765374243,112.34714673913044,jazz.00009.wav,jazz
-318.80017,162.65161,-16.45293,39.116074,31.457941,15.257577,-0.68912697,5.7950263,-8.640236,-4.0038757,1.3734984,0.09258098,-3.0869431,-1.5318716,-1.5808212,-4.881458,-4.259913,-1.2951262,-0.7533664,-4.4288716,11653.674,557.19073,2924.739,268.9419,199.51286,132.41531,85.66635,79.13971,174.94308,98.811676,49.2872,40.869473,47.059326,39.134964,42.11659,35.587227,29.560614,33.694736,35.2656,26.606237,0.26495302,0.26443213,0.43932945,0.380478,0.35836628,0.24609263,0.25516877,0.41831157,0.33473548,0.36422834,0.32547075,0.30569455,0.085689135,0.04682552,0.12827003,0.10435128,0.07925217,0.058300823,0.054872748,0.14954543,0.04726751,0.11766018,0.09373309,0.08534079,24.2504842737411,22.62534126457033,25.066727310412393,23.359889006319218,22.243644361560403,21.46321715358119,26.318970683610782,20.80852437623513,34.5809673218936,29.752029142065407,30.099469391918326,26.372173820991694,23.814995705078164,41.87047996130011,0.033065559694272446,0.000456392109747717,112.34714673913044,jazz.00010.wav,jazz
-192.5174,113.18369,-6.3730574,39.593094,-9.189579,17.204056,-19.1146,12.203582,-15.475888,9.702117,-10.9617405,12.922776,-7.292179,8.494464,-4.1659617,0.97554296,-7.1334233,1.1970457,-1.1769778,-1.2938061,1730.3615,307.9617,365.32443,79.88503,47.323963,49.8617,54.333073,41.12747,39.40875,34.44587,34.639282,47.183746,38.45408,31.9404,37.1483,60.32295,59.095867,54.225136,65.234695,67.69516,0.33651638,0.19617379,0.36921924,0.306762,0.20804204,0.36861217,0.2635551,0.35137013,0.26135808,0.38434377,0.33297884,0.22358014,0.111128576,0.02717001,0.12108796,0.09056742,0.03721736,0.12624505,0.049511306,0.12324368,0.06277869,0.113695964,0.10382459,0.043267444,19.04061081414232,15.182046692683755,21.241181164590284,21.837284214019864,22.10423217870551,19.13664724426489,37.86028531533628,28.964114862055727,13.05355768878552,24.491537599707417,23.948995814735877,23.87150324701651,12.395335595511934,4.453075621539987,0.07692054772155572,0.0007199169993189187,99.38401442307692,jazz.00011.wav,jazz
-253.22859,122.68326,-5.6540437,40.592518,-5.8463955,18.427742,-16.653336,14.598945,-15.162859,8.216918,-13.890627,8.28256,-7.312089,5.423102,-6.3090177,2.789326,-4.23507,0.5374837,-1.4851404,-2.5387597,2348.6333,361.562,520.9971,96.3069,65.80299,63.90776,49.55379,55.47225,40.644688,42.39035,39.613243,51.5751,34.744915,42.142628,44.239525,41.383183,31.44065,38.823704,37.975933,31.64073,0.44152883,0.31011328,0.3311427,0.35273892,0.28802335,0.3686658,0.3434182,0.38331226,0.41609216,0.37152022,0.4377097,0.32132134,0.09965156,0.06696897,0.06284217,0.09007762,0.046004806,0.083982065,0.080731876,0.08919461,0.10079377,0.06881307,0.117275946,0.05865922,17.715667628176472,15.501798759999009,20.02175512127972,20.863926544027503,20.935570803396438,18.995654876196678,34.993778825923464,20.4375337596382,14.72312098093681,16.858505840424417,16.352789995601007,16.941845558818486,8.566535104561158,5.41664956490443,0.06369991715847523,0.000469467709800542,112.34714673913044,jazz.00012.wav,jazz
-217.64452,112.63787,12.686546,39.541504,-9.824912,17.383015,-12.365174,20.71796,-18.302826,16.35581,-10.025548,9.036939,-6.8994865,7.310711,-4.7856507,8.571134,-2.774218,1.2789534,-0.36045945,0.347379,890.89777,138.5621,121.9785,61.091736,51.47497,51.437233,53.058758,80.49122,71.21116,51.526,59.089905,87.06589,75.68582,65.01497,86.05715,84.68919,80.866585,59.775578,60.709934,72.83969,0.31497672,0.2570979,0.2511087,0.24370281,0.26250565,0.2899635,0.30824074,0.387775,0.3697519,0.45272133,0.3869841,0.24792859,0.1081394,0.070768826,0.07115635,0.06597035,0.066826716,0.08391978,0.07457023,0.11371623,0.081811234,0.114742294,0.11640532,0.046176776,17.929847590988555,13.459593490271743,19.090941773268007,20.024593806302402,20.099754221248258,18.68205532493191,37.74017833162998,22.740717111866868,12.428347842334789,19.882961649618423,18.836496833636637,13.111498338406408,5.781126229880067,2.9846273553229334,0.061073326843072755,0.0003194176199430954,151.99908088235293,jazz.00013.wav,jazz
-358.30573,137.95895,-11.000713,20.85169,1.9473583,-3.4139953,-11.520309,-3.2774692,-11.020816,-8.386407,-7.478809,-1.0018492,-6.738014,2.3913643,-2.6258178,-0.2781389,-1.4365344,-1.682563,0.9089207,4.4359126,5182.2603,1002.2664,561.1706,345.21362,138.64136,131.1459,113.292015,63.924984,72.51444,49.92384,81.33187,71.53412,97.82228,156.08672,141.26949,175.72856,138.62573,148.23969,143.84851,178.25224,0.26834267,0.10610318,0.26274648,0.18161401,0.29181996,0.23073341,0.14048946,0.2139109,0.12753059,0.18805815,0.17053157,0.20236073,0.12258265,0.01405208,0.14202027,0.040065356,0.13840193,0.090663545,0.03939692,0.09911362,0.03014021,0.105709,0.062103372,0.093943626,16.567399208671855,21.14444675650217,27.25602124516643,26.398006969950487,25.058348269350397,22.893979897104355,27.842504955133922,18.74054112594249,24.146463260175814,35.647737036252636,23.41722140210986,28.755117022082228,24.812751981732866,38.02824172611552,0.06494254002999227,0.0011582291519372557,129.19921875,jazz.00014.wav,jazz
-200.01402,117.22407,-12.376733,39.106846,-6.360409,16.528856,-17.306795,13.629066,-17.661602,14.0300255,-10.206365,12.1770115,-6.719636,7.73678,-8.080099,2.6364028,-6.6478405,4.868258,0.7024584,0.46183488,1826.8862,327.3812,481.66388,95.02582,58.227535,57.85125,63.439907,50.745514,36.412823,51.385593,38.23966,46.89852,35.536995,44.939472,42.312332,58.357338,84.514565,97.0382,72.767914,80.53745,0.33882785,0.3030771,0.30818003,0.3821693,0.31481996,0.336625,0.3379771,0.37183148,0.40082338,0.36968058,0.30854917,0.22290798,0.09965149,0.08303799,0.08612933,0.10428599,0.07862382,0.089420706,0.08919709,0.099938706,0.10759802,0.09623839,0.09014721,0.04197366,18.73882696486827,14.550078315915108,19.93673071341562,20.712831725427826,21.16855587007162,19.137397195828363,37.21191496590318,25.998044734816872,14.44887758052353,20.131238333749153,21.566296784672303,19.50673123399929,9.171310430037968,4.015282307317547,0.07357060577109133,0.0006413519770113529,117.45383522727273,jazz.00015.wav,jazz
-259.8296,123.20836,-6.4112997,37.575974,-2.9846902,13.062033,-14.09377,5.3069134,-11.979528,3.5143046,-9.639545,5.3404865,-7.8407803,3.2650988,-0.5539108,2.8862455,-0.02954092,2.1029868,1.1109306,2.9338827,2788.9148,669.0639,366.05814,183.99881,82.2543,108.753654,86.150986,72.86675,75.66898,52.55684,53.18312,67.66803,60.31628,63.69647,124.73626,109.869095,113.67857,160.14719,136.92876,95.93918,0.29646012,0.19819354,0.23019107,0.2646154,0.19717735,0.26796228,0.2793977,0.20136265,0.2310727,0.21290745,0.23148535,0.38301045,0.090773545,0.0632707,0.0879733,0.08421856,0.05889502,0.10256712,0.09253013,0.053585164,0.09303224,0.07447195,0.07476648,0.14349869,18.135690936322636,18.431739126565997,25.699882241515297,26.016081606779704,24.39077004184718,20.64797181246962,34.244829589361956,21.666930876143212,21.773940404399664,24.426875594448564,25.42162524602952,27.9318531268744,26.709165956033498,13.637756293745763,0.06986427897639319,0.0012250565344714478,117.45383522727273,jazz.00016.wav,jazz
-233.09598,105.91776,-2.676614,37.433624,-8.178378,15.727415,-15.066482,8.377423,-16.38041,8.630883,-9.384078,7.093086,-5.9991117,1.992087,-5.7264166,-0.9412963,-6.9125576,-3.7720146,-1.6410496,-2.4500198,3331.5667,522.2473,394.16083,78.7012,60.646038,50.172935,73.027824,52.90649,76.01856,53.370132,47.19593,65.20981,67.32662,42.014523,54.38049,62.183556,62.903633,56.320686,52.541203,61.655247,0.23027705,0.24188511,0.26640698,0.3931653,0.26187944,0.29526013,0.28538162,0.27278793,0.37618345,0.58276796,0.6012668,0.33671474,0.039965138,0.060762282,0.0629343,0.11088326,0.052072678,0.08166187,0.06605964,0.05006458,0.07532779,0.13688041,0.13301563,0.062259816,18.61415910625927,14.600001413923819,18.100706557063596,18.631778757140452,18.827300960961676,17.9430619272099,36.3434411071511,28.394468540396844,13.150918849101073,26.856507771694858,24.593365888577466,24.544155820351975,10.087689105123111,6.309107659727538,0.08418656576528638,0.0016357148512270226,103.359375,jazz.00017.wav,jazz
-192.12538,105.58749,-26.031012,40.159424,-6.6549788,26.496704,-10.388105,18.469723,-13.995583,14.937352,-12.68688,9.585426,-5.1951475,7.8301735,-3.8694518,12.349874,-1.117487,-0.7776855,-2.981298,0.35809562,561.773,137.64944,211.45206,62.121796,37.87742,23.647398,31.885138,35.34384,27.517609,26.405325,25.019781,29.069252,38.15824,43.41875,47.092728,57.014072,47.74965,57.014717,55.757637,64.09547,0.36419103,0.23046152,0.33914942,0.2327486,0.3068994,0.38146198,0.41052777,0.53499305,0.40314433,0.37156966,0.29510486,0.37065038,0.11206468,0.044816207,0.09205792,0.038366396,0.07145263,0.09790458,0.07340776,0.12454684,0.08094171,0.085759684,0.07006046,0.08625262,19.806578811084766,16.93038848528227,19.83377235505635,20.41452279197667,21.13705365202475,18.87938506445361,37.57125038382098,26.287679395453996,17.08923236690677,18.771936420415944,14.175051603943636,10.433470973882557,3.495239888487625,2.1872619892300884,0.0877088422745743,0.0006718986041808969,103.359375,jazz.00018.wav,jazz
-267.28662,129.05225,-14.73706,41.26877,-1.0149713,22.953379,-8.132359,11.179749,-9.073575,11.318423,-5.499914,13.579102,-1.1755174,1.8777983,-2.711161,3.2768626,-1.5962929,0.26421046,-0.6178977,4.506901,1479.7587,458.32013,367.05017,131.44995,69.5105,50.035606,33.01842,41.972603,40.26219,38.58644,53.523182,81.65367,54.66677,75.73782,82.821205,87.614586,59.428356,83.08509,88.94629,137.10764,0.33172625,0.29713663,0.26131928,0.30312207,0.32838243,0.26577136,0.2551872,0.16913234,0.19893885,0.1885283,0.17556688,0.20149973,0.12705584,0.10421914,0.09181255,0.10680454,0.11746275,0.08521221,0.101236455,0.037794206,0.08065376,0.064023845,0.04295478,0.04959279,19.612070168090952,18.728537540380724,23.853346498391296,24.049161303118634,23.082636620990947,20.52772089497702,33.21341646179987,20.11344411717333,23.830500183184675,26.608528143282015,21.084326759863572,15.169151717160252,11.327955268093602,3.9428482881139857,0.05548416940789474,0.0003877104309651408,123.046875,jazz.00019.wav,jazz
-376.69403,119.16358,-2.9616613,48.50888,13.156193,21.244488,0.012301087,8.008127,-0.41269517,2.3665779,-0.03935629,0.89695203,1.6664363,-0.13889249,1.3513168,-0.17528975,1.9937044,2.7235878,1.7619061,0.44885135,3313.5913,392.28726,439.85382,92.69249,106.41435,83.69017,88.06621,53.06805,95.740456,49.68307,64.51267,37.057568,56.452084,74.92361,59.879173,81.01161,108.707985,93.18847,68.18393,84.802635,0.25570828,0.24410398,0.23445609,0.23534296,0.29734057,0.28801188,0.30924553,0.33127362,0.36345363,0.3872833,0.27592054,0.2498607,0.097845145,0.08645249,0.09324494,0.08005124,0.099561214,0.102606215,0.10360675,0.12132665,0.11190871,0.14731981,0.09199277,0.082292974,19.693601123265747,20.18277378825406,23.058053067747334,18.979096712763944,18.283529763696926,16.684797579728315,28.33377485613668,22.101538541990216,32.52148011326151,42.30515391304314,31.451866530353055,22.576174317062712,11.807881993174897,8.240562536631371,0.03297183388157895,0.0005081951258837914,107.666015625,jazz.00020.wav,jazz
-174.70403,75.89945,-12.7928505,52.606617,-29.416119,22.748615,-22.366758,18.633335,-24.704725,21.168024,-13.802683,13.009406,-7.8598876,8.022094,-5.9713917,9.527811,-6.0026174,2.3379805,-3.3587654,2.5073993,1374.3539,681.3385,273.63974,69.54606,58.77225,46.988823,56.165977,31.109695,45.700977,41.755993,27.29276,32.036884,26.142895,39.813644,49.566654,52.458374,44.134445,57.12757,68.45064,58.625072,0.32443967,0.35753867,0.39707357,0.39641654,0.4446243,0.55483633,0.49084988,0.39867616,0.45839882,0.51491916,0.502716,0.35416,0.05665675,0.07325299,0.07657657,0.07571422,0.080332145,0.10458082,0.091469824,0.07849591,0.086514875,0.09669135,0.09933578,0.06681433,18.721319633072707,13.173633664029637,16.681618896644817,17.273484955820265,19.07660913206929,18.29798970299204,41.684504508029484,21.869730352436637,13.22830230982841,16.97396219088413,14.774942530960686,7.752809261572048,3.569132574705989,8.444066958035739,0.1813991298616486,0.00739786148109567,123.046875,jazz.00021.wav,jazz
-298.80795,112.078224,6.48577,28.386517,-6.7646794,16.651894,-11.809684,12.746783,-8.347038,13.898632,-4.235764,2.319571,-4.326794,1.4079038,0.71406543,13.479482,9.4194145,6.914652,7.877784,-1.7827401,1552.7024,390.59634,321.1337,105.83435,101.08612,61.89068,82.09221,48.89714,47.38748,64.2926,111.963135,126.48258,120.94676,112.68597,140.36119,190.38608,199.39731,223.93747,185.31468,153.7497,0.1177016,0.1339354,0.22052906,0.18848361,0.16821219,0.1932665,0.12993024,0.20379294,0.3644583,0.2875999,0.22451787,0.18576144,0.04602409,0.047299143,0.10428587,0.06335825,0.04442364,0.09976505,0.044951238,0.090113156,0.14230439,0.108110316,0.106757104,0.09430498,19.672426740080244,20.52322375798551,26.07913417222511,25.747170250265007,23.402406910338545,19.54048754246486,34.61395939963262,24.53713286049957,32.62484571010926,31.518909852899483,25.58140948140754,17.598176854094127,7.331262747236526,6.0320456388087935,0.05122229041698916,0.0006293130191019719,129.19921875,jazz.00022.wav,jazz
-188.10991,98.63331,-11.278645,47.21775,-20.33315,18.785868,-15.794505,13.689795,-15.45581,17.430904,1.0143802,18.283552,4.647218,9.836632,-5.497139,2.1267319,-6.255142,-3.4161563,-2.9926603,2.2102191,1628.8549,540.25366,175.01521,88.470604,64.4834,34.424316,50.544914,49.842957,59.949776,62.459812,96.010704,98.20623,117.01207,174.91649,128.60355,77.87494,65.21501,41.594357,83.669846,119.17551,0.19681023,0.38502407,0.22199138,0.3570892,0.2560227,0.3122833,0.17760561,0.16201593,0.18621641,0.14255059,0.10448781,0.1472537,0.044538945,0.17683764,0.044655714,0.16643521,0.076376185,0.15296325,0.05511601,0.06883085,0.085704245,0.053566728,0.024135806,0.06794686,20.463114917974448,13.160341202811017,22.61350276873181,22.677404711432455,23.59414612569088,20.04988888703524,38.71700878320565,22.597711811714184,12.055509855850524,31.58639587755002,26.15050902443936,18.14357183023777,9.652477497449865,7.118481005282651,0.08007358988003097,0.0009261934175109146,161.4990234375,jazz.00023.wav,jazz
-202.60838,105.84573,-20.537838,43.89796,-14.2723465,25.29954,-15.592006,15.311661,-13.294727,12.276098,-8.764146,10.158417,-1.868105,6.1886616,0.21987693,8.036412,-3.1621916,-0.4541885,-3.5693424,0.7220391,3005.409,677.9739,526.3422,171.30632,87.06135,49.26091,68.69837,61.81909,58.911037,62.02445,64.354256,59.670933,65.02511,71.44095,87.23531,111.31324,63.190777,85.06058,69.33709,66.57538,0.35932323,0.3115313,0.35526842,0.42462125,0.35289156,0.30581906,0.29102936,0.3358404,0.34522337,0.3599013,0.34884843,0.40010723,0.08250993,0.077197045,0.08290158,0.12210741,0.09375169,0.083605364,0.071805686,0.102739684,0.10206144,0.11774196,0.086280175,0.098669864,19.527220368401334,14.61785853473419,19.301750572806636,20.015610558304907,20.614506792629385,18.38182800075802,37.22348422589816,25.6366260829218,19.247419910322243,24.726692059405018,22.807585162731463,15.033126732481191,7.720291877682196,9.170522960279119,0.0932473575367647,0.0026021001660700076,103.359375,jazz.00024.wav,jazz
-237.66241,108.30336,2.039982,41.773727,-10.451949,16.930843,-8.600079,12.78567,-9.114532,15.938528,-6.518535,7.1738243,-8.2532625,-0.20715974,-8.692222,-2.2442803,-4.727633,-3.5138726,1.4635623,2.4141126,3503.277,384.19702,412.37027,142.39255,105.722145,57.545555,49.763775,48.181896,56.78123,95.2172,94.26,99.40905,105.259964,100.13668,96.89821,69.92523,49.51654,106.603615,160.25398,172.71533,0.23180753,0.22485068,0.21019268,0.30764136,0.21850936,0.24292167,0.4777455,0.31949666,0.2852667,0.2583391,0.2464776,0.19039811,0.09956481,0.07097084,0.07390279,0.14193527,0.070819244,0.060930938,0.16214788,0.088866286,0.11107034,0.09813604,0.08836548,0.061770365,23.119779696076577,16.796496190538736,20.777474634162775,21.435378876132386,20.220346898405744,18.94973956931724,36.36754777058213,29.30250499725269,22.748465143609664,37.94338719009043,37.92081536216827,22.47532743932162,8.709909344153772,7.599678440856005,0.0636243318256579,0.0007363311777640111,103.359375,jazz.00025.wav,jazz
-414.14978,104.84414,-7.8215127,37.875397,0.21377838,23.427855,-7.2741003,5.7665963,-1.0599748,8.498607,-5.4900293,0.89405924,-1.4638131,7.720704,1.2548677,6.03524,5.2437243,2.4281998,7.604022,9.802248,4339.813,1121.82,913.7328,174.1793,223.60515,133.09023,94.66003,94.98647,86.82013,51.753567,49.666718,49.795437,89.27328,103.09629,246.08362,379.06616,286.90625,218.2183,299.95615,505.7795,0.16415308,0.21906103,0.11628132,0.13595392,0.35995728,0.30834982,0.13345818,0.14451352,0.22780319,0.2878152,0.19702674,0.12797606,0.061268803,0.12673753,0.043852877,0.03622545,0.15828261,0.122003846,0.033504978,0.07036748,0.12507476,0.15240881,0.096833706,0.046622127,24.017411520702364,24.981894372554223,28.43052517951809,26.170270133577233,24.51984583618415,20.44969739995945,28.76891498199449,25.919417344782353,70.76086500849836,49.418599229978774,46.33982644676119,31.43923257299749,20.15468214344138,9.853829949096983,0.05863569985971362,0.002949224438021849,123.046875,jazz.00026.wav,jazz
-262.1244,108.98235,-6.3325515,55.18974,-10.662288,18.535446,-4.2509165,18.561224,-19.706917,17.57483,-10.982369,11.932401,-3.4279113,7.197286,-8.854767,4.9730906,-4.0530725,-0.11804511,-0.819828,-0.60216665,1960.7887,228.0527,404.3972,56.47753,54.931805,56.327797,41.288185,29.63133,67.74644,32.96765,34.926773,33.65782,38.734436,39.678253,39.63244,37.9609,66.44172,109.00477,105.3068,80.63203,0.27664256,0.2954319,0.31064442,0.3145025,0.2868855,0.34271902,0.40072206,0.47879022,0.40065625,0.3021541,0.2734684,0.22085486,0.09181656,0.08513072,0.0808974,0.093220614,0.073136434,0.10077241,0.09532899,0.13559711,0.11039603,0.06864946,0.09026437,0.06280112,19.44591542661565,15.997886941777749,19.473922554503837,19.795059438761207,19.05392417332427,20.72179797854436,35.29161608041974,30.136761747822174,16.966747382220827,26.885752656573324,25.133167850216353,17.930040899182117,20.496024622403397,5.693746105639454,0.0626534382256192,0.0006741105251557052,143.5546875,jazz.00027.wav,jazz
-233.75851,108.46989,-10.714609,38.69959,-10.764275,14.162392,-16.258524,10.3716345,-20.816319,10.0704975,-12.024098,7.7657723,-12.021538,3.3820167,-6.3585634,3.9780886,-1.2818811,-3.8250744,-6.228565,-4.948927,2072.6514,258.5696,457.75735,148.50851,56.614655,78.186554,38.425743,34.52144,34.51539,38.919662,54.974476,56.680595,61.822514,62.87477,105.68438,114.440575,96.066574,117.13383,112.95033,96.22018,0.22318268,0.2189491,0.2301045,0.27706346,0.27300137,0.2935788,0.23952016,0.3018955,0.3239775,0.3029642,0.3399029,0.29317674,0.068196304,0.08108553,0.071550936,0.07684797,0.08270039,0.09068943,0.05607499,0.1021514,0.10852121,0.08607939,0.113560736,0.09519221,23.37432369405399,16.290816360025637,21.098683614930618,21.938518104169663,21.53465764236917,19.889693362492583,36.78954114557511,23.27818286233365,18.70314213419378,22.66492230532259,24.518516146835925,20.505468265489334,12.242078922204701,5.335788559428061,0.07490468689531733,0.0005660760679938251,99.38401442307692,jazz.00028.wav,jazz
-232.99846,93.82679,-16.198397,49.57395,-13.947246,13.494128,-11.8284,13.29052,-25.828712,17.37681,-13.317585,9.2779255,-5.4937844,1.9250959,-14.404328,2.5919952,-11.481819,-1.229681,-5.2042394,-3.8765178,1297.8762,334.68387,273.00168,101.44011,86.061745,69.65673,45.403786,34.184685,45.63935,32.7193,24.503164,36.571083,45.497913,50.89935,48.02107,39.296913,48.95449,84.04882,71.68576,75.171745,0.31075355,0.3978491,0.36900756,0.39560398,0.31151587,0.28715992,0.29551265,0.26081145,0.27653483,0.24234901,0.24056442,0.26441377,0.08541275,0.11885089,0.090989,0.11482636,0.08419795,0.07861482,0.09225978,0.079978794,0.08874297,0.06768241,0.06760969,0.09215277,21.15624002775164,16.479209745337407,20.015163221009065,19.985118794868928,19.420852228495608,21.058485579536207,37.00044451296824,33.081319429763646,18.013295106367526,24.265466860138666,19.860111076855784,12.59488097441197,11.161048155699838,4.153611153478675,0.09940416082140092,0.001020455653582507,112.34714673913044,jazz.00029.wav,jazz
-318.9286,115.70397,-23.042326,52.599457,-12.819439,14.633502,-8.213702,0.30774957,-23.876354,10.8421955,-9.591384,7.4833236,-4.2422366,2.9921114,-4.3991046,-1.0453871,-5.3950353,-5.510678,-6.970526,-1.7180657,2520.564,845.6579,543.9164,163.57263,144.22464,68.542404,69.7516,59.502068,83.01296,68.713936,60.61784,87.52588,86.29526,75.47512,107.02518,93.79334,138.24292,102.3832,59.75153,105.293335,0.21473984,0.25524458,0.2632057,0.21948153,0.30161792,0.21659745,0.14789698,0.12613736,0.22523695,0.34901318,0.28899744,0.21235794,0.08991562,0.09791664,0.10976592,0.074265,0.12425258,0.07249358,0.042665236,0.03292896,0.06990763,0.1383061,0.104657345,0.075233534,23.963683116742978,19.858770480127355,23.838037512851283,22.553495749394997,22.95603512861648,24.391418716099103,32.627436766479526,34.562764010631604,26.384602846725787,34.58712236177113,26.719836848539693,26.441970074972623,27.04651504456449,17.868582442647917,0.0846627533620356,0.002838884561165313,117.45383522727273,jazz.00030.wav,jazz
-237.4993,115.943375,-15.457233,47.112404,-13.510732,18.199331,-13.97124,15.334493,-17.535894,13.420798,-6.230585,8.634658,-7.2484007,4.782135,-4.3985643,4.5109816,-4.2662787,2.329211,-9.923247,-4.3256035,1572.4135,288.6469,460.28735,84.61207,44.542297,41.463306,39.037674,26.749128,29.585073,28.662394,41.201855,58.966427,40.398655,47.29614,58.335854,114.36155,82.675255,88.210106,110.769455,81.98348,0.23471312,0.22108212,0.26776725,0.31443003,0.29036385,0.31549442,0.31207743,0.34224287,0.3297232,0.4005475,0.42864707,0.27538455,0.076332994,0.07123769,0.07577528,0.09981935,0.09025048,0.07917539,0.08539672,0.10021198,0.08496972,0.11286042,0.13150303,0.075732715,20.265330374118644,14.54305887073121,19.37414562084656,20.765240322857423,20.761273634060295,19.33273327729365,35.19648881013835,15.844370759929186,12.471179649961142,24.066873681847493,24.286459449155206,23.333634449581112,11.80611037905003,4.60453463648531,0.07241415017898607,0.000900760423552204,112.34714673913044,jazz.00031.wav,jazz
-305.4945,121.9265,2.594776,36.92105,-8.559168,17.905397,-9.27087,10.555924,-9.937912,2.3099346,-12.68508,0.30534202,-8.61895,2.5933342,-6.9699116,-2.92246,-4.6507387,-3.2466342,-4.4511476,-3.9681137,3650.1804,737.96027,187.36574,85.18102,76.8304,70.20917,72.698,55.516968,61.390312,54.60051,69.83582,42.862263,93.40068,70.86191,117.18046,100.00903,105.195885,125.73036,137.3737,95.107895,0.24622034,0.24310984,0.30632052,0.2292963,0.27062812,0.26419523,0.35523242,0.3766192,0.3082163,0.2981975,0.22269876,0.24858771,0.09441649,0.06682835,0.11810486,0.058213864,0.10272065,0.081958584,0.124054514,0.12972347,0.10626564,0.105346665,0.07589689,0.10303815,22.024837204610677,15.930816539887424,19.96534556782573,21.31851036306164,17.957685207855693,16.043933462795124,31.839817796306964,28.970953715702834,24.06370743352376,37.06383574281881,38.63793673614703,23.39355698516439,6.933654838235614,10.153503312176595,0.06140930364744582,0.0011623030123453632,129.19921875,jazz.00032.wav,jazz
-261.7981,139.52618,-17.128895,49.894917,-5.868644,19.853361,1.8584791,5.7186427,-7.8311825,-0.41735038,-1.2528473,-2.1903841,4.465002,-0.31179246,0.11012429,-0.27918017,1.9837531,-2.6391046,-1.1543753,-5.369062,4908.104,433.85226,374.13608,116.43942,241.40471,37.1423,126.50893,48.83478,94.55499,34.75732,46.123028,28.116018,24.381542,28.104404,27.111944,26.314325,33.85905,32.569298,38.257862,69.44232,0.24670328,0.27673817,0.25797737,0.28678647,0.24083416,0.22654362,0.2301754,0.23049544,0.31154957,0.36813873,0.35685694,0.2554509,0.094825804,0.1032982,0.101322874,0.10829427,0.07971714,0.07912671,0.08837816,0.06346268,0.10729868,0.12348968,0.12025656,0.07508336,16.989746012141147,20.404095342315117,22.21922912352653,20.485410466784263,17.643165319320705,17.880589984848612,31.934909863841696,18.938425918717122,30.258300574533454,27.866002824616466,27.574491102570978,17.36608654351632,8.168496120092962,16.060476696982644,0.042349706124226005,0.0004177627439021465,95.703125,jazz.00033.wav,jazz
-146.41248,118.20678,-34.67274,58.787296,-14.969062,34.30445,-6.6033545,13.900938,-14.645583,9.200514,-11.337798,1.097487,-5.5033083,-0.14809217,-2.189994,-2.719624,1.1250764,-5.595059,-2.7608356,-7.1366487,2848.4854,634.3976,394.94284,130.65562,69.56571,53.744957,60.146225,45.29795,76.04202,71.18288,74.79548,82.64697,78.93052,95.38209,84.25723,91.243835,99.81908,85.85934,100.01785,134.70448,0.25856742,0.16914475,0.22412065,0.41252184,0.3530093,0.46546212,0.28733242,0.3271305,0.44172934,0.28502443,0.29308328,0.22319409,0.08018539,0.0472464,0.05305357,0.12522483,0.07529462,0.15039182,0.0558213,0.07904377,0.12584953,0.0510965,0.09152561,0.050316233,16.946111991264118,17.373500223140805,21.20972863726837,21.596567658180707,21.40024216831371,20.55808984392948,39.72497908702292,20.333058846256506,20.278102415448473,20.989142896424823,22.341472499177122,22.054143504836432,18.470463970745275,13.82726189228061,0.07934494727167182,0.0022522589364849053,99.38401442307692,jazz.00034.wav,jazz
-261.8773,182.53572,-16.907091,49.871548,-1.2144475,6.345548,6.002386,-8.87311,-10.31628,-3.2050645,-5.3718143,-3.5495334,-2.8916366,-7.471893,-0.5367146,1.1297972,-1.982169,-5.232583,-1.8658419,-3.5023198,2607.068,459.28445,651.8418,228.54579,91.08159,67.63302,71.155945,55.39915,56.9537,61.18288,52.70448,33.234035,39.047245,38.57236,29.009775,43.19644,35.759743,64.9435,42.81255,53.95571,0.40271664,0.23682132,0.32325774,0.20814365,0.2742284,0.20411594,0.18807179,0.23564899,0.19331513,0.3000732,0.25738838,0.35070515,0.14224304,0.053303067,0.1473122,0.040078755,0.09837072,0.065753035,0.04822422,0.087204106,0.04703246,0.11412819,0.0689761,0.116514824,16.88674005156693,19.925144208591025,23.80737885954218,22.619304523327543,21.592084996201258,22.489957215387918,27.960234550396763,16.058979371957435,24.235855516005692,18.41046705131842,12.230333757949655,14.19023917871003,19.395447675344688,8.424061545486696,0.03772993058243034,0.00013216678309339375,123.046875,jazz.00035.wav,jazz
-196.84306,152.79964,-36.910046,41.80352,-8.709019,4.415908,-11.570121,1.4324355,-14.735855,0.46832043,-10.17039,-6.9220095,-6.25243,-3.7121272,-4.5659947,-6.4165106,-2.9002306,-4.85339,-5.8741407,-9.119883,2866.2903,804.4122,638.39124,277.48157,114.45434,69.00911,70.97098,51.593727,53.312645,54.484383,91.289185,50.452026,55.64886,57.537395,51.089138,55.993855,67.08898,60.716694,104.05211,101.53263,0.3090639,0.32353315,0.44780657,0.24302194,0.27465108,0.39715737,0.20410407,0.305834,0.24810994,0.3796794,0.49017996,0.24527486,0.093021914,0.0733007,0.11540591,0.052054085,0.051810753,0.10247171,0.030532457,0.110363394,0.057542093,0.08722418,0.13354892,0.041722517,16.934423439016584,13.136754853707913,18.347870604092954,20.485054152179934,22.08630188684034,21.88916397910463,33.21284134773507,18.634037380627202,10.499674512370168,14.598244926278365,14.158368860758268,21.520107242119085,14.93667241186022,18.336572456269923,0.09955948868034056,0.0031948968932229834,123.046875,jazz.00036.wav,jazz
-198.46254,140.68542,-18.416391,30.510448,-6.7052684,15.720156,-0.73312247,7.2968297,-6.5850825,6.07465,-5.1329575,3.4482963,-2.8441162,7.178578,-0.3125017,-2.0180283,3.128348,0.86733526,1.5159483,-0.23433022,2131.8699,438.98413,448.3655,225.49342,77.938385,79.96393,62.002594,65.10843,61.600365,62.450665,48.381294,52.524513,67.734825,61.613293,70.76501,90.41781,89.0738,87.92934,116.05142,161.41101,0.24365048,0.2690871,0.27061555,0.28427643,0.25443527,0.41850036,0.28908142,0.3245777,0.27394998,0.2498437,0.2991261,0.24223198,0.06216987,0.10309211,0.082537614,0.1043323,0.062873915,0.14057465,0.070121355,0.12866008,0.079791375,0.07723726,0.10921567,0.060275465,19.817792841401385,19.07116228021478,22.863453701917773,23.218817877266826,20.486633708386865,17.58880617981328,33.91275509383636,16.01098615206403,21.166397346008534,21.13307498493677,18.306310227441006,14.073695611525565,7.530016273295646,8.786458740996201,0.05151291602167183,0.0004152068776065766,95.703125,jazz.00037.wav,jazz
-179.59479,124.327644,-29.741776,45.383682,-10.188967,17.7808,-8.81768,12.764227,-10.756725,8.615612,-12.390897,3.3914454,-12.018151,6.511954,-9.865381,-2.8092818,-5.114865,-1.1965954,-1.8772842,-5.6373334,2775.4783,301.08624,532.024,248.1176,84.9247,74.90933,48.392673,61.145412,48.689316,44.262833,41.71405,47.522373,42.4072,75.340294,53.293484,39.267754,52.76935,54.010895,45.86074,50.44837,0.3926349,0.23979102,0.17702222,0.1674308,0.24600986,0.35891387,0.25528413,0.36165616,0.3394676,0.25221384,0.3143653,0.3225322,0.14254314,0.07169526,0.034472488,0.039887417,0.072847754,0.12704818,0.060404826,0.10881343,0.094976336,0.061567027,0.121580966,0.064703315,19.679510001423562,20.406517759941412,23.029971276072835,22.335246884699078,20.884104407928756,19.264185210674494,36.329491968780346,14.034051994541032,21.704836009908757,21.643515884566195,19.48272222948645,20.016822053851417,11.29725184967032,10.581698937698604,0.0664005811000387,0.000564945523925498,151.99908088235293,jazz.00038.wav,jazz
-237.23965,146.8258,-24.444063,64.27367,-10.8339815,3.2591314,-1.3375037,2.7255344,5.168943,0.397741,9.61138,2.5067873,3.1193676,7.759573,-1.5198307,1.7340521,0.76727444,-2.4550922,4.009995,-2.002492,5120.836,240.80737,550.2336,197.90211,330.4464,147.72194,211.71548,176.68794,79.28931,113.29008,136.75513,155.5076,94.1149,74.53472,112.94478,95.244576,92.732056,95.34543,76.894516,91.16084,0.2855696,0.23481496,0.18871254,0.2758998,0.24777299,0.32720473,0.20217068,0.22341709,0.30300397,0.21521433,0.24300934,0.2253839,0.11622164,0.08601512,0.054866057,0.1196721,0.06887992,0.13171943,0.05466653,0.07134767,0.12006225,0.062764585,0.10169561,0.07494645,15.66030989392892,14.544323077218396,21.578872809426656,20.30521672174256,21.850459159302392,21.35013366978515,30.07657242374817,24.5885364625671,21.19651072183354,31.224236396071976,32.94549065257004,28.709882595537096,10.148244454086825,12.234107430813225,0.0765237247242647,0.0011421789200964617,99.38401442307692,jazz.00039.wav,jazz
-179.7903,147.7629,-20.479698,58.623974,-23.80918,2.4678257,-3.195293,-9.301368,-5.7592354,-0.42645618,-8.36673,3.102465,-6.851183,-4.383366,-1.1809789,-4.269698,-0.5557314,-3.5810244,1.5018764,-0.60820794,1255.6859,615.11224,507.32034,388.02713,175.36209,181.1028,129.84686,87.68149,74.36332,79.32629,65.712585,77.26916,71.0953,61.34773,54.984543,53.333084,61.698505,109.17098,155.81076,166.7593,0.34821588,0.27661178,0.15278916,0.19416997,0.16647309,0.19588487,0.22390653,0.2745913,0.3315408,0.23175712,0.20326713,0.24084307,0.13875276,0.09939442,0.047688134,0.07745515,0.057360344,0.09095004,0.088509426,0.10963866,0.13480477,0.08594876,0.0861806,0.08686847,14.25422406325398,19.184078680752556,23.580598938214763,21.57997945881501,19.76019468432594,21.736483263469925,33.25917835577835,14.390325786427486,19.36396228589004,19.310787267644717,17.38762592405895,18.253825387127723,12.777038553591781,10.873405548451535,0.0548605904121517,0.0006020053702542746,103.359375,jazz.00040.wav,jazz
-216.31119,134.98279,-35.480675,61.595497,-14.545805,11.04617,1.209309,10.962498,-8.294633,-1.4437149,0.12248735,8.281558,-4.5786414,0.567787,-6.1023593,0.20412967,-0.59292084,-5.035705,-1.2523043,-7.2209473,7651.11,383.9136,867.858,153.47015,218.109,94.93519,73.85933,100.97503,106.67751,113.86039,111.30406,151.27531,111.83185,143.66791,100.0468,81.49409,77.3075,87.92289,121.28725,148.43391,0.3291902,0.20788424,0.35664397,0.4525992,0.3068886,0.29616037,0.23874855,0.3469307,0.22178933,0.262383,0.4028032,0.2767229,0.11328446,0.037238844,0.09806808,0.13197057,0.07557084,0.10166056,0.05270851,0.11664187,0.04713953,0.054725524,0.12833044,0.05694359,15.399759528083411,15.516776588996636,20.035310162367526,22.705775066328506,23.027793142119698,22.400614140987404,32.564470404360335,14.697665260467774,16.254064596858484,22.288957493452436,24.47451215331882,30.15169042118215,15.385250590083022,15.738572701287195,0.10063091077302631,0.002148684709705746,95.703125,jazz.00041.wav,jazz
-206.78493,141.83739,-13.811613,49.346706,-24.811642,11.820209,-12.791096,-16.55724,-8.389539,-1.2063178,-7.6506824,-1.3711842,-9.346774,-7.500101,-2.865562,-6.141148,-0.94135696,-1.3060673,-2.2506692,-3.284735,4669.8184,532.3006,530.75507,160.32977,204.21408,117.0886,98.35493,94.62963,64.44765,44.05254,49.269646,30.658863,51.08115,50.8149,46.597603,58.605637,68.6161,64.20486,97.11274,100.9078,0.2350709,0.18797922,0.27197772,0.28433493,0.27638417,0.37441638,0.3088235,0.32860526,0.20368864,0.27877614,0.35334367,0.3198893,0.091469936,0.049670156,0.09327388,0.08133039,0.06772234,0.12299953,0.07877708,0.11891869,0.052177075,0.09012997,0.1110043,0.09615744,15.861182032375039,18.295989264239097,22.27210828394347,22.078089613602117,21.138965978037515,20.885274713518804,33.73628597007989,17.122036213354637,18.123975888063466,20.46940100224961,19.8432136647792,18.5360001134857,20.930842829727617,20.075083215991445,0.06121202592879257,0.0008593156383466029,129.19921875,jazz.00042.wav,jazz
-173.28468,111.695885,-35.922306,45.8553,-11.438427,19.691587,-8.049166,17.94719,-8.94971,14.695819,-10.342502,4.670976,-11.798712,3.2452495,-7.9869556,0.087449916,-3.5760608,-0.4394751,-2.1039734,-4.893587,2996.3506,465.33707,525.6316,208.1561,82.49646,106.96633,89.47789,90.454796,219.19604,96.47661,81.30476,104.04958,88.40322,88.00467,75.47049,46.665703,67.280945,138.55385,137.99017,131.15326,0.29111412,0.21478587,0.25803393,0.24794693,0.27045754,0.21117432,0.22221419,0.37750658,0.25162974,0.32002962,0.18793556,0.1925693,0.13249443,0.054838333,0.10264122,0.082253136,0.10545755,0.06783717,0.057474356,0.14362423,0.050626826,0.13262065,0.04777105,0.055159643,19.09492303223914,18.88006823709213,22.016817112706125,25.015054834816,22.109825240654644,20.534003269167748,37.33535955009185,21.60092276581548,27.06470269458039,31.29578639074748,31.371505404058507,24.037133892814516,19.560105232648308,11.256292811975225,0.08566917206849846,0.0008314939899196127,151.99908088235293,jazz.00043.wav,jazz
-246.97653,167.98892,-19.801535,22.009905,-0.7347984,15.093262,-1.2836858,4.7284274,-2.0619886,6.532096,-1.3844994,5.6376348,-0.28600574,5.652524,3.1969109,1.862163,7.0115137,5.044913,2.4658363,-0.89810926,3603.8982,793.8103,624.0052,203.8705,137.33456,101.80667,91.093796,94.72129,78.459755,64.30965,65.39863,84.67837,111.11638,84.593445,79.3175,134.27509,148.38205,149.09032,128.58865,163.75488,0.2509288,0.250449,0.43361247,0.33413145,0.3279789,0.26133856,0.18314871,0.27993822,0.227629,0.29744083,0.26787242,0.20501478,0.08156612,0.06164682,0.14310534,0.0878831,0.10517036,0.0927212,0.0466435,0.118803136,0.057724133,0.10666806,0.08876385,0.038317014,20.96700758982818,18.334960110477862,23.147058843751132,23.512718530766595,23.51656537187286,19.87588139517816,30.768947148028854,13.103734224431665,21.719000702482514,20.79565814890601,18.747255834607625,15.584228242905464,14.707712329341382,22.261021671272303,0.04966409878095975,0.0005500178019035097,103.359375,jazz.00044.wav,jazz
-231.32324,174.37616,-19.74984,47.375023,-1.976767,6.666589,-1.1248577,-5.499825,-13.732546,-3.6929958,-6.315067,-1.5051619,-2.6337109,-7.269516,-2.3065696,1.0365752,-1.1124694,-8.569705,-4.047513,-3.9144945,2869.4072,365.42645,537.9946,143.89713,71.89038,51.039173,64.36458,39.06103,58.80166,45.861206,49.64973,32.427433,33.28315,35.310146,35.748085,62.507874,42.710785,57.310287,42.902542,50.158253,0.37892157,0.2854687,0.19929644,0.25644776,0.26832792,0.21247132,0.17813288,0.35595548,0.3408002,0.26832744,0.29494786,0.30477217,0.11459591,0.094000444,0.055383995,0.07856337,0.08316728,0.06717324,0.03708417,0.13287076,0.1204922,0.080746524,0.11693321,0.09567192,17.007204987051576,19.947765446642553,23.536464340228633,22.231804959591248,21.69783547457202,21.021293495176074,29.924343178426042,17.76250818017579,19.336902015793125,15.356888468064511,15.515398841822407,14.371467310687573,12.00195597578623,7.309179106954176,0.04262597051567337,0.00021115070429523702,123.046875,jazz.00045.wav,jazz
-204.23213,147.5966,-25.218628,49.35425,-15.650294,2.7000427,-7.8495536,-10.64235,-4.7988915,-3.6669722,-3.5059485,1.5687526,1.4722061,-2.7254918,-0.2792369,-2.2208846,1.5168805,-1.0502743,-1.7688463,-2.4751627,4037.6084,253.88791,516.4058,116.27738,150.61063,167.62637,89.538025,60.1789,79.79101,74.57037,57.485657,54.717926,105.220276,92.84462,112.4271,116.330215,63.233868,67.538086,73.602264,72.706985,0.25839144,0.19220315,0.19226302,0.35020038,0.22320867,0.2714517,0.24859434,0.25449175,0.2189254,0.1958061,0.35057613,0.24655107,0.09584525,0.06574519,0.04986642,0.14890702,0.05661823,0.11237079,0.08572793,0.098987594,0.086629204,0.049652148,0.13893762,0.063746214,15.917136535952176,15.74661466406421,21.35666815449265,19.56884960048747,21.254365686605375,21.076250349770632,32.14403488564706,15.93159059038693,19.31866603323648,31.156818464700674,15.010848612621556,24.46366467087111,15.456354502532983,11.158194490370136,0.058650061072948914,0.0004181027442979863,107.666015625,jazz.00046.wav,jazz
-201.8075,109.284294,-15.505195,44.283955,-11.047105,18.851799,-11.312692,18.409912,-18.911566,11.226409,-11.899514,6.9697394,-11.650191,7.0859737,-9.120557,9.888988,-5.6546845,-3.3240476,-5.4509797,-0.30501264,2151.2402,517.8487,188.15105,74.904015,58.845474,50.68432,54.300438,39.140118,37.330036,42.532104,33.78463,27.671814,30.512484,32.682404,35.762028,46.645393,44.99507,44.772667,71.16982,66.85145,0.36316425,0.32780036,0.34138393,0.35905403,0.35206598,0.40084937,0.3611008,0.332677,0.35828802,0.3326853,0.36840326,0.40543872,0.07993717,0.077163175,0.07973239,0.100108474,0.08688103,0.11880766,0.08182744,0.084916994,0.08939062,0.09003141,0.09822046,0.1037614,18.24696050120567,15.131913489179675,20.262403457510807,20.87996781643347,20.55854848820627,18.930741353122166,37.59318238674027,17.82930425644602,17.534923077512854,21.447144929669253,24.382009649651806,13.475794012388953,6.8209549512754934,4.084562985055592,0.09357350824787151,0.0019445349558337912,103.359375,jazz.00047.wav,jazz
-204.8289,117.45068,-20.939705,42.00593,-10.364102,19.208967,-11.633759,7.984112,-20.264105,8.785672,-11.69737,5.1714864,-11.2389765,6.061274,-5.141876,7.8284683,-1.1918259,-1.0728695,-3.1602397,-1.5336096,1648.5999,328.48547,139.1164,81.13447,89.49302,77.75352,65.78612,42.270817,48.246174,52.67359,71.06517,80.91377,64.985176,100.302635,109.697586,92.87719,75.74744,82.06982,76.76596,72.57563,0.34054416,0.25821137,0.31491125,0.24919412,0.2939545,0.2502107,0.2976534,0.3442156,0.24368113,0.24902311,0.21841773,0.33156505,0.11063103,0.06636998,0.09460362,0.055013344,0.10637873,0.06787292,0.07005443,0.112073064,0.07609596,0.09327047,0.063644014,0.10938361,20.836626494862596,16.106784167072785,22.22461223998584,21.559326510641625,21.32278643011597,19.364290805915157,36.605837959769374,23.185422115045693,18.561001171024625,24.151128631981344,24.212409920648714,19.274577577618587,10.249463772687838,6.824604598449261,0.0792973285119969,0.0006547030130933773,129.19921875,jazz.00048.wav,jazz
-165.46796,87.24911,24.815533,28.417309,-2.78055,-1.3317889,-14.06644,-4.7474623,-19.206074,-0.5928637,-11.947256,-8.335517,-8.235879,-0.42448306,-6.424987,-1.5306299,2.0240119,-0.4465538,-0.9040556,1.5472667,3310.7925,926.66406,573.64655,284.3258,145.68114,194.70808,149.64124,123.4017,96.92142,239.55553,92.36599,83.75491,62.68132,97.155945,118.57753,163.58994,190.58347,131.89761,138.61919,213.3977,0.12293706,0.106673814,0.18101864,0.18599525,0.27987188,0.35195303,0.20412476,0.20601879,0.24826033,0.3608166,0.17950949,0.09164936,0.06304036,0.033228923,0.08538941,0.07396467,0.1149775,0.15594836,0.07975768,0.09599086,0.09464433,0.16471533,0.06613072,0.024596332,16.700226657317703,20.370120303471722,26.007748017462358,22.771838219536413,21.582333884579906,18.131258173195835,18.38628230535459,17.092381927533282,28.805184928223678,28.47301792853276,17.365382053026092,17.298477576517435,12.184846065217306,11.022431918899144,0.06479514863099846,0.0019386392406858827,123.046875,jazz.00049.wav,jazz
-55.19004,77.47864,8.272335,31.560974,11.512486,11.753404,7.877706,13.5176115,-2.2645762,5.6161685,1.4572818,7.372972,-0.92715424,1.6434429,-6.0775332,1.2362773,3.2791789,2.9196074,2.4114404,1.940294,1005.8955,344.32574,215.637,117.3441,88.331245,48.34609,46.24492,36.40831,38.315857,46.21665,46.455,34.184456,28.919695,28.263552,28.365778,24.87929,36.03021,56.01311,60.168484,41.89151,0.35182223,0.45201048,0.6834779,0.3999118,0.3083187,0.3485051,0.38469484,0.54043126,0.42780492,0.39347035,0.32431254,0.30973685,0.07853037,0.07648034,0.115620404,0.060974013,0.04763491,0.06389864,0.051371455,0.11013772,0.06852383,0.07408836,0.06407273,0.06287409,20.71387612509612,14.302788641201222,16.991575656259567,18.515296555415226,16.666718510421404,17.134924437449172,17.80274089884816,15.373387319106019,14.371733117332031,14.54701076426223,12.354599107698093,5.813989387612114,3.479574638328936,2.7783850048541776,0.08078258030185759,0.0008023664976439437,151.99908088235293,jazz.00050.wav,jazz
-260.89798,138.52455,-16.351122,49.150703,-5.258575,19.354553,2.2062228,5.555695,-7.877213,-0.19809215,-1.6170182,-1.7220757,3.943696,0.23985954,-0.4268878,0.23164405,1.5121374,-2.2414095,-1.4566265,-5.157089,4985.997,447.6126,344.50186,111.36286,219.35793,35.0412,117.856155,49.64295,90.95754,34.440567,47.370537,27.769266,24.119482,27.690498,28.396696,24.127409,35.128544,30.979147,37.54484,69.831604,0.24668622,0.2767002,0.25799587,0.28681904,0.24083234,0.22656961,0.23021992,0.2305417,0.3115688,0.3681642,0.35684538,0.25548512,0.094790116,0.103229135,0.10131158,0.108316936,0.07969528,0.07913471,0.08838595,0.063480414,0.10727982,0.123468995,0.12020696,0.07506172,16.986605191011854,20.39920925914552,22.180660564252705,20.463363548597552,17.675205968549005,17.87554406342332,21.39964286659449,18.945118819275976,30.341064652047613,27.637408230327786,27.693792848821126,17.74596688556362,7.950552813568581,7.706174554450458,0.0424521242501935,0.0004139763368329082,95.703125,jazz.00051.wav,jazz
-91.2162,82.6024,12.171335,36.692253,-0.83736473,13.41514,5.6200523,9.662233,-3.7782636,1.8234929,1.545975,1.2873137,0.82279134,4.3992186,0.55539376,3.8112535,-0.35386616,0.23312406,1.8074713,1.7372178,2186.9097,591.04785,270.22498,111.455315,134.1952,65.15936,55.402496,29.87289,40.72999,43.961452,40.194412,55.643105,37.46436,67.32525,60.674053,59.39518,53.31753,71.82112,77.60132,51.03306,0.43605518,0.36142164,0.42940208,0.37744743,0.3876626,0.3925984,0.33412263,0.39888918,0.32574582,0.3444918,0.26572075,0.33964995,0.13803428,0.07128064,0.11072801,0.0815238,0.096799724,0.11072096,0.068976864,0.10508411,0.058564696,0.102526754,0.0546844,0.07733318,21.884620653079647,16.779596443910375,20.98049194342243,19.70301677205811,19.306743001547417,19.515150490292772,18.093803888161762,17.269128616092928,17.827273771790612,19.57346716438405,16.232077679666528,16.039509614253816,15.509598522309489,7.398539612287596,0.0774182771381579,0.0019812136281482633,107.666015625,jazz.00052.wav,jazz
-141.08891,110.76341,-27.475183,51.973927,-8.664053,28.615349,-1.6129185,9.6620865,-11.18389,6.517714,-9.409994,-0.121636644,-4.9299374,-0.15413304,-2.6613839,-1.8625249,-0.023488332,-4.2459736,-4.2238703,-5.637206,3126.994,886.506,354.86832,101.64174,49.526188,65.48173,51.094307,47.042873,58.876404,44.280796,68.76902,64.875336,73.62049,92.51516,84.5387,86.78645,98.234245,80.75578,100.78333,133.65535,0.25867552,0.16918965,0.2241309,0.4125241,0.3530041,0.46545783,0.2873299,0.32710233,0.44171143,0.28502798,0.29309574,0.22326913,0.0802041,0.047249973,0.053052064,0.12522098,0.075291276,0.15039198,0.055821415,0.07901448,0.12584233,0.051095802,0.091521464,0.050313927,16.968764451511625,17.373432902965344,21.209257864777666,21.595303788076667,21.40062093655335,20.55838973501252,23.348222521199958,21.801101515320166,20.28797122142624,20.974101019504158,22.29719767239063,22.04884592762276,18.39309784210098,3.4474763536226285,0.07951917146381579,0.0022830900271630004,99.38401442307692,jazz.00053.wav,jazz
-142.78775,118.18766,2.8295383,23.896324,4.498091,9.511731,0.90436375,5.136565,-0.054297384,4.300527,-0.69184947,-3.5351803,-4.6626844,-0.45317164,-3.8674612,3.226939,0.49803305,-0.7122736,-4.5877166,-0.79855794,3359.711,1009.3907,494.77362,137.62334,191.8888,98.27596,166.49417,123.81966,108.240204,100.541435,71.8134,69.29095,48.16491,33.381836,41.938786,63.01047,46.69869,55.541008,39.801228,54.833218,0.49232385,0.43623415,0.40431035,0.38508692,0.32565963,0.42480808,0.33392033,0.45828786,0.6478163,0.44777492,0.36919227,0.3847798,0.09492665,0.09930387,0.076005094,0.090937674,0.051547956,0.10203605,0.04619488,0.07557491,0.10378707,0.08887922,0.082589865,0.07028319,23.091948559576654,15.135139712065433,19.681195658025825,19.329891773123325,18.358015839219604,16.540371383079346,46.31468766655529,35.162167861063885,19.933442122285715,23.227141427565673,19.91731594345215,13.3042905291581,5.2246311074451155,5.295910103489878,0.060287617308436535,0.001906664334880661,99.38401442307692,jazz.00054.wav,jazz
-260.35196,180.60806,-15.362777,48.56042,-0.074327424,5.4342794,6.5999103,-9.153326,-10.28985,-2.988407,-5.823055,-2.9312966,-3.617783,-6.6764116,-1.3511277,1.9006733,-2.6857538,-4.6111813,-2.3806977,-3.110714,2639.4182,492.42416,612.25934,204.8757,82.59503,67.84143,70.59458,51.280186,52.152428,58.0391,52.388386,32.265705,38.291576,37.24457,29.890285,44.755447,36.427044,61.63031,44.494797,52.361515,0.40270376,0.23682217,0.32327047,0.20814466,0.274231,0.2041073,0.1880747,0.23564805,0.19331542,0.300078,0.2573895,0.3506925,0.1422363,0.053301536,0.14732227,0.04007556,0.098364405,0.06574205,0.048225224,0.087202385,0.047028318,0.11412474,0.06897599,0.116512686,16.901144988432005,19.922664404142544,23.850165596088086,22.618318172810447,21.53796720836727,22.434674574359732,15.918694286848247,16.629151600793918,24.11820444785328,19.488249320417413,12.327188679154423,14.434658842688014,19.336947756052062,4.463839336450634,0.03778284031540248,0.00013132364094565292,123.046875,jazz.00055.wav,jazz
-38.042522,64.98809,14.297374,21.284706,7.5019083,6.3721075,1.933678,6.556061,-2.9327826,5.597701,2.5014198,3.0295463,0.6087425,1.9923112,-1.7813995,4.5158715,0.06030115,-2.0403488,-3.8632624,-2.045601,1287.0676,312.73923,126.19177,86.88817,54.330925,49.000217,58.713333,48.054592,46.5083,48.94039,53.976757,63.83629,62.09586,57.90532,44.9209,41.640736,33.629707,38.35565,62.965725,60.781796,0.31347293,0.31383285,0.39213693,0.39881283,0.41100338,0.42489752,0.3868827,0.39689055,0.3848558,0.31561497,0.31249356,0.41948864,0.0650379,0.0710196,0.10181764,0.09465463,0.08899414,0.10398351,0.081605464,0.09747242,0.09165796,0.07086386,0.07136354,0.10154012,21.511897477134458,13.37208960786589,18.01372207380764,19.070762397789213,18.386369074530595,17.825900685249312,17.619139438970286,20.341596314247685,12.656612962125061,15.659142876027097,13.49167311157225,8.143791505302314,4.5164533062469445,3.0465109023182597,0.11482508042279412,0.0019260946056747713,123.046875,jazz.00056.wav,jazz
-248.10942,125.98793,-12.599598,30.244165,-1.0903058,-2.2130058,1.9470434,0.2516049,2.6987665,-4.4260936,-6.4816456,-6.51706,-3.9940166,2.3482583,0.361706,-4.0673127,-1.5211642,-3.530002,-6.1920567,-7.346032,3236.8252,401.27057,495.54877,143.37329,102.92299,80.203026,54.045242,51.840973,74.96867,57.479996,95.159935,53.70112,70.053246,57.08515,60.454872,49.051838,72.80298,94.41342,113.72696,90.90844,0.3511657,0.31006274,0.25542927,0.24141565,0.13515997,0.1569852,0.12661776,0.2103074,0.23903652,0.2114752,0.35270002,0.21810405,0.1376954,0.11677607,0.08488611,0.108081296,0.044713084,0.06415077,0.043834668,0.08775252,0.104994476,0.05728738,0.14889574,0.05001595,20.622218110561136,22.355130696123666,25.004724270307243,24.47908141209082,23.087326386375526,20.94258584936586,16.75949982702592,15.382747580252866,34.0368346104728,31.303085413488475,18.243199584180335,16.182179973157552,14.650703301342897,6.500570823421957,0.06180650457140093,0.0013217683895268475,95.703125,jazz.00057.wav,jazz
-190.51927,143.9857,-28.421675,33.79344,-1.2972339,-2.301527,-5.643836,-3.6400135,-10.529327,-2.8581395,-7.707229,-8.583432,-5.3038983,-4.025823,-4.786987,-5.7614465,-3.8844845,-3.64341,-7.224798,-7.6945863,3077.3499,948.6461,563.8975,215.04564,76.304726,53.793587,51.81646,39.13369,50.805286,44.499454,79.374725,46.57105,56.581184,57.936527,52.352287,56.504475,65.00074,61.15296,104.60079,101.29899,0.30907547,0.32357413,0.44780388,0.24304692,0.2746683,0.39715308,0.204096,0.3058117,0.24810356,0.37969682,0.49021146,0.24528995,0.093017824,0.07332128,0.11539849,0.052065846,0.051814318,0.10247224,0.03053092,0.110352494,0.057538763,0.08722186,0.13355182,0.041729197,16.94001039289054,13.138033461348611,18.33231674597873,20.48928821341889,22.088739758650185,21.8801650829647,16.60709280943178,19.166385868126273,10.52222096142645,14.389252019179757,14.128742296928573,21.61582085489042,14.822583922971345,7.754132811582879,0.09965699375967492,0.003182696061989527,123.046875,jazz.00058.wav,jazz
-179.3741,114.49272,28.196646,35.979305,11.041098,12.684317,3.8171391,8.518316,-0.014726858,5.4623327,1.0599641,2.632229,-3.7399514,-0.2982773,-0.73307246,2.5585303,0.18569829,1.5453789,-1.2458051,1.3971,4200.6406,838.08563,519.4519,106.757355,88.909,80.877815,69.6015,69.88579,113.42291,75.33644,69.71171,52.463974,69.213,78.36246,81.134094,75.4778,81.43439,78.70021,102.83242,93.443954,0.28850365,0.27772543,0.39917567,0.36454532,0.28870502,0.32495987,0.27923226,0.40243754,0.3161394,0.25685388,0.32594666,0.28387296,0.10759414,0.0771232,0.13793878,0.12842725,0.07759049,0.10818485,0.060855687,0.13468263,0.09987693,0.0653556,0.11448981,0.086936936,20.736113397164697,17.431851602702935,22.645457434916807,20.721685738532813,17.967843583518885,16.677773252838143,16.400986499803626,21.977318461240394,21.41487790491695,29.744457617723345,25.790172391223873,19.79947777807994,12.512758971225736,4.192843384630173,0.03827792424535604,0.0007327574067185758,107.666015625,jazz.00059.wav,jazz
-190.39607,129.50662,-7.83752,20.721296,2.1918201,7.7923746,6.1902175,1.3512999,-1.59206,2.0195136,-1.9929138,1.1642932,-1.3514087,6.4100657,-0.2019436,-1.5658294,2.2416732,2.0431113,0.17354241,1.1741321,2347.3125,556.49225,439.7968,198.7877,64.36902,65.28605,46.258785,56.09004,53.427536,48.548195,42.403282,44.686947,61.02467,58.517597,63.7735,90.22987,85.65613,87.60453,114.2062,163.1938,0.24371423,0.26918647,0.27070576,0.2843349,0.25448832,0.41851282,0.28906095,0.32454953,0.27392095,0.2498238,0.29911274,0.24224886,0.06217277,0.1031135,0.0825561,0.10433088,0.06287097,0.14056844,0.070115626,0.12864614,0.07977072,0.07721444,0.10920196,0.06026754,19.81757109998207,19.07102134756056,22.865117692136288,23.210982525445523,20.50372861847195,17.411581185454118,14.83247000481972,16.006139088602602,21.137342732508046,21.157689938907087,18.185407636544348,14.159641273885427,7.449730369215573,1.5556115239308568,0.052423719282120744,0.00043309455035415637,95.703125,jazz.00060.wav,jazz
-23.235779,82.91702,2.0489416,29.505756,6.599293,6.4949236,-0.69669986,6.1728396,-3.422003,5.594521,-0.37699118,3.266179,-0.20612173,0.31981874,-1.6405317,1.4783798,-5.332356,-0.037779015,-1.0947468,-0.042596113,1366.6754,281.4971,226.7098,95.252815,50.98325,53.49382,47.394753,46.43779,44.074013,42.43248,37.023357,39.31827,49.593353,50.52966,41.761814,37.86607,42.581142,36.182312,43.25132,54.761696,0.43953368,0.42093074,0.37622392,0.41835594,0.3413089,0.39363354,0.3839992,0.41944584,0.36571425,0.3013076,0.2904002,0.29168496,0.10228238,0.09440438,0.079552904,0.10413136,0.070160694,0.08697751,0.08297129,0.10365693,0.07684702,0.062504284,0.06673014,0.05414876,20.013473888483777,14.50658651802931,18.92131590188563,20.857360231708142,19.386198413451456,17.92587921294167,17.41552858277439,15.053820700512695,12.970528962320657,19.08983204095553,16.05216148251353,9.728986433723476,5.869783303993712,2.0859983832813174,0.09449413760158669,0.001130469121466471,172.265625,jazz.00061.wav,jazz
-168.12323,108.27153,-14.1499405,30.45763,3.894506,4.6765637,3.1879177,1.9276344,-1.1426724,0.23471792,-5.2468896,-2.5546734,-7.2195997,2.7779326,-7.115771,-4.6758766,-4.034606,-1.612677,-2.0187652,-5.0494366,2931.4119,352.34912,566.8884,218.32709,71.737015,58.090607,44.442574,49.04398,45.90015,35.445377,38.416645,37.739197,37.648922,77.75744,46.467655,36.354046,54.703613,50.4334,46.004482,49.566357,0.39274573,0.23993315,0.17712869,0.16752557,0.24607857,0.3589084,0.25527188,0.3616301,0.33944646,0.25221345,0.3143788,0.32259282,0.14252487,0.07171112,0.034488443,0.039897233,0.072852366,0.12704055,0.06039906,0.10880108,0.094966866,0.061561767,0.121575154,0.06469661,19.678842406654507,20.408900318382358,23.03167303605993,22.340496529813784,20.89510302068246,19.231331626815603,16.584040872985316,14.034301737034257,21.76504972410261,21.722293063796034,19.443808926375564,20.192814733463088,11.42912342604346,5.715522717057737,0.06752226743904799,0.0005779265641850772,151.99908088235293,jazz.00062.wav,jazz
-51.34779,85.20031,3.6435585,22.86177,-1.5293605,6.1102853,2.4109147,3.644935,-1.863228,4.3669353,1.0871078,0.7797647,-0.7364632,0.4121071,-3.3764596,1.4221644,0.40555272,3.6520278,-1.3677119,1.2190789,1020.5678,222.60387,243.56631,63.76724,57.554832,33.43325,28.994343,30.517822,32.252766,36.127438,37.21402,47.00839,33.752388,29.34076,34.966812,45.768635,48.27613,56.365288,46.931587,43.871758,0.3385026,0.3900491,0.4669598,0.39595565,0.42195475,0.47184664,0.35695004,0.36860296,0.32101727,0.37413076,0.34921175,0.31130415,0.08631546,0.102624565,0.112595245,0.07910174,0.08606703,0.10494945,0.06728236,0.09453172,0.065151945,0.08860225,0.077136405,0.06145707,19.075947654965297,13.516068158665854,17.298456812848404,18.250087863810627,17.650820447725906,16.933251446003524,16.177554486708168,15.640534777800307,13.398528000244557,18.392788761811666,15.818187633646081,11.474071830380034,5.5521193584245525,2.887038855690552,0.09815057807662539,0.0009479142198358868,123.046875,jazz.00063.wav,jazz
-69.50922,125.97758,-5.173289,30.769236,8.304397,5.0812526,-3.9214041,5.376409,-10.774684,9.034488,-8.263985,4.7895856,-5.1241627,2.2106647,-4.779985,0.62303174,0.03162736,1.2315756,4.03092,5.085666,1535.3519,309.01547,333.1932,62.593235,43.60207,33.355965,31.78511,32.53401,29.196634,26.49516,32.19488,32.927704,37.019627,36.0197,31.377008,23.707268,25.81845,35.977657,34.266434,32.386257,0.43463778,0.3428669,0.3998556,0.33619887,0.36587948,0.3668357,0.34099758,0.56831974,0.4110461,0.42172304,0.28916466,0.27899078,0.1007533,0.055319842,0.09126175,0.06535047,0.07014225,0.08855955,0.05147274,0.12869419,0.06732224,0.10185217,0.055298384,0.044737283,19.242813673523003,14.624571898643675,18.55706914318999,18.011423555613497,19.375594339501678,20.042211235640398,20.118935077424588,15.92116963244811,13.961858813766927,15.91832845755803,9.20050756307548,7.888109249901694,4.504685322225986,1.744379319433518,0.0558798586251935,0.0002179619413936894,103.359375,jazz.00064.wav,jazz
-235.67885,144.76765,-22.600695,62.560963,-9.326273,2.0168684,-0.34364972,2.0165105,5.5604534,0.30436003,9.439982,2.892706,2.562641,8.452764,-2.310429,2.5675395,-0.07064004,-1.6368356,3.2509475,-1.3214442,5284.1494,292.31152,494.5628,173.30292,294.1106,145.79102,194.71243,165.59436,75.886635,109.924,137.18121,152.54393,94.19524,74.04919,115.4754,94.90237,94.22611,93.41697,75.69566,91.129456,0.28558663,0.2363062,0.18820982,0.27547175,0.24713983,0.32764935,0.2032935,0.22172551,0.30328637,0.21612877,0.2430554,0.22445957,0.116383664,0.086027645,0.054781254,0.11992571,0.069131576,0.13178791,0.05444913,0.07105255,0.120039344,0.062658906,0.10184717,0.074704625,15.67679329318004,14.549195476015846,21.595905637017463,20.266531247543632,21.83353395030608,21.342326508654693,17.889769424522225,25.238878297294484,21.284203121282413,31.157978507563257,32.90177320468997,28.63589701842432,10.21561066575861,3.7092125890035734,0.076529393624226,0.0011440942421338275,99.38401442307692,jazz.00065.wav,jazz
-117.8876,122.55041,-13.149182,26.755905,4.3139215,6.866731,-6.814441,-0.33922073,-8.199783,-5.0079026,-4.4950156,0.12167713,-4.6518903,2.848796,-4.971283,5.5497994,-1.2209271,3.5765634,-0.34301418,0.49348417,1550.4116,723.87555,214.07233,61.618244,79.40236,74.50463,43.621655,54.817307,74.94541,91.133224,100.27386,127.5383,108.892006,92.25174,136.96387,199.81537,130.48683,147.58574,133.42737,154.154,0.35472637,0.21877362,0.2530927,0.27938575,0.1813837,0.29724345,0.22261496,0.35754555,0.19697581,0.27165592,0.30679873,0.16760339,0.13827305,0.05430567,0.070801236,0.10726509,0.031244844,0.10942289,0.05645536,0.13483399,0.045154277,0.07835278,0.118685424,0.024110228,18.68830056078802,19.06540056731253,24.54765906319192,25.120554378785954,24.465765073422226,21.785751028895874,18.948245040800106,20.683526738340007,18.786229587813974,20.058896259324733,17.59365583901283,17.01067215422414,19.910423685821897,13.644035677682316,0.08824663191756967,0.0009877218893361377,129.19921875,jazz.00066.wav,jazz
-177.27713,144.32156,-17.265924,55.686043,-21.2419,0.35280418,-1.5769511,-10.402746,-5.176472,-0.51418144,-8.736716,3.868864,-7.9537654,-3.0112581,-2.744769,-2.6101568,-2.2276328,-1.9513525,-0.024020452,0.7622668,1320.7461,711.3479,496.67474,387.31937,150.54655,165.63406,117.98925,83.25062,76.81287,71.67611,61.33081,74.8557,68.893234,60.38448,56.341778,51.65757,61.15987,109.96658,153.22957,172.79765,0.3482887,0.27668694,0.15280299,0.19418384,0.1664852,0.19589885,0.22390762,0.2745916,0.33153698,0.23175547,0.20327027,0.24087045,0.13874479,0.09940889,0.04770164,0.07745673,0.057365753,0.090958185,0.088507965,0.109635934,0.13480107,0.08594943,0.0861813,0.08687872,14.259702602441942,19.186749998218563,23.572307913296505,21.599036951069415,19.747978865724722,21.740214429367413,17.668157459614097,14.487002059874195,19.44352460519656,19.172179257813667,17.558846160472513,18.155869317369493,12.611389920685403,4.914032202301679,0.054945623911571206,0.0006188962371730356,103.359375,jazz.00067.wav,jazz
-204.39252,138.57968,-10.791186,46.552383,-22.306915,9.692935,-11.09484,-17.79885,-7.586271,-1.6000776,-7.6503277,-1.0194098,-9.977279,-6.6626024,-3.8579152,-5.062098,-2.0349169,-0.2698917,-3.1960154,-2.4486814,4918.7144,692.5789,443.7798,123.92144,146.14026,89.92947,69.319115,104.98892,60.519863,40.87871,34.822277,30.782381,44.746414,48.22517,45.715477,53.662045,74.13833,61.95355,101.96067,101.109795,0.23507655,0.18797345,0.27198842,0.28434852,0.27638987,0.37441018,0.30882072,0.32860494,0.20369494,0.2787908,0.35333425,0.31988797,0.091465555,0.049663324,0.09327315,0.081330106,0.06773114,0.12299872,0.07876782,0.11890904,0.052176684,0.09013912,0.11099713,0.09615257,15.877505776715989,18.30534920719368,22.281505791596178,22.07905987257501,21.105591524600346,20.87160251644276,19.60786775888874,17.546983583482223,18.241058968440875,20.48316436430866,19.795033105586644,18.857878382061372,21.110868941199858,8.54552569487523,0.061230544335332815,0.0008583353252176604,129.19921875,jazz.00068.wav,jazz
-159.2706,92.04842,-16.75185,27.393675,6.1041913,3.2399652,7.1759634,4.0307016,3.5977046,3.5440965,-0.58674145,-3.7236729,-4.721016,-2.58986,-3.304094,-3.5473347,-0.8847745,-2.3104537,-0.94630814,-5.453007,3100.5615,525.4761,535.6056,222.51918,79.405136,99.4227,87.82653,96.46067,203.43617,95.39469,73.91946,95.046165,88.58716,86.91569,70.215935,44.995735,68.33629,129.00856,146.2903,125.35613,0.29125434,0.21500659,0.2582832,0.2481844,0.2706704,0.21120098,0.22219823,0.37749296,0.2516593,0.32004118,0.18796821,0.19264238,0.1325143,0.05489002,0.102645956,0.08224313,0.105447814,0.06782736,0.057456113,0.14361806,0.050652467,0.13261732,0.04777974,0.05517805,19.100230396018812,18.879335989110455,22.017851513292516,25.01835285987851,22.11207697513023,20.495392586824796,16.677985298568277,21.747996617993394,27.053638061754175,31.273142458301376,31.449737384214696,24.053400215369972,19.217402178870767,7.044295855381864,0.08743219995646284,0.0008397575077081695,151.99908088235293,jazz.00069.wav,jazz
-237.90088,155.81622,-9.225844,13.1981125,6.609401,8.891292,3.9802098,0.24934222,1.7425677,3.3538349,1.1899073,3.630348,1.1625512,4.7921743,3.4717696,2.0584624,6.528012,5.6560874,1.8122177,-0.24609318,3766.5596,975.8133,600.8633,158.94516,78.86267,63.98145,51.23851,61.478844,52.577797,49.106133,46.016712,74.17828,95.95239,86.01728,73.07245,123.22344,153.01181,138.29964,130.99652,162.86552,0.25096017,0.25050354,0.43366238,0.33415908,0.3280036,0.26135066,0.18314816,0.27993467,0.22762553,0.2974367,0.26787555,0.20503278,0.08156842,0.06164881,0.14309667,0.08787999,0.10516955,0.09272025,0.046640698,0.11879752,0.057719044,0.10666271,0.08876249,0.03832162,20.967682714104,18.33557689354798,23.14773874461694,23.493950801983967,23.452754309637115,19.393728194077347,15.149523271236719,13.127655693410643,21.737175150570476,20.811424028020692,18.631581196058082,16.087421494198118,14.556443676122328,5.632415964404003,0.05003635654508514,0.0005507546971679735,103.359375,jazz.00070.wav,jazz
-228.39198,170.40263,-16.07386,43.96471,1.1009046,3.996799,1.0781353,-7.2046056,-12.514963,-4.418733,-6.0696063,-1.3367635,-3.1518414,-6.473728,-3.3002412,2.155403,-2.3049686,-7.364892,-5.195212,-2.8603556,3050.991,438.43344,454.75446,111.00573,55.211746,47.618984,62.034256,30.388977,47.048725,40.16298,41.019108,34.45224,33.30162,36.28648,35.440147,62.97995,42.145584,56.06996,44.436207,48.663048,0.3792516,0.27876776,0.19818023,0.25696114,0.26503745,0.20993689,0.17932959,0.35793895,0.33702582,0.26681295,0.29632643,0.3014001,0.11613059,0.091323614,0.054500367,0.07856828,0.08163564,0.06634089,0.037331644,0.13346337,0.11907261,0.07934519,0.11895956,0.09210547,17.006168745425665,19.949628890398028,23.529447041149062,22.200322131296303,21.708586744307222,21.046166025785364,16.082645159761096,17.697490471115156,19.468698331929485,15.440196241167735,15.09931802548171,14.196490731199164,11.966727102570728,2.1114988007943456,0.04257495041602167,0.0002105349773568998,123.046875,jazz.00071.wav,jazz
-202.82193,145.73984,-23.568312,47.84978,-14.344828,1.6427218,-7.0651684,-11.130012,-4.5997396,-3.6073794,-3.788098,2.0468261,0.84362906,-2.019152,-1.0314074,-1.4507908,0.78107613,-0.3952421,-2.3347764,-2.0125751,4154.278,283.22043,465.72766,105.697075,124.08594,158.0842,82.17791,58.487877,76.79307,72.432495,56.337738,54.68481,105.57881,91.69308,112.28849,115.03413,65.22597,65.72643,74.94184,70.81265,0.2583942,0.19220565,0.1922476,0.35022232,0.2232208,0.2714298,0.24858736,0.2544863,0.21892758,0.1958242,0.35056767,0.24653727,0.095836036,0.0657472,0.049856972,0.1489197,0.05660725,0.11234532,0.08571568,0.09897385,0.086627506,0.049662676,0.13893114,0.06373498,15.928733288118815,15.745843667809819,21.346610747012278,19.570075562557353,21.239808412724805,21.110697397836145,17.41063722128127,16.217996388335926,19.3787625121135,31.168863702820214,15.310422800817355,24.231212219295536,15.320641020973863,4.759589583648546,0.05873471664570434,0.0004147596246715448,107.666015625,jazz.00072.wav,jazz
-84.05435,63.061363,5.6391883,24.924852,6.21167,-2.904058,-0.36405924,-1.0757003,-4.2446465,-2.3303053,1.5680952,1.935513,1.5438602,-4.4644966,-5.3008647,-2.9940894,-2.8913958,-3.3203404,0.32845318,-3.9741752,1933.0403,296.0684,461.8838,98.12975,68.357635,73.207306,56.820942,50.96246,52.099895,36.363476,35.461487,35.04828,42.820103,27.716362,33.063263,51.749702,47.745823,47.89894,51.715668,60.674213,0.5503849,0.3164119,0.33277568,0.25499955,0.30115145,0.32077566,0.31010857,0.40706727,0.315115,0.33783263,0.27129275,0.2705739,0.14866453,0.056318093,0.10312663,0.056400135,0.069418885,0.102636956,0.07515222,0.09442901,0.078354605,0.106191,0.06871261,0.044078503,20.72811022120907,15.681255111822356,20.825926067495008,20.455105014581257,20.36536240830417,19.55497853878353,17.370046387326077,21.41983590096212,15.465468616773645,28.652654296109024,20.859204866139645,14.637123469764331,11.67952951259071,3.717730878485128,0.1297546953608746,0.0018874510249592548,112.34714673913044,jazz.00073.wav,jazz
-149.19681,79.0861,2.0091486,27.607029,0.31506652,1.7276528,-3.6130915,-0.16500677,-5.0356708,1.2518123,1.1462151,-0.6187954,1.8201314,-2.0573413,-5.999064,-4.919182,-3.9601038,-3.5674088,-0.85716915,-2.1819913,4075.2097,753.8932,819.69806,126.06035,108.754875,72.85466,84.39588,46.579712,42.741165,39.179752,40.15537,35.584824,48.389526,33.02227,35.93433,50.945816,68.575836,63.9792,83.79925,90.371376,0.22202516,0.23637027,0.47976428,0.30259147,0.40563318,0.2800589,0.2650828,0.3993574,0.23738885,0.21140863,0.2259015,0.27386,0.07512841,0.050423115,0.14168553,0.053380147,0.14166826,0.08243037,0.056418657,0.15847601,0.050793793,0.065440744,0.070987254,0.07012762,21.440540330252247,18.623354219495074,22.44871995433848,22.090823645210694,21.579065568667293,21.244499331954636,18.74521030630179,21.65217857712281,23.893760667558833,33.43337784847266,22.415120426996417,16.43840948754809,16.99639540544405,6.87675325876537,0.09557311822755418,0.0018340763308811354,83.35433467741936,jazz.00074.wav,jazz
-78.2242,63.21851,-1.6562833,21.022593,4.470186,-3.5898204,-1.5619467,-3.0696394,-6.07829,-1.9560667,1.7820154,-1.2156535,0.94245726,-2.5629067,-7.7692623,-5.9337397,-3.0165126,-2.46196,-1.0239958,-5.111242,1644.3853,286.21652,410.3961,71.64555,76.56959,52.351513,44.22466,56.782894,37.49418,34.917713,34.890022,43.36275,30.259605,24.20695,32.174755,55.48928,58.26352,43.55643,77.04291,93.592834,0.38543385,0.2537715,0.28467974,0.3595491,0.28328726,0.41076747,0.25327277,0.336532,0.25647232,0.25836706,0.2520302,0.19094317,0.13583589,0.067395404,0.08275062,0.12552646,0.04566194,0.14636108,0.04515267,0.10197856,0.07772874,0.059087753,0.071889296,0.027697023,22.29958800409183,16.124448615487047,22.183186956850736,21.233031131229353,20.901491838104143,20.083232067954505,17.41845706258372,21.501394811553,17.54844489050785,27.92299804628888,21.769459267325466,14.683943714876515,13.63959969393943,4.738316676725146,0.12654912139609134,0.001972554732044769,103.359375,jazz.00075.wav,jazz
-154.29288,110.68495,-22.299717,21.146955,4.267235,4.7490644,-4.0923247,-1.020666,-6.4128003,-9.245782,-3.6310499,-5.5030346,0.536892,-0.5116374,-4.807277,-11.2095585,-3.9384496,-1.4645185,-4.413699,-10.600424,3352.646,508.939,749.3982,175.02728,110.15603,84.00286,71.7308,51.55854,89.85294,45.20153,35.94401,34.33564,42.387463,36.377823,29.628897,42.603172,30.072174,47.143944,44.60054,46.908253,0.42084894,0.3075512,0.41193223,0.31195724,0.3918367,0.24901892,0.17901443,0.29173368,0.25311193,0.2817333,0.19725142,0.3414658,0.14865452,0.06625292,0.124408685,0.059567116,0.12889111,0.068883084,0.033663064,0.08739041,0.047741417,0.099427745,0.028909016,0.08249715,26.31960669575057,20.55892008174543,23.714454085728235,23.408111463548323,21.798149593264892,19.29055625992625,17.457914412228043,33.687352455744076,22.438126329208025,21.247500135704655,17.333198804984605,16.713785214847515,15.93943838915021,6.055758697312461,0.06871462606424149,0.0007674491256145514,117.45383522727273,jazz.00076.wav,jazz
-77.089676,64.52771,-2.848515,28.53128,4.684905,-2.814512,-5.947363,1.8981452,-5.2051053,-2.3232338,-2.939537,-6.1481023,-0.7635444,-4.4825,-4.159946,2.124515,0.8419235,-2.6640372,-3.3218763,-8.301835,1589.7177,476.26743,307.6262,88.85866,75.02206,44.616653,60.596386,31.76932,43.255795,36.091145,70.19391,52.90819,34.13918,54.742744,49.64757,98.940285,81.120346,70.07659,60.624245,72.505516,0.26860562,0.25630176,0.32309723,0.27797192,0.37176898,0.4018462,0.25100058,0.24894421,0.28496686,0.47965252,0.32342833,0.20240375,0.08265155,0.04355544,0.111683175,0.073776804,0.09829038,0.13113332,0.05935943,0.08001583,0.07154053,0.12361081,0.0698066,0.042727366,22.27094095995103,14.50417705129687,21.233908895993352,20.75997604293336,22.093785741100277,21.211548093878232,18.934063752187015,25.322912841179242,14.248747998567659,25.251822934753534,24.54726608834114,24.91896255858656,13.793642775317485,8.748794987622821,0.13090245863970587,0.001439332582112154,135.99917763157896,jazz.00077.wav,jazz
-141.49684,70.90452,-0.52323127,33.573048,1.4106365,-9.186746,0.75543314,0.5403756,-9.192057,-2.5710375,4.0803123,-2.218427,-0.6917473,-0.82226485,-6.4834576,-5.997157,-4.2439694,-3.2427416,-4.072898,-6.5609474,3584.8347,593.10614,632.8005,158.99431,125.67487,136.4194,62.588924,83.90819,100.361984,66.416145,40.417202,62.39937,40.5829,48.009426,44.58058,70.80409,82.22567,67.47875,69.55448,100.70999,0.27239972,0.23665671,0.34362596,0.27105427,0.37949657,0.33575964,0.23780653,0.22665317,0.22459428,0.3010128,0.18704166,0.17770422,0.10795056,0.058990244,0.13167056,0.06580081,0.12882037,0.118573405,0.062338978,0.08611521,0.05944153,0.1119429,0.04833954,0.044264425,23.00389766097257,18.36371563484026,23.27626988767332,21.930909315393343,22.605257000991656,21.795914022782107,17.59697560874827,23.32326388075457,21.701921080341073,30.911698688664647,20.29098453153038,22.70218376138674,19.19110438398285,6.311821046804987,0.09583048628579721,0.0014097740587983732,161.4990234375,jazz.00078.wav,jazz
-163.53947,65.97194,5.3612895,41.897198,7.0257664,5.5014386,8.930416,2.6784523,-0.1825785,5.155423,10.491717,3.3298645,3.8408947,2.5506477,5.6973057,-1.0907345,-1.7849189,-5.19906,-5.654559,-9.76699,955.2229,502.5811,180.60274,118.07711,71.5085,58.62837,64.79078,49.375694,64.00742,43.01588,73.6237,86.68708,95.31149,73.3467,82.62176,95.901306,97.944626,60.975727,68.74711,93.68659,0.2942955,0.37289867,0.21344645,0.3361696,0.3322684,0.23954159,0.39483216,0.3439614,0.33928046,0.47504365,0.3466746,0.37098905,0.058178604,0.10864754,0.030029316,0.096714914,0.07331701,0.02839095,0.11251845,0.08276266,0.061379336,0.14767316,0.05798948,0.105898514,23.081106047941972,17.001159783731662,22.105596606001193,22.1636483898675,21.08069263061273,19.924746577679457,17.860114304220527,28.053583907409458,16.810839509586412,21.710916583839104,20.376058834975886,14.538967101686145,10.892354815670686,7.374453663742951,0.1078761428502322,0.0013796264045102225,107.666015625,jazz.00079.wav,jazz
-117.24632,56.99422,-2.109928,35.616062,4.713422,3.890102,11.592064,6.0787044,0.5825714,2.2747371,2.6996386,-1.8503127,1.6808271,0.3939449,2.0524461,-1.1958259,-1.0664492,-6.2823744,-5.3911533,-4.8702927,1622.2058,279.75473,105.23082,78.37105,79.35522,36.23392,45.050014,36.14875,35.362988,37.98631,43.665,41.024696,56.40908,75.20848,63.27881,45.106133,80.30356,76.3734,65.034325,82.28892,0.37469703,0.33784127,0.37079358,0.31730083,0.39060137,0.37496385,0.322901,0.45782343,0.44711766,0.46949887,0.32564202,0.25550294,0.11264398,0.06413979,0.087223135,0.054926716,0.07417067,0.08366813,0.050632913,0.099389754,0.08782926,0.09986668,0.06944316,0.035941586,26.439002091859276,15.782000936748634,19.44256306219724,20.8071556140091,19.223569528192453,19.023434502222937,16.758018477589328,21.158709577055358,13.593431848627693,18.862045420800918,17.44502934511425,12.571264293154167,10.007823586987051,5.163559250984341,0.14035780584849072,0.0012733471504248776,135.99917763157896,jazz.00080.wav,jazz
-228.37154,67.53677,37.07984,21.325258,17.058424,10.142423,10.776463,8.010919,2.0421867,0.2971386,2.4991302,3.8471446,1.5821794,2.832255,0.04377572,-0.1975624,2.3157344,3.2987049,4.046379,-0.1898743,2880.9968,579.9565,316.67194,119.11,59.653286,43.442528,44.941727,43.754517,41.658913,50.22355,55.145515,40.035572,53.60761,65.9079,53.70858,39.53235,57.186714,62.813515,49.995647,46.037792,0.47894746,0.4762055,0.6900486,0.5271517,0.45157117,0.3764923,0.35098326,0.41857302,0.35550508,0.3725381,0.34457192,0.45974287,0.0797768,0.054534227,0.10143776,0.0761022,0.07954984,0.06852884,0.06306546,0.09830143,0.089371495,0.089771956,0.065758824,0.08161744,18.746761991736403,14.853891072311704,18.681350379722282,18.926696829078722,19.2956863489527,17.270003952691003,17.6436235101426,13.899983318562988,15.693160452062912,19.07817646157939,25.426578774336427,16.883295255712465,6.051591135202024,6.07603917480529,0.10014829842298761,0.0038598469724904607,117.45383522727273,jazz.00081.wav,jazz
-158.2061,49.602417,21.594702,16.516552,11.422575,6.259136,5.633524,-0.19963433,-0.24266574,-1.9968201,2.022939,2.6891398,-1.4565203,-1.8059658,-1.8253204,-3.3063495,-1.5225008,-1.1878133,-2.9898036,-1.8677343,4359.587,661.80096,337.70004,95.39032,72.840614,49.98397,49.85747,33.023537,26.501245,30.359789,34.56522,32.135406,28.882336,36.34475,34.29228,28.987925,33.761192,37.8982,33.74839,25.675158,0.46905664,0.36405757,0.4671342,0.37756386,0.44108322,0.41807854,0.44088012,0.45531264,0.31785378,0.33340102,0.34640232,0.3876761,0.10804529,0.051295366,0.097325325,0.06100786,0.09653784,0.07703679,0.08487617,0.107373096,0.05704267,0.060489766,0.07681106,0.078401975,17.847218023154127,14.441590815948832,18.091986455440374,17.88372283567117,17.79079901912996,16.789189065575428,16.356395750954405,14.400585777116865,14.701083498987396,20.549917876950573,16.122660527866017,9.74445454199519,4.317851587845932,3.134611732287012,0.20684871142124614,0.011124996289335632,99.38401442307692,jazz.00082.wav,jazz
-126.01213,56.60823,23.495506,23.700129,-0.3036549,7.1513724,0.16874303,-0.843428,-4.1562734,-1.8949323,2.5230918,0.5281127,0.92665255,0.042565644,2.9119654,0.1204047,1.3131231,0.37778205,-6.133195,-4.948555,1969.3115,484.6937,454.5979,94.30456,64.711266,61.084618,62.760582,47.101067,46.239895,43.14576,51.790146,35.342865,38.208294,38.009823,48.26731,43.043602,39.240948,39.164085,39.8605,40.10546,0.3442343,0.4531321,0.5041624,0.4957592,0.5824191,0.43467104,0.40124667,0.39420983,0.35068473,0.34808412,0.36467263,0.4758511,0.051445186,0.084683836,0.102664284,0.075208515,0.09524215,0.072820194,0.060997978,0.091282025,0.063516185,0.068123505,0.068106614,0.079242654,23.198415098927796,14.051962247458212,18.78001064575039,19.006451424713187,18.608241267684516,17.067854706030815,16.359322989373652,24.541361831363105,16.464556847481095,21.292766530573815,16.785278298713173,10.542119976706243,4.5241086538525614,2.7494868438305904,0.14970204261803405,0.0037137713936348294,107.666015625,jazz.00083.wav,jazz
-178.09238,61.942627,1.4681733,36.045937,7.5810137,5.1538916,-0.9176271,2.9412882,1.4490774,2.1342268,5.1702733,2.0257974,0.5106884,6.528254,2.6033716,4.8549476,7.9310346,4.5274725,-1.6060568,3.7312236,2503.869,370.97238,320.38147,108.08627,91.49651,57.718243,50.021553,52.772263,36.786343,48.76445,26.236385,33.065372,35.65533,39.585228,31.640636,47.790703,49.795094,49.994987,62.18936,72.17442,0.47001842,0.41659796,0.4478022,0.38680473,0.36787966,0.33072755,0.36780176,0.42240995,0.31301668,0.42992315,0.38197082,0.38044238,0.117228165,0.06517205,0.09829042,0.07083658,0.06667528,0.067200795,0.08758703,0.11181645,0.054229848,0.12293946,0.07847093,0.07585241,21.298844775637313,14.87869184971538,20.96907280430687,19.58937949067845,19.15656169824548,18.041636428805514,16.42028221800897,23.181478510227645,15.345341009024917,23.698662854777936,19.47240432158571,10.238296329884978,8.430109416367792,3.8659566776312797,0.11833828669214397,0.0030288497933038468,123.046875,jazz.00084.wav,jazz
-131.93135,61.59087,-12.654589,35.085182,-2.1272988,-0.94919276,-4.8379145,-4.1055217,-3.2856128,2.4962208,6.411373,3.4233513,-2.8839262,3.2295115,-1.3421866,0.86595935,3.6739004,0.6368783,-0.361496,6.3308907,2066.0999,514.6461,234.84428,141.5136,83.046104,85.88805,80.05097,76.55158,55.612133,57.564472,48.8359,58.822506,58.112675,61.244873,34.260944,35.73054,42.24819,41.775505,61.482,100.48401,0.3152965,0.25130585,0.24290563,0.4194005,0.3311175,0.5440163,0.4896948,0.30431816,0.27275342,0.21208604,0.3024288,0.2207212,0.087439,0.04901205,0.05700706,0.1291664,0.05995963,0.12242664,0.111468315,0.06892136,0.07947914,0.045922153,0.077671446,0.03895433,20.266395858193867,15.855537080502607,20.899007789768426,21.64850851795438,19.990854206757664,19.334786241986976,17.110667391502187,23.251797632730415,17.554131759587158,25.245164971672413,29.111424456257055,13.253168703867809,10.215883620651631,4.343107610251678,0.1475769609858746,0.00228204964333968,161.4990234375,jazz.00085.wav,jazz
-156.61226,22.763254,10.495277,24.156204,10.143045,2.969647,2.4915147,0.48371977,2.691014,1.2310426,3.331662,-7.8197894,1.1087779,1.8791413,2.3311465,0.72104543,2.9955826,1.0147958,7.6109095,-2.0537126,2088.672,783.3128,237.86646,116.07996,101.81192,74.86339,77.476166,63.670452,69.25143,85.6911,96.44491,68.34756,87.51252,96.2971,83.13286,70.48216,87.09086,108.24424,115.14938,69.58142,0.31817862,0.22426136,0.35848206,0.33158082,0.4435458,0.2556696,0.28549162,0.5832148,0.26589754,0.34978083,0.2867645,0.3462425,0.09140502,0.037711933,0.10005007,0.04920094,0.08905427,0.04948927,0.031500358,0.13956846,0.030249087,0.09217622,0.065041214,0.08200488,18.072431379988025,15.702370782286586,22.468964047778258,22.264782149396876,20.76476279259102,21.371843014724295,19.29793713869687,21.352627543516846,20.85241105627826,26.741898640277753,21.74964015004004,10.425551687573217,16.244133022985455,14.80083665071765,0.2617017433001161,0.007759747016662883,135.99917763157896,jazz.00086.wav,jazz
-341.018,89.85991,44.511982,28.827593,16.317823,10.590868,7.000736,0.82006645,6.097488,7.125774,5.411661,2.735858,9.361676,5.570951,3.7773476,3.160866,0.2872115,-1.371824,-1.5763365,-1.984961,7253.9824,1177.921,399.74982,267.5682,191.76053,173.7098,94.73246,126.67929,99.44018,89.67657,75.42358,77.69169,51.331936,23.119493,19.563862,17.899502,19.632246,20.205574,16.181826,18.446962,0.29903683,0.39882025,0.69814634,0.49838752,0.3415929,0.24177119,0.15960567,0.21762344,0.25784022,0.33842826,0.28899494,0.36272672,0.069124505,0.06373333,0.13194297,0.09718431,0.103213556,0.07012498,0.026329141,0.05424543,0.09306735,0.13438587,0.08138255,0.084819935,17.967401438493923,15.445336613990602,18.69615442313706,17.50226169050792,17.22876255765028,16.02190280432842,14.520964642294757,24.760168402477905,21.728865331917365,27.90822798655443,29.528680186990368,9.943122080603247,4.066220600139857,1.7814791864655022,0.04282929506095201,0.0008507796507924521,135.99917763157896,jazz.00087.wav,jazz
-192.50781,80.951256,25.701668,18.5341,14.171379,1.2654691,4.0929475,-1.416841,2.6607606,5.2351847,3.7162201,0.2937416,7.3394523,0.8875506,-1.222707,-1.3455075,1.1447128,2.657099,3.21158,-3.002536,3037.5708,449.67987,460.80045,114.050964,79.59942,81.57867,43.89037,69.622925,83.545135,72.43617,82.63419,138.46988,144.53387,122.31659,86.35253,89.93766,57.974567,69.83941,130.06012,137.14142,0.25333425,0.22333987,0.3074762,0.27416924,0.22799917,0.38918146,0.26883215,0.36493495,0.33621415,0.3071154,0.34799063,0.19213642,0.099606894,0.054155823,0.10571372,0.1026051,0.05796262,0.14709811,0.05776245,0.12137592,0.09787029,0.092033006,0.1382944,0.03405347,20.26716841159083,17.977511745074732,22.745529092392072,23.641678451327454,21.355561312858423,18.15561032812019,16.370935812885115,18.254740268340697,28.17105854713011,29.114727444581455,26.875568248643365,13.073250417158635,4.876987635024278,2.292528126798945,0.06904795738196594,0.0010474142617004426,129.19921875,jazz.00088.wav,jazz
-322.49924,90.65098,27.027184,37.856743,19.709015,4.6093187,3.0706127,7.9708104,1.9372374,2.0878365,0.44746554,4.8929596,13.060921,0.41256213,-0.72146434,4.703701,1.2312223,-3.745362,1.688814,0.3924471,2501.6748,614.22626,276.9246,160.8342,62.541473,75.08773,67.28513,63.540405,75.92029,59.03955,80.71672,51.39258,87.7074,142.23569,105.60388,87.96879,71.76684,82.93221,81.763336,81.984184,0.3961847,0.30428493,0.42725343,0.27943152,0.25359243,0.15827365,0.1422152,0.18831097,0.242771,0.26809856,0.27154675,0.4329147,0.10534838,0.06521059,0.16227788,0.08472959,0.09727392,0.040131595,0.033268034,0.0632295,0.08243759,0.115339555,0.08763648,0.12691966,21.465167505546106,19.185471423130657,25.34768287177116,21.855927566169086,22.2054120640272,19.25385454554687,16.196658482698144,23.55686306530019,20.715401480081837,34.33945284033756,19.728469713711295,45.22391007970524,36.37653224713354,21.85123984170883,0.06275774598490712,0.003385108690310562,117.45383522727273,jazz.00089.wav,jazz
-217.62901,105.62872,19.315361,28.35325,8.654835,0.14365219,6.3657665,-2.539705,-12.996928,-11.149584,-6.152888,-7.734215,0.42279667,-1.2611349,1.7099493,-2.302344,-3.811484,-3.6843863,0.5768568,0.573145,1704.3129,470.89078,133.4808,70.47002,48.078403,46.629887,30.481125,36.560226,70.2092,39.00407,30.77891,34.067585,24.093163,39.03745,53.524044,102.58151,73.67591,44.20825,34.242966,53.489117,0.27247706,0.23661828,0.4859771,0.26409116,0.31759816,0.4047465,0.1721708,0.13394025,0.1254095,0.29204327,0.22222698,0.31269452,0.07087274,0.029667092,0.16446555,0.04211193,0.09196747,0.11935162,0.04328094,0.060548358,0.021846907,0.12475693,0.0453692,0.10392363,17.679892091947067,18.30641291904293,23.797652093121823,20.74689246952607,18.274035187853045,17.70645657781459,14.985730657597067,20.473970906323096,18.299444652767114,24.98675120460043,13.665792842648894,15.224468429115548,12.75637072130888,4.993044374536937,0.054154245476973686,0.00023423961800939972,135.99917763157896,jazz.00090.wav,jazz
-299.40533,60.777206,32.098515,25.695833,7.463468,-1.2953767,1.8622718,5.2616196,-5.5296664,-3.103563,3.6464574,-2.2974072,0.8934428,3.341782,7.2738442,5.9343653,-8.263965,-0.4625419,1.9967841,-7.015196,3574.4822,2490.2222,173.35823,149.30434,95.40165,77.99948,67.974106,113.61548,131.93527,170.55908,87.85741,90.88236,110.71013,109.29691,108.768524,90.44501,147.55052,107.771454,97.55033,213.61723,0.27280363,0.28855634,0.22543189,0.27178445,0.2423231,0.23705457,0.15686783,0.17671326,0.22388387,0.2668539,0.2206744,0.18861221,0.10714398,0.13468659,0.0667462,0.113589235,0.09401687,0.10612314,0.035244834,0.06137986,0.07290678,0.09114718,0.07293744,0.06350343,17.134944287299025,17.533344517747487,25.870437896525672,24.22226473481652,23.664857004907823,22.086491933125117,19.15727144617667,17.66627443697748,20.96008067967756,24.612500957286112,26.804411731606557,58.66783390489887,50.934700126359566,37.06445431398862,0.15142274271962075,0.017025538693044174,117.45383522727273,jazz.00091.wav,jazz
-294.19385,84.66457,39.07789,28.635206,14.131192,1.0344226,7.3534536,5.217076,-3.739166,-5.041574,2.2247612,-0.56659275,4.2180734,0.12858444,0.83073324,-2.1461122,-4.4974513,-1.0901141,7.2270007,-0.24393669,2534.324,1520.7262,132.33185,123.87589,119.03935,137.68272,57.08759,76.20509,108.24121,58.516193,45.43903,99.990776,85.60974,55.70171,89.945274,68.44947,68.65746,72.8739,82.404175,87.835686,0.3039787,0.27921206,0.35371804,0.32457602,0.30072397,0.16633368,0.20682162,0.36303642,0.29996383,0.16055402,0.17682092,0.30939648,0.13420328,0.08177142,0.124188334,0.08984643,0.11789566,0.039080072,0.04640839,0.1482366,0.09287178,0.031647824,0.037569735,0.13748936,19.615553450924725,19.13282233334208,24.818510810711835,22.880420318874666,19.69867127307452,18.088265983093702,16.111435929614093,21.03612897094351,17.743217315713306,27.573123639669518,31.39247833779651,47.57073069908672,39.27199216433232,21.690781251237976,0.0753657574255031,0.006251969494112034,117.45383522727273,jazz.00092.wav,jazz
-215.39735,100.96081,17.098629,12.978259,16.062912,4.764205,4.5650473,-3.1336946,-4.154083,-2.2966673,-4.9289665,-3.3494503,-1.4255524,-5.027763,-0.6690235,1.347664,1.9956139,-0.25326067,0.96090007,-2.1293337,1516.9489,295.59924,278.0893,118.634796,94.88887,87.04109,51.275543,42.729923,39.2584,41.503605,52.864037,50.53799,37.659462,43.379005,54.381977,69.655174,102.45228,114.5886,87.66647,69.71434,0.31525326,0.1922725,0.19373855,0.3124725,0.22341786,0.28915447,0.24352902,0.41471457,0.38650468,0.19789346,0.23355629,0.23249204,0.11054982,0.054833315,0.043259088,0.10558364,0.033823177,0.10378015,0.04700247,0.110888846,0.12258191,0.032173667,0.08179093,0.05611265,23.945716176561877,17.256939256515558,23.933475660692803,23.278530423126856,22.832266282809105,19.899364734464488,16.696455609642815,25.624483092711824,16.4483115204115,22.076315322463977,14.815759222146564,11.035465930872196,8.333211079338549,2.807215407797903,0.08170320965557276,0.0007043831220147712,112.34714673913044,jazz.00093.wav,jazz
-366.44046,131.6985,16.512924,36.320045,5.060641,14.675128,-6.1637278,4.7142596,-9.5868,-1.2903655,-2.6941342,1.5798402,-2.2748077,-0.18491913,-3.260644,-4.681197,-3.571376,-3.969041,-1.8218516,-0.91566366,3653.6116,731.79456,481.8951,123.17258,140.38605,123.50907,108.64532,94.27558,87.3065,71.86254,80.97681,95.76068,82.50303,111.93549,129.39249,97.33505,131.88293,121.84373,103.09762,142.73537,0.2873139,0.19928415,0.3057773,0.23885378,0.43773624,0.24355659,0.17107351,0.24469535,0.17189766,0.18105005,0.15794064,0.20966193,0.1191002,0.05645502,0.14745417,0.05100541,0.17991857,0.063147314,0.049266133,0.11936434,0.05398263,0.075057924,0.05468496,0.07674607,23.730401749737037,21.506002647810455,27.13888763933232,24.09020754260175,22.49426253794873,18.50441750416704,29.64570876610844,31.2969468416675,30.230256192409342,34.82342083372528,26.21605132737421,29.309595100868687,19.025779849636407,13.536924308461941,0.04151184270994582,0.0003843607656484659,123.046875,jazz.00094.wav,jazz
-219.7643,100.79803,-1.4563253,41.28544,-0.94854546,23.37939,-11.514086,20.027903,-15.970275,13.943597,-7.9898458,5.7383604,-6.868226,6.2124853,-5.8096046,0.9544681,-5.1647315,3.0511167,2.08082,0.9545141,1628.7133,417.97504,450.2376,101.21337,77.58924,78.249954,60.103756,53.703526,36.507935,60.357925,44.187374,47.440857,34.57864,61.60704,73.221886,92.28121,76.13467,89.1034,91.673195,97.26445,0.36993325,0.28176153,0.40940443,0.34218305,0.34893158,0.283523,0.25392976,0.38464355,0.29548734,0.27309647,0.24077873,0.25170097,0.13330615,0.06286998,0.1466045,0.08250439,0.09160954,0.07056523,0.052253522,0.12971447,0.07764305,0.0863115,0.06766483,0.047327664,25.451686590569373,18.180133228572508,21.652784816394565,22.39082645733923,22.366164935050964,18.99586545189855,38.30446450126763,31.504326161736586,25.69897044149659,26.01801047060283,23.97036971210724,20.17644216151439,7.475637833459998,5.722062494869688,0.06339606412054953,0.0008449735074358683,117.45383522727273,jazz.00095.wav,jazz
-277.2356,95.75203,-2.979494,43.91987,1.9414102,22.249989,-6.1406465,22.460953,-12.840875,10.780396,-7.533229,3.5953238,-5.0750594,6.763929,3.6364908,6.7209134,1.7745736,-2.1269126,-5.3855343,-5.3367405,4332.431,906.5232,514.53613,221.93362,160.31866,79.79371,116.86956,65.87496,95.18562,67.28706,97.7052,67.47433,45.146782,57.810204,95.80136,167.12021,101.44342,47.93286,141.93217,129.36876,0.27591094,0.19622374,0.26916158,0.29708344,0.2640229,0.3881363,0.25423574,0.2429875,0.25051272,0.26058498,0.56890744,0.31614327,0.09898235,0.046636168,0.08033717,0.11117063,0.06498901,0.098950535,0.064503014,0.07770527,0.09490068,0.053793974,0.16293894,0.05952508,23.082059070106983,17.892110882499146,22.96008390803419,23.569877211013658,23.754496667079046,20.49693927783241,36.638012796727566,26.32831768272045,22.48796085020228,33.51163463420905,31.602115633045212,24.704489574454968,13.228149251084524,18.78344276200515,0.07777050478908669,0.0021125087439445426,135.99917763157896,jazz.00096.wav,jazz
-413.5791,118.27575,31.10331,40.165215,13.103847,13.944953,-3.7192216,4.748372,-9.8912525,-3.0627759,-6.2822113,-3.6105387,-5.2636905,1.1222538,2.8341737,6.5945344,7.95137,5.062708,1.6020721,-4.3780694,2117.5696,534.6986,807.6984,168.75655,148.38205,109.12058,71.076996,65.5466,45.423244,66.68345,64.06374,67.94148,86.08953,78.1969,106.24019,170.77753,171.0009,136.00607,110.0855,103.47303,0.17553176,0.23208264,0.1920274,0.22950742,0.19473313,0.19877991,0.18001068,0.23981795,0.3092512,0.3474587,0.23766524,0.15167154,0.05387524,0.11609083,0.070871435,0.12411285,0.071298614,0.08254558,0.040787425,0.09886219,0.10678324,0.13182013,0.1018265,0.058498744,20.770578223448467,20.907663551744534,28.39942462505112,23.36399854792675,18.923352470264202,16.80417065731088,28.26326893676128,28.452125688087413,20.734774681896134,30.160733546648405,33.910691845696434,19.969987745065293,8.141582372477023,11.001549583695757,0.03991094536087461,0.00047482574167959926,112.34714673913044,jazz.00097.wav,jazz
-223.03062,102.89912,-1.6697352,45.199474,-6.7459745,25.354921,-14.366872,24.246717,-10.414377,11.146243,-9.151457,6.6251283,-7.828697,9.370097,-3.43028,2.6738753,-6.2106004,0.8636526,-3.3903112,-0.38150382,2176.7263,460.38962,352.59473,103.83548,82.79994,55.069298,51.430298,37.44402,44.54524,55.26473,39.255066,40.670372,37.165874,31.241755,36.872543,36.078274,33.55512,40.71303,57.052147,62.500145,0.3767635,0.38075602,0.4230522,0.33586055,0.29963997,0.31365263,0.31392336,0.2913634,0.27713817,0.3208313,0.2912484,0.31060344,0.10873984,0.086414635,0.12423391,0.08215767,0.08503482,0.09812613,0.08485622,0.08497917,0.06818565,0.08928163,0.076620914,0.08370784,25.643874779610623,17.58665914473098,20.075574837831432,20.849530236033388,20.100651538117887,17.675584056426317,37.87592663864745,27.91912661539972,18.138111615373276,24.7920765371298,19.889422737594067,13.194715516181295,5.475465193658481,6.58423669299217,0.05812512093653251,0.0012422807274072797,161.4990234375,jazz.00098.wav,jazz
-315.01422,112.72766,9.740748,38.98918,3.942611,20.019873,-7.2231936,15.273513,-13.67778,10.151815,-4.8844337,4.7019944,-2.6995628,3.828492,0.84135544,3.3496344,-2.1094282,-1.2456768,1.7837285,-2.2265735,1948.7175,530.04474,281.45166,93.16771,84.369064,79.91281,63.128338,58.329807,46.376488,56.937923,59.16216,84.29311,66.43291,90.561615,118.671364,74.87156,88.68087,92.263954,78.67706,88.09497,0.33997396,0.19826576,0.2240976,0.3653012,0.29992318,0.2979745,0.30272737,0.46200997,0.33776736,0.23850872,0.25423375,0.22998156,0.13698152,0.05420498,0.05493934,0.13497888,0.076310076,0.10656404,0.07018451,0.14944786,0.10032099,0.06222061,0.09591485,0.05394665,22.923366097124912,17.36839436700012,22.513407873100846,21.811123245437557,21.783697718119747,19.57787361004613,34.188354993002065,29.63352958159803,24.319527449071774,31.573772750097138,24.348727826539008,16.85638187650749,10.066390691975302,6.86590532357184,0.04620040090460526,0.0005375908774818332,135.99917763157896,jazz.00099.wav,jazz
-52.93138,50.087284,-11.485749,46.351738,6.5509257,10.124288,5.479244,8.854687,5.9422083,6.6225224,-4.0471754,9.770576,-3.118492,3.657853,-6.5097322,1.0867523,-4.4839272,4.7281733,-2.7538903,0.50667185,349.0004,197.08241,260.36804,221.352,116.35473,81.837616,66.73665,65.127815,57.441376,51.44129,56.49595,54.272724,53.358974,57.875175,49.77162,47.44278,41.100098,36.185493,44.881863,37.07584,0.53195053,0.5320383,0.6490014,0.48104125,0.45185938,0.45147222,0.41558096,0.5488131,0.4265275,0.43679687,0.47065362,0.45761126,0.08337093,0.051318657,0.07438317,0.054302692,0.04927592,0.078560926,0.05003942,0.0879158,0.042359162,0.06085843,0.07470978,0.053178918,15.35945102929186,14.394729240175545,17.7598973389497,17.323703834525425,15.99997146121007,17.221698612760974,31.760035151408587,11.925323282750222,14.690448010954231,16.553949202158567,10.845472156598124,5.405752535394768,4.956429187618304,103.52986203926315,0.18307976973684212,0.0021831421699045304,95.703125,metal.00000.wav,metal
-80.14728,64.84362,-15.4656,46.839314,7.9110203,21.762014,-2.176079,21.986689,-7.7126284,11.144746,-4.2870846,11.442518,-10.365105,11.727381,-7.095706,5.931137,-9.025644,5.5059457,-6.2011685,3.1252632,453.90152,159.73181,131.79082,81.653755,92.41984,47.60808,95.47828,55.722923,57.50413,59.80631,45.873493,40.98206,44.063526,57.47434,38.430843,37.323433,37.90735,34.39945,43.08101,40.596,0.42943066,0.5543674,0.5104492,0.5753518,0.4545419,0.45166323,0.4642469,0.4049083,0.45328122,0.45049724,0.50660866,0.46785545,0.04916522,0.096940696,0.055781197,0.09273926,0.054649305,0.07302386,0.07543498,0.049554106,0.07324765,0.064905114,0.079244025,0.0712435,19.399434358104212,14.162131945321894,16.153617674612352,16.492246973597656,16.429996524056804,16.421219263631254,41.484208385892124,23.684057973993504,12.02727450084817,17.52699311619443,9.38730273064276,4.480471458993398,4.261702132675568,33.24909423499801,0.15290156975619196,0.0017189931197184218,151.99908088235293,metal.00001.wav,metal
-62.21819,115.20072,-42.81503,54.31106,-24.88396,20.13311,-21.639135,20.847036,-8.398701,20.328602,-10.731801,9.669686,-14.547392,6.932939,-7.4813604,5.973085,-3.4757648,6.57429,-6.577369,2.9633865,995.7651,316.10812,298.449,215.81548,75.5318,106.50905,68.55331,47.368816,59.48364,44.963074,51.606567,38.564167,52.869976,31.871367,32.546978,35.699867,33.799038,38.38154,40.819767,33.554913,0.37108824,0.4287569,0.38249224,0.34447798,0.4600515,0.42108366,0.564041,0.5026837,0.46586472,0.47744992,0.38072848,0.39133164,0.06450017,0.08100161,0.058960002,0.043587293,0.06812151,0.05317381,0.09707032,0.08846168,0.07587935,0.083280705,0.05846618,0.08247985,21.240286949177897,13.809281710116604,16.048015186648467,17.40502852343782,16.5196822831009,17.129177394134878,41.123699968399,17.73853582992623,15.118816845358118,13.368214737308774,9.000857855771542,7.329948799716065,5.729877932859896,10.370917551221373,0.12839302559017027,0.0009764448829632744,112.34714673913044,metal.00002.wav,metal
-43.064682,75.397606,-47.840973,53.023735,-12.337867,36.87316,-8.28772,28.40454,-14.531338,22.106436,-7.3557463,15.97535,-13.140839,12.263161,-10.449837,5.9393992,-6.6831427,5.279664,-2.331793,3.5936801,410.23248,235.00087,191.65741,82.74552,74.25194,78.35563,66.66933,73.00576,48.471104,38.708454,50.681957,31.358372,36.144836,38.085213,40.202988,39.388733,39.781334,50.315495,41.427567,41.491596,0.39938638,0.3967681,0.42065325,0.46801606,0.6151858,0.525076,0.43142295,0.5245811,0.5978175,0.61383235,0.4462659,0.41303158,0.073401086,0.06955456,0.078669526,0.06443671,0.08120992,0.06935281,0.053164456,0.07129349,0.08008409,0.090491146,0.067850314,0.06914086,17.904737366509146,14.625226952859785,16.62073809520203,16.556232483002756,15.508762368479871,16.93277650688227,43.79695903137546,13.967772507047679,13.458655517756757,16.347140945248807,12.299835979599024,5.353099722752789,4.799256673639294,4.331719863003798,0.16671025420859134,0.0022374434478626016,99.38401442307692,metal.00003.wav,metal
-107.129585,47.660187,-8.620708,38.398926,8.458258,9.54455,1.0175122,20.74903,0.71484894,11.783107,1.1646875,11.063398,-2.529399,7.581269,-4.1991124,7.0764894,-6.6205173,4.546639,-4.262467,4.2896204,1127.2373,322.3228,182.47586,182.85141,102.82931,96.25288,111.4894,80.41386,62.79465,63.841164,49.69069,42.756325,43.561718,42.66804,36.769722,36.87743,39.44592,32.39553,30.533148,32.484814,0.58759266,0.62525046,0.6549602,0.5916933,0.5851299,0.6591548,0.6035381,0.6507682,0.6980667,0.7171087,0.65107644,0.59158933,0.046576332,0.047099955,0.057409246,0.050043844,0.035025276,0.04878019,0.03874467,0.04734521,0.044559076,0.049223367,0.045259353,0.043846067,19.547972619707256,13.049010236486705,14.005879318251159,14.49661185384871,15.87212695199625,15.975141265928064,36.545322536134975,22.384062053809274,9.973471954432565,11.14955320184516,6.975363783930671,4.8077348526120405,2.874762331650712,51.18723236119661,0.19242362857972137,0.0023566770428356783,135.99917763157896,metal.00004.wav,metal
-79.627686,93.472885,-27.749144,64.06913,-18.807098,23.320396,-10.540276,13.356394,-17.537811,16.38852,-10.054388,8.941801,-16.081074,4.287135,-14.799312,0.26462847,-8.214849,3.4206583,-3.714394,-2.4369857,1074.7245,299.59958,260.77686,178.44029,95.26823,57.938553,99.50374,69.4653,69.137726,71.925186,55.635757,52.928757,33.700066,44.52747,34.43843,42.259205,31.107841,44.884296,46.70752,40.013474,0.35944906,0.37152007,0.4868529,0.40814137,0.4063151,0.3680419,0.41415536,0.5407026,0.45672172,0.46660116,0.38787097,0.4048617,0.065819554,0.060294103,0.09557122,0.047420643,0.092959456,0.059874326,0.061165873,0.12032859,0.060365736,0.10204166,0.046733685,0.08769799,19.208924547379105,15.484474824753782,16.35955258363933,16.27055869699494,15.913762622661121,17.40062633735374,40.914655995532065,19.247705945591846,12.817541503388837,13.88932768427027,10.541412810568545,4.739546657991364,6.211076667577372,10.182995358903614,0.13437825016931115,0.00132308984739408,151.99908088235293,metal.00005.wav,metal
-140.7783,55.923157,-12.291191,44.319008,-10.604771,10.867444,-0.95333475,22.243965,-9.378978,15.246445,-3.0641425,9.072361,-8.798301,8.746224,-12.113971,5.550327,-12.49319,6.3504667,-3.861166,4.7257943,785.0534,431.3611,296.25436,152.4128,152.68944,70.65719,141.9053,102.88598,102.60778,57.701878,75.43339,62.47585,60.63008,57.299637,58.450367,54.08096,55.849586,54.920406,51.163048,54.423325,0.3461359,0.35395858,0.33961624,0.46342468,0.4311424,0.5907305,0.48508772,0.434041,0.5387355,0.4192641,0.46262616,0.34279436,0.06879566,0.07705599,0.05186646,0.09393297,0.06423239,0.09570633,0.07693773,0.06437546,0.09944914,0.05802539,0.087493084,0.05246079,20.26759197517095,14.51586630923804,17.938700082268852,19.15988171197691,19.010769801360784,18.276271040469464,40.10554374411651,26.85504683246376,13.062775219860699,22.72070852326946,22.208139014970495,13.839762738468327,9.188580227736866,21.323587226591865,0.1981254081607972,0.0033290834800188047,123.046875,metal.00006.wav,metal
-108.09747,65.77733,-20.841005,47.559593,0.85362834,8.991208,-3.2142603,20.978046,-10.349271,7.8764496,-8.126471,12.045557,-9.155127,7.0092583,-8.752738,5.7859516,-12.369431,3.441416,-7.3785267,4.871621,269.55167,284.95956,244.68704,110.249756,94.54549,41.384434,62.22776,46.001118,42.03712,31.804087,32.274895,35.279087,36.194958,35.67359,33.86386,32.86028,29.72041,27.358383,29.23862,24.92893,0.52353,0.5977044,0.6531759,0.5889573,0.6254751,0.58932173,0.5275321,0.6000298,0.69141895,0.60905874,0.48606277,0.4841378,0.058601007,0.07126892,0.07831965,0.051982306,0.064569674,0.055773254,0.050193917,0.055499032,0.060559507,0.054279305,0.04195762,0.051286526,20.46024314317949,13.477441514201471,14.622747843345934,15.144029960718337,16.2802202549867,18.40073859871639,39.92133002465377,22.8304356344591,11.44248449172187,11.891374796901033,7.219740555105765,4.023767392965149,7.34641576714601,28.54994426520837,0.16837313153057276,0.0018746937492109975,151.99908088235293,metal.00007.wav,metal
-149.98431,67.907,-6.6888485,32.084488,6.0797987,12.23563,9.134745,10.182917,3.7711072,10.596401,0.77275217,7.715685,-1.158373,-3.3025763,-7.533149,0.41751128,-4.005859,1.2608818,1.4787948,5.482005,1774.8568,739.066,494.30417,177.94403,170.418,118.779144,97.949615,112.29867,65.4532,81.30661,55.000313,63.819195,52.17197,36.79518,38.852894,45.340008,42.766785,47.961086,45.415512,51.34491,0.50772893,0.42903292,0.477331,0.50555545,0.6534639,0.5277996,0.4560665,0.4000559,0.30650818,0.339343,0.40970165,0.5863434,0.078986794,0.07204358,0.08692265,0.068334945,0.10307984,0.06672071,0.07593592,0.08475644,0.047457602,0.046625096,0.052821822,0.095974214,21.76168500849085,14.613553445924735,18.11664193675605,17.634655274294346,17.73405379365901,18.69094184326738,29.552113958698445,18.97947203906093,17.206743948228656,18.397158528971975,12.121929193434465,9.856107944863162,17.677808419076563,79.96844240452275,0.14055924076044893,0.005055631012843391,117.45383522727273,metal.00008.wav,metal
3.642235,104.75209,-0.8226447,55.941105,-29.222486,31.255442,-14.195287,20.202589,-8.280901,15.181638,-14.587307,15.663606,-12.990428,15.283536,-6.9285975,9.860408,-6.502115,4.9016957,-0.77597106,6.457592,543.286,191.40749,114.82769,222.23994,79.5774,64.41057,61.718918,50.212753,49.512726,39.974464,22.929415,28.181265,22.871689,28.288376,26.459728,29.931114,21.45113,19.94055,19.205713,18.538963,0.5585233,0.547316,0.64590186,0.50982064,0.39825723,0.46606323,0.5297445,0.4946933,0.48204106,0.5391962,0.54679275,0.6058857,0.053695086,0.04273468,0.07767371,0.049780075,0.036030237,0.054814402,0.05983645,0.06198749,0.050440084,0.057275936,0.056204177,0.08234958,20.160007982799446,12.06964836079488,15.336120704795043,16.503528003039087,15.323651420979967,15.47284298677417,43.93144042412283,27.068346368272557,10.325212610140802,12.114051181148175,6.508745302672588,3.3927169519983034,2.469419446932927,4.184371231070275,0.09467932166698917,0.0005542299892043826,112.34714673913044,metal.00009.wav,metal
-58.72036,70.55818,-19.421352,73.593155,-27.765425,23.759441,-17.90417,21.222898,-16.94942,16.136871,-15.223486,14.874156,-18.705826,11.308096,-14.637608,4.3117094,-12.718779,1.1689206,-8.019438,0.91980964,492.67474,259.77094,111.421646,225.81734,161.32324,69.86457,57.265347,94.47336,60.28803,46.618584,30.84564,23.922155,28.997742,21.072218,18.735996,17.187363,18.185286,19.544245,25.055094,18.988613,0.54218656,0.503842,0.5050583,0.48574778,0.49224675,0.5011178,0.6154338,0.6375606,0.5695837,0.5521055,0.5414548,0.55619353,0.055486247,0.064338945,0.05611991,0.048623227,0.050902747,0.048096463,0.065957345,0.071333975,0.055649564,0.06013879,0.053184245,0.068505414,21.774744392280244,13.619874592868959,14.614192140582727,14.652860529846127,15.102303305627848,16.33034367656908,43.444490842575476,20.962910785184608,11.08224643818857,12.54439400108328,6.86386414025917,3.576079934136277,6.719556674670263,5.787101082454912,0.19654038373161764,0.0018571919185436613,129.19921875,metal.00010.wav,metal
8.79297,82.823204,-30.564281,66.71608,-16.359283,16.56822,-10.763801,29.540407,-25.089777,16.821932,-11.392603,12.7859,-13.347067,9.802606,-14.256787,9.601154,-8.031881,5.1873074,-2.9507003,4.4044585,174.56183,116.42119,94.90961,64.09153,74.51873,36.96383,34.422665,39.46908,25.871922,22.626003,25.617146,21.765957,21.153429,26.84931,25.399601,27.677776,25.142065,26.686998,21.587393,19.454613,0.4082434,0.42748484,0.43767875,0.5764432,0.57009834,0.5189811,0.53822225,0.6778065,0.6520332,0.45833898,0.4472043,0.41767287,0.044638515,0.054720078,0.04670728,0.08236813,0.068318024,0.05663357,0.064229615,0.06167182,0.06668654,0.049771827,0.061152887,0.05151823,20.556105435802372,12.422289661294613,15.070807892557154,15.770760286723624,15.918970247647367,18.13256308239204,45.373111481902,22.978364963892766,10.535365044330195,11.58696418431319,10.462879257650625,3.2921308743149997,3.6043910427651946,3.536997322136582,0.17150160845588236,0.00080972272740581,112.34714673913044,metal.00011.wav,metal
-64.107925,74.525986,-45.968002,65.855095,-14.676303,23.849155,-13.777111,37.7623,-10.587833,21.39044,-9.345858,17.91302,-10.791604,11.354605,-11.166747,8.709755,-8.963811,3.229737,-5.745522,2.4206762,448.8007,227.69072,137.59428,194.72467,75.344894,88.81575,81.59863,51.923676,57.442883,45.004486,37.235466,36.465134,29.798096,27.822865,26.842836,28.039059,24.77958,21.079126,23.978628,19.424849,0.6545078,0.6471442,0.60543233,0.5357638,0.65411,0.623533,0.5909746,0.6123014,0.61436385,0.5645781,0.53164804,0.6253364,0.057304375,0.04883458,0.04861596,0.03725502,0.051307045,0.049784184,0.047302306,0.04841937,0.051910583,0.053467855,0.046002418,0.050060634,21.41613733371643,13.55205327423076,14.598851777240817,14.971417537861893,16.336131500231595,16.98724263186258,42.59205154217188,21.958800265619125,12.113038465902036,11.3131423913639,6.444298841922317,4.783200153611934,3.3149642040988385,4.73414518072997,0.17691276243227555,0.0007410994055176791,123.046875,metal.00012.wav,metal
-84.90263,64.63974,-36.32613,65.39542,-13.867816,22.872536,-15.565662,36.293034,-13.677166,21.259466,-9.251361,19.171608,-10.607493,12.314615,-9.792946,10.552154,-9.910699,5.051337,-5.342369,3.801619,957.3512,233.57382,120.26199,148.66895,67.44676,58.23007,77.37959,60.763855,43.21959,40.57296,31.304781,26.882921,27.850943,26.486237,20.900248,23.088827,24.264372,18.602182,18.835182,18.270111,0.59582275,0.6389562,0.68447196,0.585596,0.66774756,0.70213157,0.63085276,0.6769362,0.69959146,0.63789594,0.57201916,0.5424372,0.042451013,0.0459479,0.055201493,0.033203788,0.03634352,0.044980172,0.033413757,0.042290665,0.043662746,0.0454912,0.043688457,0.03776492,20.394904152142317,13.080404961912944,13.955280297608763,14.166939153977577,16.091296588801594,16.234271628591152,42.67996282950524,20.6991289525498,10.850722293394375,11.092004936500826,5.267718283665845,4.257303983657448,2.2227851533258027,3.767548461998558,0.20360421101006193,0.0013693171673477191,135.99917763157896,metal.00013.wav,metal
-117.9197,65.44176,-51.43996,74.10702,-13.760528,25.753458,-13.138064,32.225914,-10.345248,21.713371,-7.8024545,12.349829,-14.452735,5.787718,-13.264057,4.5679383,-11.399254,-0.666863,-4.573327,-0.21592188,1938.1378,242.10793,159.92128,167.66368,71.45885,53.60336,62.0677,67.774994,36.761086,50.355583,29.758205,51.37026,28.541143,48.555614,40.38985,42.92573,25.142004,50.636967,30.745996,55.721447,0.5451905,0.5783848,0.5793631,0.5632533,0.60090506,0.5774858,0.64329773,0.6044032,0.50361425,0.39780173,0.45565337,0.58175784,0.062412128,0.060798977,0.066353604,0.052543357,0.072458476,0.046837725,0.067513786,0.059897438,0.053278785,0.044282522,0.050645303,0.069236755,21.99706888222938,15.571346234906875,15.670889596320109,16.857588245635217,16.70258033815143,17.867858313034368,40.892532394175376,17.623157786050694,16.112819855058653,14.058876922145684,11.063016240856099,4.583861602252713,3.410028029026203,8.07639962519668,0.18530764742163314,0.001344774690057295,151.99908088235293,metal.00014.wav,metal
-76.78499,68.00349,-11.247029,76.363235,-17.476347,25.336975,-17.900314,20.368681,-21.420486,14.217725,-15.768945,12.524237,-18.507433,10.831447,-13.703334,4.864304,-11.98036,1.6491083,-7.645301,2.2255213,528.57495,226.80853,114.533295,209.27882,141.19633,60.45908,67.20513,63.20968,42.45177,38.632538,28.398813,21.540339,29.044468,23.110647,21.216331,20.821093,19.29419,21.306581,24.214481,19.456923,0.4554734,0.36595932,0.40526962,0.47392094,0.52058,0.46528333,0.5756232,0.59854597,0.51136714,0.46960443,0.45928138,0.51825315,0.058873404,0.042186625,0.05419346,0.067836404,0.08266494,0.04722172,0.06663725,0.07911782,0.062866114,0.06618612,0.05429464,0.07559605,21.122139655206485,13.7230233820445,15.74416213446355,14.386460281793848,15.469269487529782,15.86633632109141,43.081816840303766,19.76834324912293,11.414104995429664,13.951772551633608,6.039881818709837,3.8736414717444467,5.047254755612415,4.901023121736556,0.16926541638448142,0.0012932531844492227,129.19921875,metal.00015.wav,metal
26.693075,79.7964,-52.05575,51.320683,-16.361847,22.011911,-17.46108,30.925192,-15.979048,16.127386,-12.196157,11.303884,-12.44661,5.206543,-7.687124,10.177715,-9.720838,-1.6887617,-7.5994143,-3.929782,391.20032,332.4454,233.87268,202.60025,161.30711,118.819275,125.87258,114.49867,72.22378,70.14539,46.17229,51.48017,50.28666,43.71575,38.528664,53.701046,32.39635,36.46479,36.03579,30.730976,0.48696214,0.5488985,0.52030027,0.5122525,0.51893646,0.40477756,0.35217458,0.45828885,0.5386313,0.6645943,0.5786961,0.440128,0.059727382,0.073250495,0.06776126,0.059025094,0.0631214,0.051397827,0.041534163,0.05438614,0.06108635,0.07760546,0.07619544,0.05604121,22.7328527917242,13.374550360234227,14.045122569406255,15.53182695707016,15.504339104212507,16.692070991769434,43.216013546222904,24.001756533449782,12.520832902494194,12.549673290154974,8.859796365296036,4.047300769087753,2.991619833193969,82.02828188235951,0.17962174076044893,0.0015795995883829948,123.046875,metal.00016.wav,metal
-75.51751,81.91142,-22.081081,69.877,-11.740438,25.740246,-18.518965,27.02771,-14.085998,22.13411,-12.107688,14.951657,-13.525078,5.8154855,-10.154532,6.781166,-10.48783,4.3725295,-5.4660206,2.9706361,492.31778,235.08011,153.7979,117.72042,68.75926,64.83613,64.93623,40.04727,49.194077,42.515823,31.738771,30.497955,29.996037,28.891665,27.475197,23.390778,22.024778,20.532537,23.020613,16.491673,0.47478467,0.4466153,0.5159532,0.5816631,0.62616205,0.6023788,0.61500317,0.60015357,0.5848096,0.60944974,0.6661239,0.6479897,0.044508014,0.042180326,0.047085304,0.06062988,0.057467002,0.04919598,0.06075559,0.056243837,0.053781852,0.06084421,0.058163617,0.06249242,13.549351529736827,13.350093071436762,13.65725981636309,14.100898455183087,14.593686208694653,16.204097649623886,42.89699337598825,10.190623235617972,11.90458986538152,10.990598223893299,5.867017305531313,3.36717368466716,2.825286516702785,4.091108649835236,0.15877568389609134,0.0021960127298422125,107.666015625,metal.00017.wav,metal
-76.37207,123.29144,-89.89615,76.44556,-21.269108,22.2958,-13.650001,14.64789,-6.320443,9.922285,-3.9226882,5.3985925,-2.4885116,5.03836,-2.9841642,5.112243,-4.379888,-1.2858984,3.0850468,0.17664616,661.8807,736.1074,203.44565,133.96536,129.01099,71.12552,114.60082,77.78151,100.92086,54.770607,77.95812,55.249565,48.178146,29.37806,40.00061,36.66812,30.865767,23.23918,27.216476,23.68849,0.55564666,0.7157275,0.63990855,0.5710643,0.5142818,0.4581844,0.44411433,0.5920351,0.6702979,0.5783723,0.46711987,0.45951143,0.046847604,0.06570059,0.05657606,0.05695551,0.05150801,0.048375152,0.04308617,0.055913676,0.05780524,0.05642892,0.043857455,0.0430202,21.92077290283151,12.756876023854453,13.825868237078096,13.939046108675827,14.993670465901305,20.881165540659307,37.88628641092546,26.641917347270315,12.670934369674201,10.264878779942094,5.419471556251686,3.747440568793951,9.613519547506767,15.583533183743972,0.1803178816756966,0.001585895169233647,99.38401442307692,metal.00018.wav,metal
-89.329834,82.35691,-23.258312,68.10751,-13.08676,22.4548,-18.526537,26.23265,-14.358577,21.504412,-13.878504,12.481539,-14.122218,3.753356,-10.118068,5.401125,-11.116164,2.6867976,-5.6887302,3.0959978,3151.094,376.2288,210.27298,139.55536,83.583786,92.32698,62.219288,50.887867,55.690685,43.574768,36.754765,35.505882,27.902163,46.390774,36.309624,34.74996,23.180914,33.29428,24.418346,25.064966,0.45910725,0.45793974,0.49361148,0.54711926,0.58830833,0.5684845,0.6085456,0.5922755,0.54731244,0.550361,0.6473711,0.60178614,0.052393585,0.055297103,0.051873785,0.06471933,0.059449263,0.05121328,0.072294146,0.064977236,0.055710807,0.05155071,0.066573344,0.06230536,15.177397102100613,13.407538157804222,13.7481998293601,14.316681987400074,14.965296937572294,16.796003099040142,42.407524382096895,16.036447436443456,12.114331157850554,11.212564858726306,6.182811779647282,3.9894287797662593,5.288782879808146,8.721384456674656,0.16150658197078174,0.0022520719926059202,112.34714673913044,metal.00019.wav,metal
-75.01831,81.17257,-20.199926,68.304726,-11.342598,23.670305,-19.834023,24.183435,-13.177372,22.286407,-11.556872,13.55321,-15.058013,3.302359,-10.513962,5.075372,-10.686498,3.8659298,-4.944836,3.2599394,1274.9359,297.73956,109.26386,96.28483,62.223114,70.03415,57.6764,34.35747,42.63241,45.685055,44.7175,32.949635,28.682426,32.52796,28.323675,27.718088,26.421455,25.607573,24.452467,25.160501,0.40072188,0.40640968,0.44934648,0.45450807,0.47892252,0.4870623,0.6023327,0.5714156,0.55262256,0.53126127,0.50528884,0.51084715,0.047492262,0.059401475,0.06795936,0.062346905,0.059288573,0.05603838,0.08255221,0.07615279,0.084992416,0.08842972,0.059948917,0.08684493,14.846250325758335,13.883019368168606,14.449131011669701,14.406476496389615,15.077423536904135,16.488981915489223,43.065471632558236,12.43817852224314,13.392125899518101,13.270108659840337,5.542648570575074,4.299682339757775,3.245219299717916,6.113238886964761,0.152409131312887,0.0020698035529411467,99.38401442307692,metal.00020.wav,metal
-76.28286,61.76296,-37.112747,62.440014,-14.831243,34.567806,-11.487005,30.963097,-12.278125,22.313232,-7.511117,17.84716,-11.126256,10.237993,-10.79403,5.1591578,-7.724808,2.585732,-3.0912778,2.6671667,621.77014,203.56404,146.98016,111.37105,73.36346,64.607994,86.03596,34.61391,56.37093,41.237972,47.203396,28.937273,34.612694,42.955215,51.18539,44.73263,44.041813,47.459213,50.094013,42.44202,0.57269275,0.49122435,0.5081089,0.51633036,0.58823365,0.4833,0.5038338,0.57176965,0.52989095,0.46865457,0.49640465,0.57521796,0.0811524,0.055990584,0.07549808,0.055686988,0.072082624,0.049931724,0.05074274,0.07684161,0.0616865,0.05366437,0.061362524,0.092437126,17.61067140279061,14.970612427449922,16.71605173213949,16.33613639759693,16.233538848560148,16.576719340298617,43.92910949772477,11.566346686438886,13.141612183189267,14.17891330626571,9.92706359264755,4.807322503518549,4.379059125084928,6.679759069912056,0.19161335381191952,0.002579178523456989,107.666015625,metal.00021.wav,metal
-45.843933,108.013725,-11.740544,66.32776,-30.207605,9.2367,-25.772972,21.87735,-17.929054,10.275843,-14.119918,18.74677,-14.2388315,-2.237886,-5.778148,-5.8649893,-2.5429695,1.4795749,-5.616363,-2.8201232,917.6991,158.31767,140.85573,79.30659,64.94611,110.73445,49.09352,47.92305,32.352478,43.9717,38.142803,30.934181,29.184736,33.82615,29.808182,45.81446,51.256676,35.28541,22.512728,27.997286,0.2586042,0.39139733,0.3175492,0.39569005,0.6098863,0.3187852,0.24975367,0.25596744,0.43987843,0.674471,0.30686533,0.2187624,0.036509387,0.09525715,0.068474285,0.061862227,0.1028492,0.03891676,0.056510866,0.032261215,0.06206216,0.106324084,0.02812932,0.03695517,22.58585602507685,14.689537863501894,17.08387091397076,17.39552969572566,16.655180017316106,18.031552635701637,45.253341313739405,20.659039211802508,15.872241384292638,15.001405302416227,10.790110912236463,6.392032256591716,9.484413295014082,7.581762724078209,0.10698310214299536,0.001032165646459344,135.99917763157896,metal.00022.wav,metal
-43.716743,82.74609,-29.634932,70.41971,-21.612555,31.165257,2.0789447,28.88349,-2.683552,19.90194,-6.94059,19.136198,-7.3723607,7.891117,-13.863939,4.059309,-6.876037,-1.7961832,1.4668608,4.539692,869.6273,239.73512,256.4548,128.54498,53.6098,65.702866,72.019325,41.892548,66.981606,36.95658,37.48947,35.53697,29.841007,24.587666,21.483196,24.12518,23.823835,39.25215,32.051884,21.610466,0.65287215,0.5590364,0.5543487,0.54950625,0.547971,0.5138844,0.44463488,0.54484665,0.5412218,0.41004288,0.46272948,0.5462136,0.092510976,0.0588763,0.05109086,0.07602619,0.07591779,0.08798585,0.052079536,0.06494763,0.06518103,0.04708065,0.06315927,0.04575148,21.638941550531474,15.509678461305317,16.528381850153057,16.105183348027758,16.29489371256634,18.04136036411089,41.5088455559401,23.649892467467133,11.851587140957331,15.145730309867812,8.720414872640214,8.48268663788617,11.87168582292868,41.502397676213654,0.13178756288699692,0.0017274845714697249,143.5546875,metal.00023.wav,metal
-16.706278,94.11414,-32.7863,61.490444,-10.101552,34.22357,-11.971186,28.200222,-15.321425,19.32545,-8.278708,17.934834,-7.455648,12.818329,-6.190164,6.3816876,-6.894108,4.45563,-4.1618023,4.225447,291.0187,286.2477,205.98157,190.4851,53.78246,67.95495,73.26811,50.48993,54.585236,57.072247,49.043064,40.390057,48.029278,61.075985,42.22662,45.81309,47.747135,42.436516,44.044903,53.020874,0.49345323,0.40133604,0.46504593,0.45191994,0.48995116,0.48056093,0.6042229,0.5236856,0.41119677,0.39537683,0.436576,0.5923702,0.079429924,0.055662327,0.07312721,0.062144276,0.09915097,0.06547716,0.0779636,0.07960603,0.055109337,0.05480747,0.05134408,0.08502214,18.611338299992227,14.546558830218991,17.018000959991358,16.792855524812165,16.193360395720724,16.939744987310686,44.34069794249953,24.260424128708678,13.986906831730968,13.628048043735733,8.567366480021434,4.5796010212010625,4.436193248911566,9.367326316921615,0.12833369110390866,0.00179068822795428,112.34714673913044,metal.00024.wav,metal
-120.12781,91.28767,-38.79496,75.003784,-3.8060124,22.66649,-8.123723,23.654573,-14.638494,13.365053,-9.405639,13.706509,-9.3145075,3.5835807,-11.857464,1.024725,-10.71396,-3.241502,-3.466504,-4.5768414,1962.8982,491.55746,549.4977,212.44254,104.01515,107.28263,84.96643,67.326416,43.799572,65.31108,45.22002,31.98943,40.1863,32.620167,40.15862,36.197514,37.53378,37.240097,41.59239,36.274055,0.4206463,0.35272223,0.438639,0.5883774,0.8093058,0.5403357,0.33617464,0.3679936,0.39983952,0.3798627,0.42531934,0.5269125,0.06424735,0.054767195,0.06841645,0.04787817,0.05966792,0.043831423,0.038347546,0.063365236,0.05804859,0.057147175,0.05639803,0.09965763,18.880992818014928,14.353372113859315,15.571092442574722,14.74581004596697,16.071125078775175,19.139076799926496,39.29067051309939,13.508250191584917,13.217618486691974,15.332296081567678,9.828493786356265,7.228282456900372,15.564669729189566,13.931947153114866,0.12610316793246903,0.002020023212075767,135.99917763157896,metal.00025.wav,metal
-61.47552,71.744484,-46.288235,75.44222,-18.524563,35.957085,-12.68256,28.374231,-9.363221,14.5109625,-4.2694545,11.870008,-16.039183,12.117884,-16.081953,2.3608215,-8.121184,-1.4349422,-0.9419497,0.81972945,530.86505,143.44348,100.53908,84.84091,48.474403,45.361362,34.06258,27.659763,45.641598,40.254787,50.066883,34.91767,48.73351,75.84589,35.602703,31.876534,52.85245,30.347475,48.35097,42.102444,0.37532073,0.4045267,0.5887839,0.5364317,0.52792674,0.41491714,0.47386727,0.60766387,0.62014824,0.517657,0.35630226,0.3910505,0.0705825,0.0517993,0.08109388,0.06368969,0.084956005,0.057186622,0.061418533,0.05860675,0.08487888,0.059338734,0.038040236,0.063858636,17.99350631775126,15.961618575460676,15.628307964316134,16.253330241411003,16.98724057813112,18.04668494718636,42.61072165269923,14.935897429615833,15.533595926904598,12.732980112995387,8.332793801504561,6.923666047516362,5.950425521136813,4.850821889743485,0.19822933799342105,0.0018602342253615535,129.19921875,metal.00026.wav,metal
-36.462593,94.79669,-36.61026,55.001995,-8.23886,29.6873,-13.684501,28.724905,-11.995235,19.366922,-15.665719,13.938667,-11.981068,7.5400558,-11.918596,5.4808097,-9.272308,6.1842527,-4.3013177,1.8341254,750.80426,153.42575,95.339554,119.49681,106.229996,59.302765,61.23443,50.39289,46.101982,37.33427,32.715534,27.87269,29.107752,28.865053,32.96572,29.790634,37.216904,29.928116,27.689417,26.434628,0.423775,0.39603192,0.42188963,0.47838804,0.45399046,0.48571122,0.40059632,0.3889875,0.56744075,0.6244264,0.59257597,0.46551925,0.059802786,0.06862195,0.07062481,0.08946544,0.05720741,0.08646317,0.058248043,0.044398665,0.080055505,0.073901065,0.07835658,0.062848814,14.275191234084346,13.994723664502695,15.846516640994226,14.72584121232525,15.221332439649712,16.60613937985802,43.007634137382425,8.182287386204685,13.338847524870424,15.17508400607401,7.250509084829988,4.160237576886555,3.6850618784132187,4.538704637656689,0.12830912587074303,0.0008074613181905453,129.19921875,metal.00027.wav,metal
-28.089987,84.033875,-43.716156,47.99097,-22.45509,19.917406,-25.18115,24.802288,-13.120749,24.669502,-16.419373,17.564196,-15.417398,8.639938,-9.952718,7.071071,-9.484702,8.427125,-3.5489016,2.6234772,182.96312,199.75198,175.9731,69.38301,52.216465,41.531227,61.159637,34.06325,33.12007,44.336033,31.441103,27.703869,30.977343,31.283638,28.61819,24.424896,22.653471,26.058758,26.42435,29.981802,0.43581563,0.4752407,0.39921004,0.56913555,0.51713777,0.53085613,0.5240817,0.44128674,0.48574603,0.45283905,0.57778716,0.36583737,0.068184115,0.05987144,0.03552663,0.0851399,0.06778112,0.06988742,0.07947154,0.05574825,0.070171416,0.057403058,0.08609584,0.037220918,19.352247257862732,14.041352045568068,16.68014101432692,16.226822249581748,16.090325653942706,16.737898267746612,44.53738812057779,12.869171424875347,13.707034252377674,13.421368299402024,6.944571507821339,4.746771462188215,4.856413081938306,3.7653029173330053,0.17996187475812694,0.0013134907728451378,135.99917763157896,metal.00028.wav,metal
-103.658356,73.83582,-16.127468,53.154728,-25.099674,33.991573,-13.64172,25.99047,-18.906933,18.668743,-12.777742,9.545628,-16.148779,8.769027,-12.545799,5.3656545,-8.112325,6.6663527,-4.4953666,2.9296632,1353.3662,310.94757,187.19348,161.75443,166.43271,144.80635,101.7519,91.02602,64.18307,54.406395,47.432056,31.978832,47.338398,42.40715,34.06031,37.852894,33.559723,38.3156,40.50525,37.015095,0.4251911,0.35288802,0.41083065,0.44047084,0.45310417,0.5826333,0.45154792,0.47078338,0.45366696,0.46267468,0.42176995,0.3655104,0.09036814,0.05720283,0.07331556,0.09303325,0.061296828,0.1023845,0.055880085,0.078453034,0.08537812,0.07861324,0.08525491,0.056420818,22.953321126464886,14.512040233181661,17.66601622514422,16.853913933104376,15.865296666364072,16.337346490656923,43.1439042824903,21.830838855644302,12.370502213481267,15.60604856003445,13.1837939971419,5.9869976357595345,4.697042933853629,6.358293901207369,0.16334179385158668,0.0033459305866938164,123.046875,metal.00029.wav,metal
-77.45472,130.88896,-23.287468,61.99624,0.9075686,30.532892,-8.75849,19.44326,-2.2276921,13.108556,-3.2997828,8.935825,-8.964679,-0.35130334,-6.036298,-0.39818126,-6.7897754,-4.3958716,0.9761338,3.9791052,1189.3083,510.26703,215.69403,57.624565,80.196655,47.501743,48.234833,49.707684,41.125496,46.716133,50.78349,31.394918,41.54414,43.67607,23.025496,28.877125,20.967491,28.10513,25.984493,25.067753,0.6233157,0.5052836,0.41094398,0.4082724,0.69663054,0.53875595,0.32043883,0.33001208,0.36273655,0.39812475,0.39089483,0.5621053,0.073839925,0.054669507,0.057372473,0.040515706,0.0775653,0.070590645,0.03598183,0.060055755,0.03860826,0.07095375,0.048341013,0.06719598,24.615469073456307,15.981534091661008,18.20258490839565,17.29882906810753,17.643228480964442,17.279124142627477,39.389242396730545,22.88031481553139,14.72486994092829,12.627934086174275,6.387949685844159,5.979429888526433,7.393034266300263,15.361518281627628,0.051203016157120744,0.000307142554563598,129.19921875,metal.00030.wav,metal
-12.502531,91.33017,-23.079102,50.981163,-12.106396,30.916203,-15.001935,23.06173,-14.281173,23.065376,-17.684673,13.16198,-15.200903,3.9402604,-9.093106,5.5435486,-9.840607,5.6275406,-7.0400934,1.4170808,800.6484,219.09561,163.11658,163.98744,96.29491,53.4867,110.27606,52.938946,65.270645,72.297806,52.432987,40.94202,54.464123,39.827827,37.11402,39.554382,31.485376,32.466022,28.375134,32.844257,0.37946323,0.438916,0.45454973,0.5906701,0.4147061,0.3339101,0.3410208,0.4146894,0.60688734,0.48257154,0.49828827,0.39901364,0.06944592,0.09048831,0.044693038,0.09003785,0.05176775,0.045457583,0.04842497,0.058181703,0.10993478,0.050007503,0.09532523,0.06213398,22.1074246892119,14.714984013641356,16.37584379130139,15.787003470192023,15.666069390173362,16.088029159616585,43.762652349532,23.789330977924465,15.317888342501142,14.027842970492687,8.636836697133297,6.30075825759266,3.805718120199661,36.38105966968335,0.12520937137190402,0.0018052974442794244,135.99917763157896,metal.00031.wav,metal
-61.907036,93.03636,-39.96771,56.147964,-19.685198,23.381887,-7.6440945,17.719402,-19.306637,17.783297,-13.095866,14.301978,-13.079706,5.447866,-10.795583,3.732999,-10.746842,1.2737482,-4.6123557,0.33479157,2137.0593,321.4343,288.3659,92.15985,53.805595,78.62103,103.55931,48.315018,68.89366,34.78579,47.971,40.122223,43.438843,41.185417,45.09259,35.00501,45.200466,40.39676,44.865803,33.540466,0.40278083,0.3521408,0.5132286,0.46010754,0.5966406,0.45571682,0.43853584,0.47704834,0.394124,0.396325,0.32915455,0.4230093,0.076594025,0.05071407,0.09265065,0.055205856,0.1008603,0.075745925,0.060199406,0.09097268,0.04713812,0.067782804,0.04324122,0.088650055,20.99542975481132,14.505892942255986,16.74275761776835,17.82614739557932,16.72794648969576,18.61679857534122,41.60094653895186,11.852670478727294,16.269823686739183,16.802094026953313,14.94383346541069,8.16402233403803,7.5658743326703215,10.249610836448404,0.14816085768188855,0.0015498047782064213,117.45383522727273,metal.00032.wav,metal
-35.73135,115.466896,-40.631664,75.38111,-12.545452,21.839254,1.8210291,15.605564,-0.17317191,10.234974,-11.762732,15.405224,-12.471008,4.6235504,-2.470627,-1.6684321,-0.33323413,-7.7724237,0.9960804,-4.1807895,1939.9965,789.9676,208.9482,102.71232,101.054794,75.27089,135.9373,77.062294,71.82928,36.732536,25.762995,30.005026,22.741152,23.922188,29.493984,64.03783,72.001015,59.850716,52.73083,21.50034,0.5240476,0.37470227,0.4345591,0.5623796,0.70162296,0.53643626,0.28010908,0.28020635,0.38329175,0.42300642,0.5762518,0.6859518,0.066865884,0.047594722,0.054224733,0.048160072,0.08583389,0.050339572,0.029443327,0.034476545,0.063761964,0.07322311,0.082009085,0.08018882,22.630805130929513,14.193400046990373,14.920978330915636,14.89734748934169,14.966991832843638,23.345896547694913,39.710973789990774,24.814076548426538,12.996573683416951,10.588953856525386,7.382026417149704,3.791860941565711,36.94132140767189,36.04081072976399,0.10000733177728328,0.0022916887545917225,123.046875,metal.00033.wav,metal
-104.68676,87.735695,-33.242126,48.456833,-28.924986,22.51373,-24.994108,20.534803,-12.07721,18.25662,-15.190194,10.294038,-13.897689,10.2869,-4.6970425,9.943593,-5.6209707,4.7915606,-11.67811,2.9583418,2872.8735,796.7261,364.7826,416.66666,162.98769,129.59879,118.790825,92.998726,81.19729,97.59662,62.479733,64.440025,90.398636,88.10926,169.50368,86.68914,103.02083,81.07052,58.517952,57.08786,0.3713691,0.2735467,0.33466774,0.32040194,0.4581707,0.39257976,0.46203074,0.4848543,0.40106925,0.40900797,0.42607203,0.5488885,0.05571477,0.041731894,0.08179168,0.044957824,0.10222363,0.05997418,0.08752674,0.11182973,0.07626043,0.096544996,0.07112559,0.103710584,19.270317683198734,13.78066851568315,16.953697764200193,18.39915844062765,17.010331171915084,17.28335395637498,41.25816733934251,20.101244191262058,17.033511689085127,19.167180917830382,13.109337953360134,11.573641116008863,7.907633288630607,10.377859781432258,0.16091248125483745,0.0033242669135089588,107.666015625,metal.00034.wav,metal
13.472155,78.02858,-32.999123,55.550117,-9.963229,35.417408,-17.641218,29.057076,-11.254932,14.004886,-10.102363,16.527353,-8.494954,5.921776,-11.878571,6.4486423,-11.164234,-0.19770099,-2.188119,1.3877146,1898.1564,345.81714,404.58957,116.42526,58.13955,78.70716,84.63051,72.21222,71.584656,86.27387,49.912933,75.07987,33.724445,52.97613,34.748455,53.70201,29.872122,57.66302,23.322262,28.931477,0.57708436,0.80674136,0.68702507,0.53453094,0.4417896,0.36654854,0.31718895,0.41002634,0.5751607,0.49363303,0.3755185,0.434676,0.040933568,0.050318744,0.046168193,0.06087902,0.064743094,0.051767148,0.041036412,0.054045692,0.07876243,0.061257336,0.05204664,0.051330134,19.403260835780454,14.291016443642691,14.556722565636393,14.209457207751434,15.51283893663908,16.508122529990576,46.52798623402105,22.908438509706656,12.513804447976955,12.590716862568081,6.909647974284975,4.892548793508648,5.691279308320596,13.532839842656431,0.1628051379885836,0.003196517328266068,117.45383522727273,metal.00035.wav,metal
-71.27534,82.33836,-30.17323,56.464294,-10.875072,26.82275,-15.808304,25.348274,-15.630501,17.768711,-13.055728,14.628012,-14.275042,9.547383,-10.368048,8.101744,-7.4639072,5.4308796,-4.4021826,3.0511744,726.7596,269.84094,177.07191,113.064354,87.5089,61.093708,63.889755,41.598873,46.453335,56.492382,50.674385,38.25508,47.61504,34.211586,33.465393,41.29009,26.313473,33.227657,32.87343,32.423763,0.44888458,0.4511847,0.48252317,0.57062054,0.59226364,0.5789784,0.5443648,0.52896965,0.55810434,0.51380825,0.51272744,0.44637144,0.061626706,0.059346404,0.056674775,0.06925081,0.073326685,0.08308754,0.07482396,0.06921545,0.073564656,0.06493501,0.07879622,0.056558315,21.78057246238123,12.792568988732436,14.79564458295002,14.423886122131258,15.200280176925205,17.248005796652617,42.93170801861356,19.4757175714876,14.787743531265647,14.333336013592628,8.151628554820986,5.136639415266932,5.264755958077224,4.3028213854901765,0.16050318667763158,0.002388413427939375,143.5546875,metal.00036.wav,metal
-79.07527,106.81676,-38.75978,39.854446,-26.757378,32.465256,-15.021737,29.701921,-11.37107,13.770958,-14.502706,16.169477,-3.0626535,3.566323,-17.280031,-2.132361,-12.57326,-1.2415167,-1.201715,9.030018,330.69473,219.24875,134.99799,63.60779,44.753006,37.140617,61.561684,43.37527,45.709553,45.912918,49.34289,45.41156,62.496674,41.49667,40.38086,33.249058,44.22676,34.153946,36.102924,45.24038,0.42249885,0.5923945,0.47549084,0.5629905,0.40889722,0.3288474,0.34149098,0.30545112,0.33013716,0.25758374,0.33613375,0.3881481,0.07061216,0.09686272,0.0730552,0.099996254,0.077005334,0.06673091,0.0794139,0.04972264,0.0747915,0.039137755,0.062073916,0.07980488,18.770735384159078,14.06600898499768,18.168348625993644,18.096745780861145,17.501962376396197,16.22531688775482,41.94266084059112,14.134866263714535,13.140933059141245,17.612647579831236,8.857470970528123,6.048433585376443,3.6794422955303365,5.754408085752909,0.12365873826915634,0.001706939038406603,135.99917763157896,metal.00037.wav,metal
-122.234886,62.287914,-34.475754,75.653,6.2773776,22.03109,-10.958645,23.23548,-12.28494,5.612535,-6.983782,5.6169763,-14.398442,-0.47629917,-11.284502,2.1349807,-7.712521,-2.7237544,0.8729692,-5.3240557,11185.625,703.93823,577.6817,241.11052,169.35486,357.92938,99.95897,302.58078,85.42729,246.4694,57.795998,143.45563,48.427624,85.2891,52.84395,49.204758,34.581158,49.627357,49.21997,38.98134,0.40149376,0.4663567,0.54722583,0.573039,0.62777,0.5852188,0.43758914,0.39517024,0.40873462,0.41041696,0.40368757,0.39047644,0.07777618,0.0683635,0.0887082,0.06672045,0.08883126,0.08621799,0.0766568,0.08475661,0.09248235,0.086899884,0.08827078,0.07387481,24.54196545248288,15.539129305860255,17.290254715191814,16.0230333923115,18.101538558007665,19.948639119369393,40.54028617099516,27.781360654420805,19.003165379763225,26.476288249177426,14.681716850239656,11.776628911395903,39.05678564359114,50.14006007542185,0.14832790126741485,0.0034859396184414794,95.703125,metal.00038.wav,metal
-99.77965,102.12207,-23.655642,63.08262,-8.785434,30.73993,-9.646097,14.164797,0.37265703,13.223106,-10.096967,9.193242,-4.932152,2.3094268,-7.185385,-1.0914272,-4.928224,6.3270736,-5.055402,-9.303228,3828.2275,673.0203,134.79277,251.52626,310.61273,123.162346,81.38725,54.551502,57.382656,37.653614,79.477425,49.334427,37.881386,34.82384,42.999714,25.239305,31.547215,38.24598,36.25273,31.89493,0.20804031,0.19637658,0.32279214,0.54729146,0.4704593,0.27864623,0.25871113,0.38879406,0.65122586,0.5063309,0.38768238,0.3344563,0.034161236,0.03652862,0.057913132,0.101732545,0.097184464,0.06192704,0.024875352,0.054308422,0.119105145,0.07348825,0.05429183,0.07993043,21.416232526002577,17.001161164461355,18.208508616590805,18.995654050155636,16.84646353668279,17.744290099222177,39.798783668340945,20.43511967870781,18.134501535393433,15.398405814727791,10.41636159589121,4.61311090533502,3.9152490107566598,25.99686035654842,0.08829727409055728,0.0016157530942097706,117.45383522727273,metal.00039.wav,metal
-74.115524,80.12189,-46.98442,51.01986,-9.138492,31.76564,-6.376152,24.85552,-19.142609,20.790123,-11.669213,13.848666,-16.47486,7.748832,-10.6138525,7.497552,-10.351636,4.983658,-8.210215,1.2308668,799.12787,283.24313,238.28467,86.29495,65.80373,88.912224,99.23911,46.39313,63.453827,46.136272,46.250416,32.287266,35.21963,33.358486,29.529085,30.361298,41.389267,39.976044,40.262753,32.00763,0.41932145,0.38093483,0.41128758,0.5097683,0.6752933,0.5768003,0.48193514,0.5414955,0.5461316,0.61936706,0.52882034,0.4193371,0.07167308,0.05743694,0.06457671,0.06540218,0.07848315,0.06892197,0.05997234,0.07284211,0.06076932,0.0874133,0.06854431,0.057061262,20.08199133967203,14.714350829484964,14.921973062751064,15.672142963376954,15.518063338441271,17.15348685101477,41.84132851793109,11.447956119469223,15.071619451170191,13.82348902198471,9.01514633839217,4.706945389659817,5.854981568536397,6.358360471802633,0.16644079249709753,0.0021440634812523868,107.666015625,metal.00040.wav,metal
-100.42865,104.687256,-57.258133,56.590775,-5.5367737,22.83633,-6.167544,23.090935,-19.069187,17.792307,-13.767806,9.958694,-14.848816,0.34489512,-7.3256373,6.9757853,-12.664746,-0.5581993,-11.753996,-1.5418612,1326.7156,394.45532,329.56183,112.82713,93.249054,101.34555,110.44964,78.851395,50.178932,52.147907,47.845207,50.10662,48.826733,71.14591,52.8889,40.829517,40.780823,31.114016,37.46192,30.359634,0.44186524,0.39668006,0.43434587,0.4994812,0.55887413,0.4129779,0.45318598,0.49003384,0.49831372,0.51472324,0.3700135,0.41228545,0.081695735,0.056427285,0.066634454,0.06481685,0.10109715,0.057826977,0.07555788,0.079531044,0.075145796,0.09667219,0.05053704,0.07190475,21.96798150627125,16.02102042722542,16.27666868092725,16.588268574722342,16.133227603347382,19.252408422692042,39.1712947022474,15.016438107058017,15.638573146992313,18.84779688797236,11.33073510892602,6.246876606751576,9.39260290055707,11.475701324296056,0.13738125544214397,0.0010832490031678463,117.45383522727273,metal.00041.wav,metal
-93.59133,89.89402,-55.902695,51.637325,-5.558396,28.777815,-13.892873,27.350773,-15.316164,22.829412,-12.410713,9.704986,-19.730852,-0.77918744,-9.100343,12.41412,-5.453556,4.238625,-10.8701935,-2.9501216,702.53015,233.50388,155.30576,55.601997,67.10329,71.72194,57.128803,55.19911,61.006687,45.285973,39.789013,34.07434,36.400814,42.410217,48.63939,43.070774,50.20603,42.698853,33.216908,36.49132,0.35054365,0.3372733,0.32564673,0.39422068,0.57211995,0.44503108,0.34849817,0.41819155,0.6007518,0.6408877,0.44358575,0.36251894,0.05796298,0.058359012,0.053329103,0.06081939,0.10110686,0.071358725,0.06092472,0.07032847,0.0944438,0.07715256,0.074919745,0.0638275,20.326374815198747,15.424107696061371,16.586477583394046,18.15146250769134,16.791708496883285,18.178180445505397,41.18888030163985,13.61680732920216,14.635594096173307,18.37159596880849,13.189491248812459,6.866533814547742,5.846246321316167,4.288631999595528,0.15180860584365324,0.0009852762375585082,129.19921875,metal.00042.wav,metal
-110.87448,83.18676,-45.257427,56.596424,-7.4923544,19.979755,-13.402861,21.218973,-15.71974,18.087414,-18.12701,12.930389,-17.24171,3.3319187,-7.5791407,5.8677907,-7.949427,6.8205414,-5.672731,1.3515627,4406.82,609.08826,894.43555,172.11963,185.35922,129.05728,165.31651,85.45032,90.95458,55.529594,44.14011,38.70306,62.079395,58.056984,70.79789,56.493202,94.66107,51.125473,63.340927,58.105953,0.39137268,0.4334335,0.37347034,0.41972166,0.50165564,0.48502868,0.48824129,0.42272854,0.47785005,0.4674049,0.39511108,0.4061255,0.06593845,0.07946728,0.062321514,0.0768478,0.09277954,0.09263073,0.09693426,0.06597922,0.09500589,0.086194545,0.06459719,0.081447795,19.883608625747996,14.2838420135141,16.342867986762517,16.874025164050906,16.591610405146,18.85743135143257,40.363873238884395,11.039469579219055,15.324186266747454,20.2883999232235,14.595015503433213,7.739274355094365,12.100873625695742,14.011775325228925,0.17731298676954335,0.003956465298832015,95.703125,metal.00043.wav,metal
-86.27023,76.75911,-42.356274,53.999104,-8.330258,29.407862,-7.9087305,26.661469,-14.234941,18.466795,-17.955868,9.869916,-19.038649,6.477255,-8.355194,4.8816915,-11.782924,1.6699,-10.605783,-3.7786944,882.6579,385.97882,286.5701,96.80403,77.02641,83.1621,101.88434,56.011604,79.48679,45.463047,41.12521,32.772602,37.8534,50.640987,44.394554,35.84004,49.36744,37.643692,39.024055,36.215202,0.43156952,0.3540972,0.4266046,0.43077627,0.48691848,0.49116805,0.48155263,0.52963305,0.5551947,0.5707297,0.40590307,0.47107223,0.07568409,0.046680395,0.0698223,0.051765136,0.07899976,0.07841692,0.06869324,0.08732076,0.069956146,0.085985936,0.047726013,0.07414866,21.69589755925959,16.400454243234613,16.51355502152802,16.943835799223923,16.094780495340334,17.414389611238892,41.831699792243185,12.09559666817289,16.65121419151201,13.72387474304907,11.244640675510082,5.254169137107303,5.50498445257548,9.156854186996863,0.17124877551760836,0.0016628193568657284,117.45383522727273,metal.00044.wav,metal
-135.51762,93.37061,-43.314274,59.227753,-8.516594,20.944653,-6.532816,21.889866,-18.970129,17.050318,-15.884877,11.082778,-18.48888,-0.826837,-5.6172304,4.6652665,-8.734545,2.1139982,-8.564519,0.21051939,5770.8105,724.28613,711.57855,223.7648,134.46729,137.84122,158.80612,93.26885,81.53311,74.41938,74.787186,46.71274,59.594433,72.13592,88.43359,80.20434,109.51085,101.821205,85.01007,51.834282,0.38057023,0.4136904,0.4398417,0.4556847,0.5279694,0.4041513,0.397335,0.49205226,0.4183703,0.4784537,0.3567974,0.39714873,0.07757528,0.06437557,0.08267757,0.065082535,0.110077165,0.07041719,0.06249716,0.12125899,0.047603272,0.10659568,0.048116952,0.0889498,21.360326248355577,16.460980669190455,17.725876997812673,17.4747574764399,17.458891726331778,19.27880798570627,39.169577766170136,17.49454825351471,22.59568930850524,27.015564713904407,13.2117225297481,14.225160078121899,13.552006411872334,15.276131013751288,0.1442818184017028,0.003863489083147125,123.046875,metal.00045.wav,metal
0.3734972,79.70633,-30.638968,61.075768,-17.464642,26.695745,-21.258287,22.35319,-13.023766,17.867393,-13.381073,19.257633,-10.976209,10.706493,-9.433652,7.660084,-8.689539,3.1708357,-6.8286405,3.8781013,336.46347,185.08644,107.05498,95.96699,51.22368,60.74936,48.39788,30.377445,38.188526,32.30837,28.53245,29.053225,27.899725,31.630054,34.28867,32.509285,25.634945,25.686275,26.304167,25.457785,0.5262507,0.50423425,0.50040215,0.46179804,0.43785563,0.48973238,0.40857708,0.43623847,0.43823808,0.46547168,0.59219235,0.5295993,0.07195423,0.07121425,0.06707619,0.07273978,0.06147881,0.08023351,0.06417509,0.079026185,0.07229725,0.06997104,0.09174888,0.07079419,21.960619823717348,13.561095057696692,16.811659865969073,15.447186692616665,15.239916108617228,16.447131819210927,44.661596338171655,23.232046184570248,12.023764307578128,18.697269167763583,9.841401918309762,5.200219860375693,2.5029770337788517,26.460590162353686,0.16373219209558823,0.0009372649112917475,117.45383522727273,metal.00046.wav,metal
-1.9254102,72.69556,-32.789642,63.592033,-18.557953,25.872955,-13.854105,18.064384,-11.945406,19.65759,-13.961472,18.737661,-11.190176,7.9533343,-10.283534,5.310404,-9.025781,4.3153214,-5.6433825,8.725261,478.04028,305.591,242.9947,111.34924,69.73463,64.05138,79.369095,55.42026,54.418762,47.055134,45.146095,51.979164,39.0575,38.653866,39.081566,33.890274,37.61674,35.09096,49.68083,47.78413,0.45662364,0.5573256,0.6808243,0.5261451,0.40640882,0.4168437,0.36713168,0.33453655,0.36515757,0.4235177,0.3114342,0.32654932,0.0823825,0.07877056,0.09792134,0.073050335,0.065500304,0.09252609,0.07242987,0.05676094,0.06228832,0.07468013,0.04252532,0.048452955,18.522325258207015,13.82031656076305,18.00256556637099,15.364623524230936,15.476264922447083,17.231027864299186,41.885482398881436,20.781177823150113,14.350028422361383,21.508220287449927,8.232825267994468,5.590795133932455,4.01994333459093,71.11003499679357,0.17811948227070434,0.0017584848911429117,103.359375,metal.00047.wav,metal
9.612599,76.345825,-31.275438,56.887745,-20.73966,27.254444,-16.64428,19.372135,-13.922549,19.66951,-16.064049,17.490234,-12.959961,11.716283,-11.183552,5.478863,-8.587833,4.1037006,-4.4196367,8.829624,430.2054,156.61673,143.66576,113.633766,82.81637,61.37644,63.80764,54.637573,47.69417,41.711834,40.96325,44.941273,33.580315,29.949709,34.981365,29.635742,25.813131,28.945234,32.338978,30.212576,0.52166915,0.7676287,0.5200249,0.40420038,0.4252615,0.43714818,0.40948778,0.4350829,0.60103035,0.42596865,0.3542141,0.42233428,0.047405805,0.07255803,0.044613432,0.042996023,0.06783584,0.054740522,0.06364148,0.04361437,0.07296142,0.04813219,0.03620454,0.04948436,20.843595268826505,13.379379024809024,16.718168775884234,16.335320684933716,16.5698571519296,16.80405922484815,43.532912203039224,19.494960999276344,13.981073748063052,14.996345152857751,8.77200367557792,7.149494696703844,2.704973178593087,70.28240851301372,0.17660928732101394,0.0007743502285883412,107.666015625,metal.00048.wav,metal
10.01106,74.12018,-32.23159,62.772324,-23.32492,30.028404,-14.876241,20.15313,-12.141148,19.180307,-14.977439,18.800049,-12.278636,11.281032,-9.482024,7.92427,-5.6097245,4.6561403,-5.2802196,6.826087,257.37408,164.56052,171.79153,101.60262,60.72874,61.78287,60.849712,40.602833,40.273872,40.243004,36.708904,43.928474,30.769371,30.124887,26.230625,26.659721,23.859276,21.434282,20.14976,26.540592,0.52858996,0.6115024,0.51007146,0.4226617,0.5495753,0.42742538,0.41894796,0.52988183,0.61007446,0.66309655,0.5146782,0.50655806,0.06197059,0.05571415,0.060383942,0.039423104,0.065273434,0.04906594,0.045760043,0.06713484,0.06512823,0.08232292,0.058277693,0.05048973,20.891424141316104,13.212593802745785,16.49065358550696,15.412552453492003,15.398828573724535,16.565614483158352,44.076346547612566,19.148296006707216,13.436867500229873,15.933681099524177,6.696838619809149,4.2023289513060025,2.5449689498456216,57.28550788452,0.19402490385545665,0.0007612544227214767,99.38401442307692,metal.00049.wav,metal
16.498144,71.17403,-22.343836,60.273594,-18.556435,27.622684,-12.409244,16.955914,-8.733991,17.861544,-13.475232,18.930727,-11.024661,9.911685,-7.3751435,6.735554,-5.9556894,3.81493,-6.191192,7.16933,417.42056,176.33023,190.19273,125.359604,94.68207,67.69976,79.52042,54.002068,61.180027,51.58509,54.544147,50.11703,46.44068,35.78847,34.080437,34.033905,30.626778,31.712894,24.987001,26.48628,0.5446411,0.634734,0.576974,0.4512144,0.48962638,0.37207896,0.37591612,0.457505,0.5461926,0.62545604,0.48136377,0.47362545,0.07220512,0.06606036,0.075782105,0.052534327,0.06516266,0.045934085,0.0514763,0.06586048,0.07421368,0.095796384,0.059364904,0.05480649,20.140167753793953,13.245360288360697,16.318183353024697,15.231119776986656,15.341774440100044,16.586153300259326,40.60034072745858,18.46958032338915,14.218366863201592,16.034687741096107,7.6522068426288925,5.504509196259419,2.924486415845925,120.15055378624035,0.17751366582817338,0.000860288051770531,112.34714673913044,metal.00050.wav,metal
9.626442,54.66245,-21.025988,60.160816,-21.065937,32.14062,-15.826892,21.457956,-8.7181015,19.355715,-12.387803,19.743502,-10.803767,12.307345,-8.376524,8.23457,-7.0850525,4.327325,-7.334388,6.029405,458.45172,258.6143,220.9918,149.16455,87.006454,81.53941,71.63554,74.01038,48.509384,74.96888,43.608402,68.24849,48.98341,49.502888,31.580671,44.962124,29.899103,35.900463,26.685915,31.42709,0.5939503,0.6897699,0.62434214,0.491561,0.44371653,0.3706453,0.45188138,0.5421301,0.52422905,0.52900076,0.44197986,0.5000101,0.07051741,0.066183016,0.077082574,0.058570277,0.055653498,0.03611141,0.05841219,0.089739606,0.07491714,0.06896127,0.052531037,0.07031838,19.920415710751282,13.452103642361951,16.768893292958957,15.981573831007708,15.688731697016808,16.190655473296854,41.4881698632587,22.277952860810316,12.214715492360172,17.69732539078172,11.17555459704999,6.005854389188873,2.883541765975478,136.04101253107072,0.2284702738003096,0.002373763439915343,107.666015625,metal.00051.wav,metal
4.007581,83.274345,-37.258846,62.334545,-14.855903,23.405302,-10.465684,16.790583,-7.9484053,16.296947,-11.256233,13.319225,-7.8180065,6.423224,-5.4770126,4.675414,-5.1417117,3.0196288,-2.7726505,3.8143518,2089.168,522.2343,431.50943,274.6604,143.83887,101.341866,96.36241,83.89431,79.728546,68.78427,53.99524,54.88406,45.664417,45.808296,43.022083,36.755085,36.40504,32.160313,28.12853,28.162449,0.53702176,0.5267594,0.49889278,0.45028213,0.5387326,0.48230705,0.50076014,0.57955503,0.61481136,0.64028335,0.5252325,0.511982,0.07249372,0.058189474,0.06524604,0.05150182,0.072453044,0.06175872,0.06642314,0.07401559,0.08235956,0.08018883,0.05734804,0.05909171,19.22254893874295,12.737454177526791,15.849457020395008,15.593242035529142,15.204521521808584,17.05784688083933,36.99699838433164,20.713328560126975,13.184961216598861,14.616685487259726,10.06192885081435,4.868281503881758,5.611810844594875,135.95447558706965,0.16221897373258515,0.002072458833201519,151.99908088235293,metal.00052.wav,metal
4.940334,75.07084,-24.737082,57.010853,-21.78284,26.048834,-12.566025,17.441984,-10.24325,18.605541,-13.024874,18.953098,-9.70242,11.359749,-7.2705593,7.7291527,-5.3974466,3.4073262,-6.935817,6.544121,341.3379,171.29626,167.08052,114.87892,78.41094,68.73311,71.222305,45.753887,55.142536,42.173508,50.96819,40.946617,43.541336,37.2478,33.735416,26.842674,26.734732,24.374945,29.735035,26.905846,0.51363516,0.5909081,0.4803523,0.42467704,0.53344715,0.37430042,0.3662902,0.46463934,0.54808944,0.6284184,0.50027454,0.48619556,0.07555148,0.08059897,0.07947579,0.05718561,0.08262588,0.046801325,0.048174877,0.07056793,0.083354294,0.10441716,0.07070004,0.069244035,20.368152356946585,12.570922860844107,16.969623447674753,15.810538499907963,15.460415084286174,16.458803298055138,41.56525484540236,21.32400644129456,11.364742836379792,18.512367367917324,9.28294291071144,5.051681244478479,2.5381490273488745,90.99482430489962,0.17261573626160992,0.0011756399145412366,123.046875,metal.00053.wav,metal
1.1746387,66.64868,-23.702898,60.944363,-18.885221,29.745417,-17.549292,21.030996,-11.191259,18.808361,-13.065931,19.950945,-10.563495,10.513773,-9.3363695,8.415618,-6.657996,5.0049186,-6.474301,7.6110287,344.15643,192.11876,166.80244,94.78948,63.287025,68.89446,64.83881,45.727978,47.557724,46.966324,37.984684,41.03541,31.12731,29.254206,33.6197,25.62163,27.819551,23.962906,24.626066,24.502289,0.5804169,0.60144055,0.5336874,0.5431101,0.4324945,0.40326306,0.4555204,0.5224595,0.5968763,0.5206511,0.46653813,0.4656745,0.07485197,0.075083755,0.05714733,0.068487555,0.05518044,0.05265654,0.06595227,0.07862281,0.09683169,0.07510891,0.063343376,0.06269722,19.918977933630373,13.740434240569293,16.484390609089207,15.293249242864789,15.20747203987421,16.048342872639342,43.670536280923976,22.359751816298647,14.655807114353179,18.312269671695997,8.58297524184255,5.2294814047259335,2.5956205101097747,65.95123898234746,0.19579171101006193,0.0016574434367089017,123.046875,metal.00054.wav,metal
10.46768,63.71505,-28.434465,62.601223,-19.601042,28.82345,-15.230561,19.297329,-10.69957,18.85649,-12.71232,18.030092,-10.830204,12.705911,-6.1213317,9.256771,-7.143946,4.64053,-6.5071797,7.859061,483.54263,178.4652,202.41469,158.41827,91.483604,73.32129,65.4652,62.683624,52.48113,59.36048,43.51728,55.824154,44.381172,50.284363,35.263733,37.322132,30.05505,35.2453,44.408295,33.443485,0.58152187,0.5519481,0.5123933,0.44790938,0.40178823,0.42671654,0.52983606,0.4443343,0.45005712,0.476218,0.5190605,0.6466386,0.07200534,0.06283879,0.07296431,0.059226707,0.05912692,0.06415505,0.07614913,0.060817827,0.0702614,0.06482319,0.063477404,0.10213991,20.524436246194718,13.876568701061586,17.544291849985186,16.413031833835113,15.492343381849029,16.510021731259677,41.691392450813154,20.881339408423404,14.166352439208397,19.29984623041734,10.112425486520209,4.447968023192738,2.9901562553713092,118.21064355957846,0.19692586892898606,0.0011244361720643067,112.34714673913044,metal.00055.wav,metal
11.974039,69.42492,-23.266045,60.70763,-20.820644,25.098286,-16.195517,15.557082,-10.503491,18.778437,-13.387608,17.373083,-11.059947,10.266618,-8.716946,8.182579,-4.960778,5.420798,-5.4961905,9.081053,399.64606,202.25903,202.78539,122.87618,82.787796,62.18691,61.51519,67.06451,55.629887,64.4297,43.106903,50.885693,36.211964,41.30119,37.86546,31.796137,32.37412,30.749226,31.863844,35.423527,0.5218899,0.55407476,0.45934907,0.41254064,0.4262806,0.38954368,0.46244296,0.43402293,0.47295794,0.45409238,0.44648725,0.52803016,0.09177446,0.100999296,0.0810911,0.06924795,0.087718934,0.055662055,0.09158748,0.071051516,0.09123599,0.08361843,0.07098093,0.10037417,20.030788204718867,13.90019016873654,17.55607679995506,16.063651047142926,15.491410720486124,16.70499943368199,40.75148788775638,21.293096098657287,13.913312021029682,18.702286702911017,10.509399143186156,5.010812401123772,2.82713049712901,112.60365511072253,0.17932884759578174,0.0012221063143702255,107.666015625,metal.00056.wav,metal
-24.911848,77.54363,-30.417303,68.36967,-6.524643,24.6945,-9.805858,19.518623,-11.461867,18.592081,-14.161357,14.448354,-5.920214,9.08153,-7.6980925,5.832566,-6.617128,2.292533,-7.4986577,5.7593102,1509.6526,428.3945,320.6555,168.33324,88.058266,72.62407,108.76046,74.99451,68.78228,57.39204,46.19127,52.62654,52.97064,36.73129,38.97171,33.669914,38.353092,33.642883,29.538881,31.71471,0.6456654,0.55780977,0.4891272,0.40657777,0.3583965,0.32774103,0.4426204,0.4527989,0.4781779,0.48718587,0.5235384,0.68225884,0.07130545,0.062425207,0.07349321,0.0630574,0.05700307,0.044724792,0.0665779,0.062084187,0.0795311,0.07495183,0.052557264,0.0858704,20.13608040886612,14.770208671356846,17.485963746187075,16.45807295539341,16.0745594002128,17.929487971817654,40.83911641859279,19.618375758578544,16.924597502705783,18.748852459443835,11.237991320429344,6.173186818062676,8.122139506047649,67.0257858307365,0.14377388496517027,0.001725120003467553,129.19921875,metal.00057.wav,metal
-15.687386,100.09827,-37.590458,45.971,-20.773737,25.637007,-18.64387,26.516623,-20.16317,21.12962,-13.649135,10.978789,-15.535993,3.6814206,-7.7146096,3.9337354,-8.12184,6.9547653,-2.0548267,3.9079616,337.79556,184.92412,172.32382,126.087425,87.09274,53.683907,50.09816,34.64085,50.75958,44.360195,35.57261,45.074474,38.215042,38.140495,37.2137,26.64227,43.078205,47.96321,33.51523,35.8666,0.37501785,0.37983778,0.4605387,0.4122973,0.47898018,0.526107,0.4521431,0.5776039,0.5506648,0.5032393,0.44373816,0.37631676,0.06768743,0.0663244,0.071562454,0.058092594,0.07876969,0.09281325,0.06071789,0.09017957,0.079801686,0.08457116,0.08456648,0.06272904,19.51511702347856,13.045766282719928,16.02142423749165,15.750959346561439,15.786350013664675,16.524841572115683,44.778848195488656,7.582196643040658,12.805649599580542,12.92768400958968,7.584730297026588,4.551735598816451,2.9275601501018453,5.244183896314599,0.1428422957381966,0.0011603132537738813,143.5546875,metal.00058.wav,metal
-15.622626,99.13169,-45.622692,55.021473,-18.016518,23.890497,-19.60334,27.33491,-15.09996,18.792261,-16.151487,9.215641,-16.218187,5.4411445,-4.6560435,6.2786555,-4.701227,7.4452233,-5.8759637,-0.6940045,360.72382,164.11603,135.61581,70.53383,29.977798,45.21377,36.04484,39.762714,30.743355,31.795424,23.026989,46.49123,24.973248,30.965908,33.010418,57.74125,40.020306,27.72167,29.018223,29.999834,0.29707402,0.44097957,0.4840495,0.42042685,0.5931949,0.4311203,0.38691056,0.427193,0.53535646,0.7752866,0.49788308,0.32275757,0.03739453,0.06112248,0.09463287,0.041122172,0.08245555,0.04619551,0.061837483,0.07268529,0.055704124,0.06817198,0.05240953,0.03666255,20.632898952866142,13.078702949036934,16.538632594402337,15.91623444821368,15.697744932335096,16.778017486416292,44.19716679014818,11.156327082259782,14.163997972358624,14.256664612622165,7.146072945308995,4.609289626522382,2.9556993298036405,3.8816476481423523,0.14985396913699692,0.0010819474460328417,99.38401442307692,metal.00059.wav,metal
-58.221924,105.824524,-43.90767,58.441563,-18.440865,27.96586,-17.969337,21.048119,-15.550262,13.395051,-15.685904,9.364441,-15.323451,1.5323159,-5.9749947,2.051745,-6.8151,4.210942,-3.407656,1.7647108,567.709,208.06813,197.63235,48.51888,56.263454,51.639755,37.596977,37.964405,34.502213,31.051912,24.733843,26.559267,32.2108,24.825788,31.865301,21.803364,24.92222,15.395742,20.35359,17.420677,0.45602304,0.4970946,0.5478731,0.5194678,0.7382562,0.5307133,0.5250764,0.5514367,0.5132011,0.5408814,0.4589306,0.60770416,0.034055196,0.05815004,0.0669911,0.029028947,0.06111899,0.03596072,0.061093476,0.0719392,0.053003684,0.078220055,0.0345993,0.069309026,19.42940874246844,12.813082210163866,15.493656458366608,14.593795629382992,15.314308442041723,16.853047475581235,41.767854911437645,9.846443590877744,12.571193874508026,12.096026552271022,5.883325633662073,3.5568433504619716,3.099252449261434,6.962383848356728,0.13954412974071206,0.0016117208587583887,89.10290948275862,metal.00060.wav,metal
-74.115524,80.12189,-46.98442,51.01986,-9.138492,31.76564,-6.376152,24.85552,-19.142609,20.790123,-11.669213,13.848666,-16.47486,7.748832,-10.6138525,7.497552,-10.351636,4.983658,-8.210215,1.2308668,799.12787,283.24313,238.28467,86.29495,65.80373,88.912224,99.23911,46.39313,63.453827,46.136272,46.250416,32.287266,35.21963,33.358486,29.529085,30.361298,41.389267,39.976044,40.262753,32.00763,0.41932145,0.38093483,0.41128758,0.5097683,0.6752933,0.5768003,0.48193514,0.5414955,0.5461316,0.61936706,0.52882034,0.4193371,0.07167308,0.05743694,0.06457671,0.06540218,0.07848315,0.06892197,0.05997234,0.07284211,0.06076932,0.0874133,0.06854431,0.057061262,20.08199133967203,14.714350829484964,14.921973062751064,15.672142963376954,15.518063338441271,17.15348685101477,41.84132851793109,11.447956119469223,15.071619451170191,13.82348902198471,9.01514633839217,4.706945389659817,5.854981568536397,6.358360471802633,0.16644079249709753,0.0021440634812523868,107.666015625,metal.00061.wav,metal
-100.42865,104.687256,-57.258133,56.590775,-5.5367737,22.83633,-6.167544,23.090935,-19.069187,17.792307,-13.767806,9.958694,-14.848816,0.34489512,-7.3256373,6.9757853,-12.664746,-0.5581993,-11.753996,-1.5418612,1326.7156,394.45532,329.56183,112.82713,93.249054,101.34555,110.44964,78.851395,50.178932,52.147907,47.845207,50.10662,48.826733,71.14591,52.8889,40.829517,40.780823,31.114016,37.46192,30.359634,0.44186524,0.39668006,0.43434587,0.4994812,0.55887413,0.4129779,0.45318598,0.49003384,0.49831372,0.51472324,0.3700135,0.41228545,0.081695735,0.056427285,0.066634454,0.06481685,0.10109715,0.057826977,0.07555788,0.079531044,0.075145796,0.09667219,0.05053704,0.07190475,21.96798150627125,16.02102042722542,16.27666868092725,16.588268574722342,16.133227603347382,19.252408422692042,39.1712947022474,15.016438107058017,15.638573146992313,18.84779688797236,11.33073510892602,6.246876606751576,9.39260290055707,11.475701324296056,0.13738125544214397,0.0010832490031678463,117.45383522727273,metal.00062.wav,metal
-93.59133,89.89402,-55.902695,51.637325,-5.558396,28.777815,-13.892873,27.350773,-15.316164,22.829412,-12.410713,9.704986,-19.730852,-0.77918744,-9.100343,12.41412,-5.453556,4.238625,-10.8701935,-2.9501216,702.53015,233.50388,155.30576,55.601997,67.10329,71.72194,57.128803,55.19911,61.006687,45.285973,39.789013,34.07434,36.400814,42.410217,48.63939,43.070774,50.20603,42.698853,33.216908,36.49132,0.35054365,0.3372733,0.32564673,0.39422068,0.57211995,0.44503108,0.34849817,0.41819155,0.6007518,0.6408877,0.44358575,0.36251894,0.05796298,0.058359012,0.053329103,0.06081939,0.10110686,0.071358725,0.06092472,0.07032847,0.0944438,0.07715256,0.074919745,0.0638275,20.326374815198747,15.424107696061371,16.586477583394046,18.15146250769134,16.791708496883285,18.178180445505397,41.18888030163985,13.61680732920216,14.635594096173307,18.37159596880849,13.189491248812459,6.866533814547742,5.846246321316167,4.288631999595528,0.15180860584365324,0.0009852762375585082,129.19921875,metal.00063.wav,metal
-110.87448,83.18676,-45.257427,56.596424,-7.4923544,19.979755,-13.402861,21.218973,-15.71974,18.087414,-18.12701,12.930389,-17.24171,3.3319187,-7.5791407,5.8677907,-7.949427,6.8205414,-5.672731,1.3515627,4406.82,609.08826,894.43555,172.11963,185.35922,129.05728,165.31651,85.45032,90.95458,55.529594,44.14011,38.70306,62.079395,58.056984,70.79789,56.493202,94.66107,51.125473,63.340927,58.105953,0.39137268,0.4334335,0.37347034,0.41972166,0.50165564,0.48502868,0.48824129,0.42272854,0.47785005,0.4674049,0.39511108,0.4061255,0.06593845,0.07946728,0.062321514,0.0768478,0.09277954,0.09263073,0.09693426,0.06597922,0.09500589,0.086194545,0.06459719,0.081447795,19.883608625747996,14.2838420135141,16.342867986762517,16.874025164050906,16.591610405146,18.85743135143257,40.363873238884395,11.039469579219055,15.324186266747454,20.2883999232235,14.595015503433213,7.739274355094365,12.100873625695742,14.011775325228925,0.17731298676954335,0.003956465298832015,95.703125,metal.00064.wav,metal
-86.27023,76.75911,-42.356274,53.999104,-8.330258,29.407862,-7.9087305,26.661469,-14.234941,18.466795,-17.955868,9.869916,-19.038649,6.477255,-8.355194,4.8816915,-11.782924,1.6699,-10.605783,-3.7786944,882.6579,385.97882,286.5701,96.80403,77.02641,83.1621,101.88434,56.011604,79.48679,45.463047,41.12521,32.772602,37.8534,50.640987,44.394554,35.84004,49.36744,37.643692,39.024055,36.215202,0.43156952,0.3540972,0.4266046,0.43077627,0.48691848,0.49116805,0.48155263,0.52963305,0.5551947,0.5707297,0.40590307,0.47107223,0.07568409,0.046680395,0.0698223,0.051765136,0.07899976,0.07841692,0.06869324,0.08732076,0.069956146,0.085985936,0.047726013,0.07414866,21.69589755925959,16.400454243234613,16.51355502152802,16.943835799223923,16.094780495340334,17.414389611238892,41.831699792243185,12.09559666817289,16.65121419151201,13.72387474304907,11.244640675510082,5.254169137107303,5.50498445257548,9.156854186996863,0.17124877551760836,0.0016628193568657284,117.45383522727273,metal.00065.wav,metal
-135.51762,93.37061,-43.314274,59.227753,-8.516594,20.944653,-6.532816,21.889866,-18.970129,17.050318,-15.884877,11.082778,-18.48888,-0.826837,-5.6172304,4.6652665,-8.734545,2.1139982,-8.564519,0.21051939,5770.8105,724.28613,711.57855,223.7648,134.46729,137.84122,158.80612,93.26885,81.53311,74.41938,74.787186,46.71274,59.594433,72.13592,88.43359,80.20434,109.51085,101.821205,85.01007,51.834282,0.38057023,0.4136904,0.4398417,0.4556847,0.5279694,0.4041513,0.397335,0.49205226,0.4183703,0.4784537,0.3567974,0.39714873,0.07757528,0.06437557,0.08267757,0.065082535,0.110077165,0.07041719,0.06249716,0.12125899,0.047603272,0.10659568,0.048116952,0.0889498,21.360326248355577,16.460980669190455,17.725876997812673,17.4747574764399,17.458891726331778,19.27880798570627,39.169577766170136,17.49454825351471,22.59568930850524,27.015564713904407,13.2117225297481,14.225160078121899,13.552006411872334,15.276131013751288,0.1442818184017028,0.003863489083147125,123.046875,metal.00066.wav,metal
-82.50126,97.34412,-34.373585,71.40592,-3.2831826,17.367373,-9.023832,16.01118,-19.003857,12.07876,-9.568192,13.949616,-14.460563,7.9549336,-7.123618,5.1772647,-7.2045445,0.66760653,-4.8388996,-2.1070077,1496.5262,323.44507,303.69992,188.71167,86.04213,84.59978,84.96792,58.4565,60.743748,45.945126,54.488487,56.961063,49.960754,60.28835,42.40563,38.015522,44.405266,42.66763,40.49593,28.791403,0.47130606,0.4097754,0.4888392,0.44247204,0.5038278,0.4271953,0.389605,0.4109032,0.448566,0.48851988,0.48603895,0.6627164,0.05750309,0.07419998,0.09412081,0.054506876,0.08127746,0.059668094,0.05890837,0.07685624,0.06176223,0.08335229,0.04427041,0.08638767,18.429434531917497,14.813250390529308,17.834960573739032,16.013885524661994,16.651698929238854,18.873462612376333,40.0601873125107,11.345571978611016,15.97518322618299,16.404183714045764,9.437999654037172,7.130861061836272,10.67430941635058,9.725582205496197,0.12015875943304953,0.0014756937578135826,135.99917763157896,metal.00067.wav,metal
-99.92597,106.37655,-40.69357,52.71699,-20.752645,25.27852,-11.834836,22.090797,-12.473096,13.7743025,-14.384913,15.974963,-11.724976,5.771152,-9.157406,3.6455305,-8.888176,2.3828783,-3.6879458,0.15610039,3811.019,493.12427,281.21997,138.31941,223.55423,106.97378,103.04233,66.40504,75.09456,56.844173,52.719517,47.73778,41.0271,35.75947,34.891724,36.950787,39.77163,35.980316,35.239655,31.966467,0.46864414,0.4118641,0.3676191,0.4862068,0.65018487,0.46105632,0.3345751,0.36881983,0.48661435,0.6145787,0.45449984,0.4522672,0.083185494,0.062664546,0.059591528,0.058820907,0.09036726,0.06763778,0.051305477,0.05996843,0.06378936,0.100413695,0.05719459,0.06699159,18.285773816491194,14.102117952367337,15.419464529253162,16.06082998746938,15.688207323716423,17.818619311829895,39.89766198421071,13.921120584595295,16.563809115370784,15.89577839271313,12.024096360997781,6.688577285403626,8.541390138926642,12.848068003561835,0.13075015419407895,0.0017513805047024806,161.4990234375,metal.00068.wav,metal
-111.631966,111.15152,-10.673634,69.67505,-4.9124284,29.834532,-10.388692,21.257767,-6.6391087,20.084322,-7.234053,16.228865,-10.11801,5.317103,-3.5098681,1.3618948,-4.704603,5.6378694,1.5145246,1.8745898,1574.5923,353.06683,225.12186,108.11893,98.45801,60.546688,78.053986,43.15535,58.859,34.81554,38.058205,48.50596,44.930885,41.062744,40.42576,34.987793,52.17022,51.723316,66.19159,49.552704,0.31325787,0.38244104,0.56680286,0.5865496,0.6899768,0.54421604,0.4147129,0.40876538,0.38993514,0.41791508,0.34383717,0.3904985,0.038857624,0.050911687,0.09347015,0.03966032,0.09602116,0.064749666,0.053365435,0.08426488,0.06760834,0.10350829,0.051846903,0.07072123,18.636774196656905,14.434796280168745,17.175294559244698,17.33995257750418,16.903400620153153,17.88296255384879,40.60244118710733,8.382816154354128,15.326939790679837,16.068242400171986,14.326449138228835,9.094118473619492,9.680807878928645,8.996857746615046,0.05379181380611455,0.0006750321156062516,161.4990234375,metal.00069.wav,metal
-197.24265,74.135826,-10.732934,54.719276,-7.5989184,18.415987,-18.87797,11.601353,-14.568,18.417076,-16.47915,12.569829,-10.470822,12.355381,-6.2587886,10.49567,-7.0594673,3.7297091,-3.2354376,0.65811384,3901.7878,872.56354,734.6161,246.6651,118.44461,171.85826,80.613594,132.92471,69.62969,67.4274,70.48843,63.46042,64.730545,82.35506,54.69937,61.23775,83.79334,84.602066,70.674675,51.43742,0.37874404,0.34452003,0.36543804,0.3342502,0.43378308,0.35360813,0.47657883,0.49561524,0.44767132,0.5145258,0.40703782,0.42400864,0.08612028,0.06711853,0.09120206,0.064244784,0.10428573,0.063890316,0.11226777,0.10120067,0.06748272,0.116447665,0.06750443,0.0932828,17.792668265312408,13.84244688071186,18.10410506733584,17.25383797163329,16.85936800515219,17.829385732473103,38.85352457091136,29.26307238095021,17.073687547324553,21.443395114305666,15.1122428914879,10.16716687572541,8.368791354992677,9.662057370502145,0.14287668706462847,0.003870253767846242,117.45383522727273,metal.00070.wav,metal
-78.646675,80.88038,-24.589212,47.02528,-23.75068,27.423235,-17.429619,22.271524,-13.534699,21.57405,-11.100493,15.586864,-9.705412,10.519356,-8.843406,6.2142015,-4.767707,4.531236,-3.4288983,3.1645641,4104.137,364.39185,219.17627,135.3393,101.02913,71.32186,87.622856,73.80993,51.264893,78.88773,53.496304,38.033417,54.17979,35.73133,34.44262,33.457047,35.49962,24.517086,34.249557,29.710962,0.46120176,0.6037494,0.49797544,0.49667796,0.4945587,0.48797366,0.49257642,0.4453962,0.52518535,0.4062027,0.40647647,0.4399434,0.064947434,0.10106248,0.08116587,0.07900334,0.08105599,0.07972543,0.09071696,0.06488187,0.093639046,0.058019444,0.06371062,0.0670093,15.766645853787388,13.372300512829925,16.192437962408206,15.341464310801914,15.27656156714767,15.440834453036308,42.997550386778755,12.854794455231923,16.103670315967232,16.590125939007265,8.7934843614593,5.917804389626232,2.793422625754227,7.7882322781003985,0.15380519241002322,0.0029857584819901655,86.1328125,metal.00071.wav,metal
-35.211857,93.95566,-35.184963,62.78997,-11.732125,26.993427,-10.765925,24.075377,-13.050642,13.60035,-12.423316,13.567939,-12.253359,5.923869,-11.990138,3.3103526,-11.968026,-1.3697472,-2.4044917,-2.6268032,373.91983,236.71101,129.1498,99.82874,49.944046,35.046543,48.82135,30.77773,38.951637,40.89016,35.831196,31.975044,33.9824,27.822798,25.603489,28.938885,36.868843,39.762848,45.6208,37.680668,0.3937908,0.48553473,0.5704876,0.42607236,0.39042947,0.5112456,0.5718775,0.56358755,0.43294603,0.3562476,0.31345528,0.32718328,0.071963854,0.07790106,0.09778198,0.063151345,0.05456554,0.09156314,0.079275936,0.097636394,0.06309838,0.054041516,0.05389469,0.06334218,20.37898687699018,15.148723754965076,15.815423130511258,15.704423706011946,15.793777301382832,16.815687610163483,42.66383890387405,11.010784682231119,13.226328070505897,16.02971146473639,9.045295339740235,4.994442869882015,3.1039106523608573,4.3691554656419,0.11682733588912539,0.0015405453491243387,123.046875,metal.00072.wav,metal
2.76582,77.069046,-17.562174,57.969265,0.73400027,28.834631,-7.8623486,27.62109,-13.553445,17.290194,-7.5781507,13.043516,-8.747499,6.2662,-8.75173,5.6346817,-10.762566,1.7315366,-7.0443177,-1.6029269,1024.8754,421.35556,270.09995,207.20963,145.74129,121.90516,92.00878,81.33439,61.20321,62.438988,54.561325,52.814,47.557343,37.248257,37.16169,41.405113,42.85494,39.18987,38.914696,35.79414,0.3404197,0.4461938,0.54946077,0.6893672,0.4819875,0.32875544,0.33924508,0.35095075,0.3697874,0.39227414,0.51214486,0.35899,0.05276552,0.09248413,0.056602914,0.10267484,0.05386389,0.04383973,0.08226217,0.06675744,0.076867305,0.058584645,0.08635576,0.0423777,20.97591772640983,15.483434328609798,17.24088993233733,16.337770932497016,16.38987396217756,16.34290878230856,40.42628762865007,26.176443082537144,16.14223660341289,16.87991077517595,11.881681312327817,6.392525381156432,4.402107960773327,120.00004622952548,0.12134280367163312,0.0018304200492028934,143.5546875,metal.00073.wav,metal
-201.17038,76.82515,-14.830626,68.75314,-12.95295,36.95549,-10.98254,23.685736,-12.256573,16.672419,-11.068587,15.556435,-11.184572,10.567687,-3.8928819,7.0718303,-9.825485,2.655147,-9.00015,-2.2275777,1526.2208,508.67426,254.88144,282.5474,105.082115,91.075005,89.92876,84.678474,65.840195,40.114964,67.61318,41.651085,28.679459,39.48971,41.4835,32.164276,35.31353,32.581005,37.914886,29.067667,0.5462711,0.74405265,0.5965941,0.43801248,0.40379044,0.44075972,0.41031936,0.43048114,0.49637744,0.4436202,0.3924378,0.45951796,0.054391146,0.078320794,0.0553571,0.056221727,0.070479,0.07593263,0.065677054,0.06837877,0.08915082,0.06868572,0.05476999,0.06118775,19.224155247412277,14.603824836604954,16.537793514833517,14.868518395685362,15.454346230702377,16.546295098732752,38.31520965480134,23.35490428203801,13.719722354409791,14.605106993292923,7.72128389499571,5.090146565079365,6.0160265711938115,10.882463441166616,0.13497272881191952,0.0033537281494324177,123.046875,metal.00074.wav,metal
-40.462826,105.28377,-14.121419,54.854095,-1.184733,20.07817,-11.68658,22.177694,-10.237689,14.195452,-6.912577,13.34514,-9.254659,6.935655,-4.394074,7.80383,-7.6232224,0.6606221,-3.9646745,-0.00101941,3284.965,599.6939,475.69336,156.1101,120.54257,120.64504,71.34176,111.74614,46.171738,63.10084,51.11235,40.493973,41.178486,39.420425,36.52475,29.88092,32.483036,29.780144,31.544952,28.070301,0.33854783,0.37111798,0.3591864,0.47264323,0.32829255,0.3319015,0.46198142,0.52743065,0.7112892,0.53083014,0.49169728,0.45507255,0.04258709,0.0817422,0.051338643,0.08477722,0.04961564,0.049430404,0.07281079,0.053898618,0.09502816,0.054254413,0.066363476,0.077300325,19.500518578031745,16.817553395294706,17.869646796409654,16.71023632521405,17.514744061253943,17.235030374187563,39.53384403377521,22.59732648952217,19.85884124692796,16.66899121788331,10.103907319094061,9.17897666092445,7.1303114969083765,75.81647859222518,0.08889326443982198,0.001546227030528123,112.34714673913044,metal.00075.wav,metal
-100.87204,76.131744,-29.540949,69.70769,-17.339685,21.392006,-12.921216,22.004938,-9.841376,18.424261,-12.037166,8.98118,-20.874262,-2.6910977,-9.629925,2.9316752,-7.5035872,0.53127,-4.969364,-3.1851037,1566.3405,261.48138,494.28677,55.968437,100.67332,107.15404,53.582417,100.94903,52.744934,82.36382,38.280766,78.862785,26.816385,46.563732,29.74551,43.054195,29.281797,47.21277,22.685638,40.26681,0.40877038,0.3581947,0.47854745,0.59891015,0.7772851,0.5746957,0.3832061,0.41412848,0.5072731,0.43586466,0.42301223,0.5907877,0.043159492,0.05398109,0.085379206,0.043817412,0.0723002,0.0402398,0.047210034,0.07538567,0.07996119,0.06877849,0.04458841,0.07849706,23.470271575845526,15.049652465249244,15.21568452248129,15.7693875330055,15.21408583551772,18.181406804603334,41.59810747947393,24.91452894554552,16.689525377290842,11.443050631311852,6.289414078563128,4.165508641312181,9.5942058462719,14.128142170955039,0.16254058932372292,0.002869091047252882,143.5546875,metal.00076.wav,metal
-42.02993,86.998,-27.519882,62.60779,-27.02055,32.348595,-18.955395,22.138983,-14.33114,19.516882,-10.970767,16.759539,-12.39556,10.520514,-6.721216,6.5170836,-9.209883,6.5711613,-5.7864056,1.3288356,531.7555,199.01785,232.345,141.81532,109.68109,72.51063,82.72288,32.205887,49.710434,48.746212,45.126434,57.82683,60.239044,52.358566,56.916676,42.237278,42.510986,44.031193,32.901432,39.501667,0.39410788,0.3611748,0.4391059,0.39285868,0.39860672,0.37464094,0.44202662,0.40852314,0.48332068,0.5845858,0.49613252,0.51624084,0.060551777,0.05666114,0.09289922,0.06245266,0.084698975,0.049877558,0.07432837,0.063238524,0.085666515,0.09792372,0.07217748,0.08787675,17.48714806433622,13.794026085191488,15.93163602226878,15.917907040607957,15.40931036851798,15.756414391937161,43.79382880188234,19.405422816530848,12.024083410553597,14.161438200997791,10.25631797317217,5.479024639947017,4.208196946135363,4.358320731839468,0.15998467129450464,0.0012062150382944415,151.99908088235293,metal.00077.wav,metal
-1.6504898,73.40672,-15.8976755,55.80285,-1.9217752,34.024567,-8.33632,32.767876,-9.721336,20.836998,-9.041395,13.956027,-9.598968,4.965141,-6.625369,6.481497,-6.449592,2.2325194,-3.009212,1.9899176,1262.7743,422.39386,294.85226,214.60754,100.85596,120.99001,103.38372,97.22855,79.19045,55.633224,55.039837,56.63674,46.807087,35.96723,37.861156,32.900787,26.772367,27.620813,28.84562,21.426376,0.50215954,0.5195026,0.57236505,0.6674862,0.56694907,0.4360056,0.47141996,0.56286883,0.5019579,0.4822759,0.59315634,0.52695006,0.063098125,0.067913055,0.053991653,0.07658115,0.062043253,0.052269407,0.06842455,0.07540356,0.065419085,0.055671155,0.08276867,0.06586037,20.263569410129318,14.381850712587207,15.327920578343939,14.952890529794354,15.414861244148357,15.660545352134701,39.20147019627636,22.739832473329514,12.922424381944824,14.018905090010678,9.709082390865987,5.023962422013629,4.412965481730928,152.95754923827158,0.13186541577979877,0.002148736610320639,99.38401442307692,metal.00078.wav,metal
-74.930435,79.14186,-40.912483,54.72062,-9.683361,37.261475,-14.976005,20.937372,-17.431295,16.582232,-11.095817,15.470194,-11.143389,10.473645,-6.3828216,5.5478888,-7.29011,2.9126554,-0.56903315,-2.834362,1560.1771,414.20435,267.0216,87.80181,107.45862,79.82966,77.04988,69.5966,55.07856,53.266884,51.232952,52.26551,44.552673,62.597767,44.595886,56.512615,46.113686,58.223946,58.303974,35.26378,0.44364274,0.4111003,0.4764179,0.61739606,0.6347399,0.41686755,0.38806897,0.37827355,0.42918766,0.51250744,0.4300894,0.53191876,0.07586708,0.049788773,0.056004327,0.08186412,0.076108016,0.039593916,0.045268487,0.061692305,0.063024975,0.09485343,0.053048857,0.092019185,24.496263575827218,13.941512987236054,17.63826542065089,16.74937429840173,16.222919501128963,16.526337124767835,42.94806706288054,23.27342664503746,14.12802285384614,14.239570180712164,8.865401986855783,5.147663983794662,6.24523453270446,9.973238391523637,0.14390615929760062,0.001989545573530444,123.046875,metal.00079.wav,metal
-73.53079,74.63624,-16.441614,55.65842,-7.735835,36.544735,-18.304749,27.83494,-11.930489,20.062954,-11.356052,14.714357,-7.2918735,9.606172,-6.7524467,7.8925457,-3.5827742,2.6660888,-5.1028223,3.0479608,2182.0383,350.3338,236.33473,126.70771,89.23231,76.59155,62.1587,46.90191,47.70711,50.023037,54.085247,35.63002,53.66034,42.32607,36.417187,34.210392,35.113136,41.732197,50.09724,45.748734,0.46179706,0.5374142,0.5323434,0.48658872,0.57748425,0.57218283,0.53167844,0.45506918,0.40790778,0.421011,0.46832228,0.5133249,0.060604226,0.07965209,0.08190286,0.075429514,0.07529836,0.075599626,0.0872627,0.07695747,0.05761394,0.07246597,0.07273987,0.0824926,24.14928722505201,13.775593064927932,15.673144499654034,14.995598484963347,16.173262143447353,15.487154053201776,44.4283197874655,20.046720076800995,16.14486106826727,15.093671349632643,9.604220674369548,8.662336352490144,3.926185080743409,7.760940299226382,0.14412119956946595,0.0028593311064640655,161.4990234375,metal.00080.wav,metal
-19.135782,118.842636,-52.17038,42.712044,-21.5773,27.695185,-14.619277,27.023914,-17.138739,18.976408,-10.770826,9.391385,-4.661059,1.0903965,-5.0440955,4.053998,-6.41968,1.9957601,-5.504406,0.45868543,890.32294,240.00868,134.3583,47.0263,60.035133,42.534534,46.740635,33.6843,35.431683,40.378246,28.374256,44.438713,41.81374,47.373444,32.800354,28.958086,25.803986,29.13321,21.784609,25.262844,0.4426459,0.6405074,0.44021517,0.46230006,0.5569556,0.48873076,0.7566782,0.5742152,0.5103497,0.4595404,0.46933323,0.41029277,0.048787057,0.064592704,0.039171852,0.058531355,0.06509354,0.03525942,0.062085114,0.044059154,0.057998434,0.06241099,0.051018607,0.048694704,24.657143988056347,13.279570075917931,15.309333395682726,15.592203013832851,15.891877946242882,17.884035136269773,44.29691877332108,22.88580304434378,10.629401387735596,12.22136750131718,6.7379467430116735,4.013927455067496,6.9304475937376075,7.2396159321810405,0.12199056997387771,0.0007733465608468499,151.99908088235293,metal.00081.wav,metal
-57.683388,101.43232,-41.485245,55.1306,-23.34928,28.151098,-12.139105,18.150204,-15.429839,11.888646,-10.803695,9.394469,-12.284428,4.809484,-12.406643,5.4261503,-8.844725,0.0592812,-3.1784744,-3.361844,776.1866,209.4688,179.56685,109.06736,64.207756,58.04592,74.123146,53.089165,79.82265,49.502357,58.71506,38.28772,44.16929,29.024382,41.158688,35.87498,38.191284,31.344795,30.752642,31.928211,0.43551287,0.43322518,0.47797245,0.6680852,0.5796773,0.5246772,0.507553,0.49098656,0.58257824,0.5346762,0.51000446,0.41347823,0.056741513,0.05811451,0.044681218,0.086158164,0.059333336,0.06531467,0.07148249,0.055178333,0.07666518,0.062167637,0.066063695,0.04504962,17.84177335232411,13.730024346554798,15.35442098704895,15.63651406904258,15.410639274140607,17.411976231704042,41.33592250519722,16.58120399701942,14.40890703401966,13.512567691696061,7.877037858295309,5.026888308634433,7.675417778179111,7.470395635726746,0.1413173616486068,0.0009847075399240792,123.046875,metal.00082.wav,metal
-29.364521,101.90519,-29.13861,69.73786,-16.19941,19.447557,-18.348463,19.076456,-18.29892,15.284218,-8.25647,2.497314,-14.802311,4.613596,-12.252426,5.2742033,-10.689712,6.4197164,-6.4118514,-7.0120497,995.2916,659.71466,218.44168,123.6511,61.330784,51.05452,54.04024,49.306206,49.77416,54.32243,50.556755,49.41659,30.62757,25.624979,21.231754,23.254093,22.983826,25.69818,23.361029,26.13461,0.33901247,0.32956985,0.40293422,0.46039522,0.6956643,0.59135884,0.49832758,0.4400147,0.519371,0.38565326,0.319388,0.5050734,0.036025353,0.05885108,0.07460833,0.052072346,0.078400776,0.0514461,0.08059149,0.054454885,0.071443,0.058343768,0.03141408,0.09104408,26.655589158477078,13.571720493026577,16.893541397884693,15.931363865777552,15.520506704418958,17.17143243969734,41.86616628697095,23.1203013751146,11.379991089782573,13.81364434992936,9.76627904969012,3.335829551348629,3.8370259112264016,23.475304896638253,0.1229134668875774,0.002004792917882985,117.45383522727273,metal.00083.wav,metal
0.29729375,94.16096,-32.3892,45.45783,-15.206419,25.888224,-12.4076,19.625692,-6.809362,17.237934,-12.993833,13.681172,-8.694563,6.838666,-8.357132,4.9821687,-4.341176,4.7893076,-4.18103,2.5486684,1926.7427,408.5796,270.0331,170.8298,138.93288,97.13639,130.57497,76.89503,70.13145,66.51954,74.82334,46.176937,60.13585,40.30224,44.39012,37.603806,40.757637,40.1204,35.448177,30.683146,0.45636344,0.47902417,0.559574,0.531608,0.5247052,0.44613808,0.41768026,0.49665388,0.4061423,0.47067586,0.5251744,0.45106208,0.07797088,0.0665373,0.09106512,0.089483045,0.08040985,0.0707836,0.06471085,0.09199594,0.058013868,0.070013784,0.09139568,0.062408153,20.964847930410418,12.821494384962621,15.802834821443165,14.862307113613019,16.22037720220626,16.508582330912045,39.07568426349641,27.422443992216273,13.607150181014559,17.506043568934466,8.26133087295216,6.221191806868107,5.574424287906336,120.65828703267864,0.13858495186726005,0.0021120754660702997,151.99908088235293,metal.00084.wav,metal
-46.61735,86.81587,-34.77483,49.901302,-18.18641,28.723974,-23.486286,15.659389,-8.936177,10.598558,-18.183575,12.44495,-13.554954,4.67121,-11.670172,5.325438,-13.545012,1.3799648,-4.72411,-3.12482,1524.1945,401.50388,233.54494,136.76012,81.57758,60.243286,92.20362,72.53303,128.35205,78.85869,62.970455,52.671112,43.191597,48.217087,53.138878,64.40443,54.932686,46.23878,65.41462,64.2667,0.42675677,0.43635687,0.36447266,0.44480503,0.46180022,0.38137433,0.520236,0.40488455,0.42778096,0.4476076,0.44421935,0.5322943,0.059200324,0.07542082,0.04669322,0.07134667,0.08763797,0.04502707,0.09966286,0.06146295,0.08490799,0.091105185,0.067013234,0.10516789,23.815675533028706,13.800360303627034,16.58190215868921,16.222757429123334,18.152131264894095,18.260794155638234,43.54704491749663,26.954804466661347,14.679972771637344,14.955710183093284,11.561825585767428,9.662487626986577,16.786128362303742,12.098938155232322,0.15778135884287925,0.0015519093479475002,103.359375,metal.00085.wav,metal
-96.304504,90.98215,-32.244606,54.340145,-23.049862,27.707533,-16.94906,21.061527,-18.193655,22.608337,-9.001288,14.27406,-11.000206,10.09328,-11.180352,5.7860255,-9.896402,4.399218,-6.9783983,1.2410431,1245.6406,295.69016,319.8936,125.71121,126.8904,100.278275,89.71995,57.43831,49.613583,68.71789,48.1254,48.611786,47.601616,44.661407,38.76729,52.08825,31.469263,33.574127,52.936474,37.267197,0.46563205,0.36810917,0.39714447,0.4603371,0.41261315,0.49145433,0.41275346,0.47286147,0.37886333,0.4277827,0.5035049,0.41953912,0.09631801,0.06412092,0.07332302,0.101143815,0.066372685,0.10718365,0.06344631,0.08571296,0.0630404,0.06499109,0.09412637,0.063575506,17.323528062894543,14.10571094972192,17.01306644556043,16.36048518236905,16.609183298907134,17.185080369136738,41.323951026803535,11.445568663264773,13.41573947050469,16.33342141931056,10.5128344509956,8.069101659379022,6.657477809627955,7.606930146107296,0.15904401182759287,0.002136367992517753,123.046875,metal.00086.wav,metal
22.813816,60.81909,-6.410773,53.192284,-13.250526,27.924463,-14.319424,29.69412,-17.342934,20.313677,-9.7461605,17.133959,-8.265369,8.699249,-10.187819,8.035244,-8.118927,4.91807,-2.4821694,3.2020516,744.6243,261.86386,264.92758,234.74352,160.90004,98.61403,107.06729,122.686714,72.227806,86.40381,73.362625,61.946953,46.1847,43.805103,42.6884,37.283413,33.936985,42.031387,35.174885,36.408867,0.42183453,0.49150637,0.5268442,0.5707964,0.6038248,0.5827517,0.51383024,0.49606517,0.50326127,0.56083953,0.5001764,0.42973876,0.05377591,0.07126673,0.07975139,0.07318754,0.06580681,0.07493728,0.07806371,0.08055794,0.059528217,0.07699765,0.06670718,0.05170923,20.106169486990044,12.890265053487983,15.83857342400686,14.874531198024497,14.679517175550028,15.009732271516688,40.32467340648033,25.377739469123362,11.122590908026915,14.258782811793118,7.860824422309586,3.6578781451028965,2.3637551637741043,176.12395761692886,0.18681330725135448,0.0018600191619663152,95.703125,metal.00087.wav,metal
-129.72392,104.0453,-26.971245,68.268524,2.4256184,22.604603,-12.102456,17.058987,-5.673137,13.67059,-2.8124678,5.3755274,-3.0072358,2.9793866,-5.830591,3.9462996,-5.9979544,-1.9706922,2.3825228,-3.8564756,4859.767,751.20667,687.1215,150.62405,283.39343,190.10986,187.89748,86.87335,109.683266,84.748695,88.14284,71.388275,91.17927,50.84131,53.183666,51.027954,56.404377,40.926785,60.132454,46.576557,0.41284665,0.36786544,0.33829927,0.43399397,0.59251237,0.4226138,0.29879278,0.3878986,0.441146,0.5077642,0.4584189,0.39755273,0.110284895,0.07225662,0.05579122,0.0851612,0.11344427,0.07834171,0.057362378,0.080388464,0.07692125,0.11370434,0.08272901,0.06282352,18.942933127304148,15.95925550372346,17.93679219759403,16.257637841559422,17.03335612013925,19.229376645066452,38.75638789665434,15.121126218934165,20.233839179121865,23.39388800501647,13.774719565726258,10.80660621061738,23.814064520010202,17.848786123751687,0.09242007606907894,0.0021232322929191807,117.45383522727273,metal.00088.wav,metal
-90.7047,128.03145,-34.762016,73.75541,4.3358192,28.097118,-0.528384,17.356289,4.38969,12.314994,2.2703788,5.679951,-6.7684245,-0.4774753,-0.28473482,5.875542,-3.9548364,-1.292345,3.5097082,-1.2530525,2115.0364,208.7916,161.80316,95.37789,107.436264,35.010612,56.687344,44.02188,99.04556,43.611282,53.756042,53.5457,35.611317,38.374355,27.358595,30.098354,21.223465,31.995625,30.342384,17.6388,0.19760618,0.25343737,0.5305942,0.67637897,0.60309356,0.41629463,0.46871716,0.5861137,0.5345253,0.4908733,0.4424489,0.2713367,0.02845422,0.037747424,0.06890714,0.09458859,0.07426235,0.065303005,0.06633087,0.09583418,0.088913955,0.0934931,0.083558366,0.048078645,24.191860412676863,13.706457683494332,16.460597172406068,15.326647198228128,16.10366279034495,18.008686568997003,38.12554803470968,31.108339547709054,11.715028867381411,18.87189305196349,9.099475415228904,8.312952220343837,4.582374807087214,9.598043329452778,0.046570013182082044,0.0007001864536086292,151.99908088235293,metal.00089.wav,metal
-93.4888,100.64778,-23.36959,52.49629,-7.7495117,39.58746,-7.7753916,26.730106,-12.477862,11.733406,-10.55607,23.026806,-9.96186,4.154843,-12.798698,1.7885051,-2.0170689,1.9329511,-9.061236,-7.053525,904.3042,375.59784,226.27405,112.51434,47.28264,50.991352,54.847576,34.994774,48.891376,45.010483,39.041214,61.590115,59.87543,45.084282,44.45006,28.454798,48.66422,57.928097,32.525246,46.181896,0.41369894,0.3220871,0.3652492,0.4329839,0.50365496,0.44272244,0.24692968,0.23680155,0.36142528,0.5295719,0.6483571,0.61892754,0.06312077,0.06167955,0.0604598,0.07841174,0.10070443,0.05508815,0.022923566,0.044664443,0.061419692,0.08017288,0.10676232,0.08336581,26.18576903747758,14.63321251946542,15.452214812540168,16.693909846359066,17.98501002264349,17.78722060267892,41.80605300042577,19.68095838044313,11.80734231160012,14.031336470110135,9.596531928640783,10.986957331146854,6.698687139560432,7.548570968196191,0.08467824835526316,0.001783701832332925,89.10290948275862,metal.00090.wav,metal
-96.65606,101.72485,-16.843752,47.311695,-27.082909,28.275732,-17.200556,21.652477,-17.890528,7.018767,-14.618829,15.222269,-16.005714,3.4892616,-13.510425,0.34644556,-9.604607,2.957613,-7.067704,-3.1289787,1747.5922,369.70157,273.54108,115.1554,101.96193,90.82999,62.472233,41.560467,51.354115,52.593876,73.51695,45.381626,46.006622,62.682274,48.46068,46.556686,52.549664,61.362144,37.966064,37.777874,0.35158557,0.404239,0.2858742,0.38129753,0.5321484,0.4523954,0.4285712,0.3288306,0.43209904,0.28386438,0.24228539,0.43901342,0.052278046,0.10417317,0.053054195,0.07589598,0.09836432,0.05847314,0.11190039,0.0516114,0.10651864,0.05516672,0.035324845,0.11124426,20.124177796439717,16.2045181403955,18.31687550180929,18.97765446036605,19.21439797919785,18.18568496949912,42.38874127329257,15.683485096890156,17.987041705373148,16.438926625978944,11.874749403756239,11.721811446289717,6.727260321533981,7.36575514261422,0.12008733129353716,0.002135589796231746,135.99917763157896,metal.00091.wav,metal
-67.89626,108.934105,-33.84926,50.502457,-21.373014,21.500319,-14.890105,11.634114,-19.267109,10.540525,-13.92236,5.562826,-14.436232,1.9926131,-14.666116,-3.0274563,-13.955391,-2.0799775,-9.063074,-7.5461564,780.34344,333.6162,263.19998,191.46283,103.4095,96.89442,110.94128,72.37551,58.330326,54.14888,48.573105,45.214027,38.533195,37.1674,37.561787,44.936993,40.92589,41.826794,43.027744,50.1579,0.2805453,0.3771571,0.5664623,0.42578375,0.3654866,0.2503074,0.22681132,0.28428414,0.30761802,0.46577227,0.32993096,0.22302453,0.08920834,0.06422244,0.13061474,0.05740979,0.101133555,0.050553992,0.0563894,0.09891041,0.057656094,0.13284464,0.062736094,0.050708733,27.078584317789627,16.600512469060547,17.849163820261673,16.448026648460125,16.589262381589425,17.333202082204675,40.76385835857303,24.667516356100666,20.821844639151685,20.168852559960015,11.18356440041575,7.863698907411131,4.579067540245979,9.006269781271103,0.09332936762287151,0.0010920896250515891,117.45383522727273,metal.00092.wav,metal
-104.97826,80.70867,-28.533834,66.800766,-20.704027,29.11902,-9.355721,22.353577,-12.043808,13.592499,-14.734194,11.049199,-15.269818,5.3051586,-14.498409,4.748712,-11.4545145,-0.11827035,-6.5025268,-2.673578,464.92072,145.48364,97.52758,68.6053,78.94523,43.1627,69.14029,46.00809,41.734768,24.046932,24.24108,29.38895,19.787842,25.450542,27.826248,18.567244,19.518915,25.202188,20.140001,18.765013,0.378612,0.3427512,0.41950038,0.44320244,0.549834,0.5149274,0.5226018,0.5496921,0.45144597,0.38357973,0.3376056,0.4381575,0.06447218,0.054142956,0.07487378,0.055199426,0.12924497,0.06860282,0.08358431,0.10333486,0.07074054,0.08327977,0.051099528,0.07437932,17.78188708060274,15.517721025526646,15.292407653965238,15.687130568632226,15.584996496539294,17.169990387141983,40.69578349082999,16.076006736906844,13.787449121279861,11.638738407239881,7.338080713628259,4.598622768278443,4.827346746981761,4.43523013369981,0.14164653577302633,0.0015874846504704658,172.265625,metal.00093.wav,metal
-104.68676,87.735695,-33.242126,48.456833,-28.924986,22.51373,-24.994108,20.534803,-12.07721,18.25662,-15.190194,10.294038,-13.897689,10.2869,-4.6970425,9.943593,-5.6209707,4.7915606,-11.67811,2.9583418,2872.8735,796.7261,364.7826,416.66666,162.98769,129.59879,118.790825,92.998726,81.19729,97.59662,62.479733,64.440025,90.398636,88.10926,169.50368,86.68914,103.02083,81.07052,58.517952,57.08786,0.3713691,0.2735467,0.33466774,0.32040194,0.4581707,0.39257976,0.46203074,0.4848543,0.40106925,0.40900797,0.42607203,0.5488885,0.05571477,0.041731894,0.08179168,0.044957824,0.10222363,0.05997418,0.08752674,0.11182973,0.07626043,0.096544996,0.07112559,0.103710584,19.270317683198734,13.78066851568315,16.953697764200193,18.39915844062765,17.010331171915084,17.28335395637498,41.25816733934251,20.101244191262058,17.033511689085127,19.167180917830382,13.109337953360134,11.573641116008863,7.907633288630607,10.377859781432258,0.16091248125483745,0.0033242669135089588,107.666015625,metal.00094.wav,metal
-35.348392,94.13724,-24.249739,43.305695,-16.374916,29.515818,-5.852855,28.461887,-13.956537,13.738647,-9.20102,15.596586,-8.491607,11.409294,-6.1395063,9.319452,-6.614794,3.5066886,-3.2864223,3.667304,1258.2979,319.7454,196.59831,120.49421,100.22213,74.80499,63.411137,48.62144,49.77636,46.638943,42.314476,32.810535,33.685028,39.410984,36.445606,32.04526,33.642227,48.336124,37.835175,31.656054,0.5628717,0.64199954,0.51774144,0.4776539,0.5442113,0.5037093,0.5515504,0.494323,0.5185043,0.47305378,0.5252257,0.5398906,0.062996894,0.0786304,0.049941525,0.045864224,0.07452885,0.050552066,0.08897041,0.06441594,0.07401603,0.073490985,0.06724303,0.07364375,26.394011283727554,14.54324243069062,16.38438956364001,16.022036506622417,15.767334462570071,16.680593245960168,43.01235692173541,30.632999631351367,16.298542005964745,15.749062938174493,8.99757252790616,6.467449403294262,3.8519814907957874,19.630375399820295,0.12103592722039473,0.002379462977603299,151.99908088235293,metal.00095.wav,metal
-51.584152,86.15932,-20.28268,59.05158,-10.889933,27.533499,-11.25417,23.941713,-11.55746,13.293803,-9.016419,13.907335,-10.740368,8.386071,-7.0909276,8.215174,-6.1754866,3.802813,-1.9112833,0.8906285,2995.672,734.0184,663.57855,447.62112,184.49985,172.69962,92.38424,61.68103,51.90307,62.418953,45.6985,41.972694,36.56313,31.293682,33.674652,33.043957,25.409521,28.775263,35.983288,22.345,0.5049684,0.52614164,0.6649021,0.5879266,0.5360525,0.49196404,0.47514918,0.44082463,0.48210332,0.5459093,0.4868856,0.4795533,0.06858322,0.047637068,0.08673652,0.065425634,0.06942625,0.076445684,0.06695191,0.069166,0.07939676,0.099465504,0.06723273,0.0698172,24.082298683681095,14.391743284605475,16.193527762523793,15.178942099979636,15.723521716589472,16.945831376258223,42.05580052789879,25.51720146474499,17.133368681963685,17.010932864085124,11.448530217473174,7.85947250393844,5.707418129030268,36.78485007761203,0.12823996529121517,0.003555160428060399,161.4990234375,metal.00096.wav,metal
-82.15792,98.29185,-16.522001,68.44801,1.4452634,29.869274,-5.2750893,24.399492,-10.475002,14.404365,-7.89216,10.020229,-8.503236,6.668705,-6.297929,4.435781,-7.250672,2.3266816,4.2457356,1.1033678,5138.612,300.6162,759.2351,139.93806,88.583435,50.128624,71.08425,64.17434,54.97493,34.599926,56.467346,39.60665,45.333725,71.76999,41.72074,38.530544,35.152977,32.86556,40.80961,38.196903,0.5761075,0.48591095,0.5236006,0.43106347,0.47296223,0.44399324,0.44040847,0.44663334,0.52961516,0.5789237,0.4460984,0.527317,0.08345024,0.046044774,0.07984005,0.045872327,0.08438906,0.075768955,0.05163101,0.06292635,0.079874784,0.11629869,0.053760193,0.07398858,25.007577413930004,14.607728806867925,17.48641187265504,15.950087576603005,16.3542199803315,17.816650555307756,41.38811931283891,21.375166607141754,14.452494490582612,17.35118872019659,7.96909818268878,6.5567843302235564,4.750328769940029,23.64345160110905,0.08620620585816563,0.0019873808282588217,112.34714673913044,metal.00097.wav,metal
-95.3391,92.06636,-28.061176,52.796284,-3.018975,25.395771,-6.135991,20.098091,-10.223874,12.41114,-8.270396,11.693288,-9.268384,2.805844,-4.433479,5.498817,-6.2805414,3.8303192,-0.4240159,4.6606755,6463.836,432.60748,992.8658,93.9878,136.96912,124.23902,125.42006,86.01937,67.70801,70.25103,47.19829,42.45145,54.1619,42.54913,36.231003,27.065678,37.113407,32.948627,49.875282,24.271255,0.49135143,0.56729805,0.5896268,0.46963233,0.4957666,0.5056534,0.592286,0.6453793,0.4797171,0.42020598,0.4012875,0.4687047,0.0702893,0.08135446,0.08952435,0.05923022,0.0832906,0.07224445,0.07229032,0.061246194,0.05464502,0.08347581,0.067344435,0.07129959,24.324192022029663,14.079361165447809,16.426318835854453,15.875811943370818,16.150889667887057,17.591755746335537,40.265867367360876,26.831805294572877,21.315934511472296,24.807474948016196,13.032935343929154,6.76663929525692,6.665661524862578,23.683082870666897,0.11576498403637771,0.0036703581210300418,151.99908088235293,metal.00098.wav,metal
-66.66679,88.367165,-27.544344,53.177696,-9.20226,27.95932,-8.114095,26.28682,-8.239136,12.685691,-7.13096,13.688373,-8.364938,7.9673624,-6.2975745,8.1210785,-4.975645,6.161322,0.36444417,2.6937668,2115.242,422.34656,410.17493,192.7221,164.87746,121.80826,110.157326,66.85913,68.70597,68.65272,54.974174,52.905132,36.351078,39.38123,41.497036,49.32867,32.405636,37.851425,53.13644,34.70607,0.55600005,0.55510324,0.6463984,0.5245364,0.5092606,0.50234693,0.4738101,0.5057598,0.48205534,0.53795743,0.43881527,0.46380743,0.07757701,0.05344836,0.08824649,0.053551417,0.064650916,0.095616855,0.061760467,0.09113182,0.07488916,0.08470812,0.063104756,0.060180333,24.56445934358482,13.714395733662968,16.77595828383291,15.786222420388622,15.624331787910846,17.018209711608907,41.77167757000133,27.362629425233326,13.918858333739918,17.984835056930816,13.080675713772925,5.765867870457216,3.827276211044051,20.975178068818035,0.1080065275493421,0.003198826399944263,143.5546875,metal.00099.wav,metal
-94.53429,55.664608,29.260527,27.047909,20.063942,1.1709082,12.953799,-0.7993096,8.8729515,-0.67619556,-5.338357,2.2207074,-4.614716,-0.9826609,-1.4855211,3.13206,2.5117698,4.0958257,9.172982,4.7367454,4171.764,619.7549,325.51334,293.36584,140.45917,224.73558,136.23082,161.98546,119.57479,125.739525,96.91235,74.01995,71.411804,49.652977,61.365192,112.293945,92.405945,112.92999,87.63915,88.61902,0.38364246,0.32702115,0.3893265,0.32534835,0.46218342,0.48061353,0.33993873,0.47940287,0.40095922,0.4117066,0.33846247,0.33796877,0.096535996,0.06501564,0.097086824,0.060122102,0.112626694,0.11397508,0.05758202,0.12980755,0.07456468,0.10064197,0.07870613,0.06640487,20.81680752265335,17.11655318055833,20.370574194703586,19.895690279092893,19.032648106804587,18.119956864529296,16.808883133491346,28.473628327553662,20.510493416832887,24.76200549837591,13.982230833181063,14.32850019212844,11.729248229870828,5.909915752855729,0.12676680715460525,0.009454517335267802,135.99917763157896,pop.00000.wav,pop
-59.200974,45.285435,36.85824,15.686738,15.64339,1.674394,7.294538,8.814742,5.826009,7.992021,-2.28285,1.8962289,-0.9197743,0.039757602,0.09380678,-0.82496893,5.5837708,3.8282194,5.5861907,4.933342,5430.3955,1440.9432,895.9425,494.85303,334.38467,329.1714,219.7245,187.27644,188.91608,147.92163,113.374084,108.30991,116.27505,98.569305,93.39252,129.77037,205.39655,171.08287,166.57907,155.31596,0.44667408,0.36241257,0.36243504,0.418305,0.40107015,0.51216453,0.41296315,0.5117261,0.45965293,0.35642967,0.3679604,0.34130827,0.11417009,0.07949246,0.08325249,0.10489505,0.08368142,0.13738336,0.07664313,0.11160525,0.09900602,0.08285746,0.09152537,0.06847463,17.737968967218407,15.651203719688455,20.144544098535505,20.207534196538813,19.361885345114366,18.10649318587618,15.98456397320673,26.570021597244576,29.39780059793987,32.028742455548795,25.880418966459715,18.49046540717078,14.810964355920753,4.515903625056243,0.14947642039957432,0.009818923349354396,107.666015625,pop.00001.wav,pop
-59.607124,62.98234,31.12206,16.92889,8.904489,10.815333,10.561759,5.165959,5.408297,6.1599445,2.2780192,4.2545376,4.1256804,5.7277184,5.0610714,5.6710515,1.4182492,2.8187902,-1.4061422,-3.3785646,2910.5742,596.7858,181.21562,155.98604,103.52007,112.26995,82.9917,55.86212,55.072483,65.403496,63.511272,63.284702,69.312126,87.56337,81.29371,94.69186,71.999535,58.067654,43.937725,46.2595,0.47605926,0.4335579,0.48287868,0.34032807,0.28774127,0.29964432,0.327701,0.41178635,0.42174023,0.5603922,0.5468287,0.4260246,0.11942948,0.082350224,0.107212394,0.0619445,0.053098757,0.070572115,0.07170565,0.10159935,0.07955607,0.09980945,0.10554274,0.08027434,22.329886196322867,14.9413521547673,19.52861075420848,17.97338190296675,16.48322491870123,15.89050143181829,14.966370444024747,25.654825795640473,16.79878548837315,23.569512418509774,15.09096508006257,8.250062754586073,12.793948864849487,2.0592628127396244,0.11886851780185759,0.005768689349267857,129.19921875,pop.00002.wav,pop
-125.906784,126.61828,-23.186909,36.22425,20.962921,-1.1735233,16.486767,-3.6612227,6.5204906,9.33727,-6.409656,3.880195,-7.941657,2.0486922,-2.3359535,-1.4812031,4.7531238,-3.5139244,4.8868504,-3.1990807,2746.744,1229.2928,507.1093,368.73077,142.311,182.15302,104.46279,89.76829,92.21158,79.28279,70.3543,59.986866,58.015366,68.895645,66.52456,68.78101,77.821465,71.867584,61.323734,60.961964,0.3732715,0.33895335,0.5644127,0.3677439,0.27085233,0.32211274,0.38632616,0.71027833,0.4413104,0.40259284,0.32896796,0.41381124,0.08050102,0.04722387,0.098539114,0.047681335,0.039878182,0.07753031,0.053335078,0.08795267,0.05367842,0.09094727,0.06068942,0.07804633,24.442650407677434,16.481315581272057,19.29247116826151,19.52662501650104,20.7002234290122,27.09843186837684,20.30536759886866,23.68206939605131,15.325897353591472,17.244085973669467,16.339358475401955,12.929871928014542,39.53711936940838,25.985343239636816,0.08535171367066563,0.002096088766659775,92.28515625,pop.00003.wav,pop
-20.901945,83.24167,5.04696,16.370787,9.402539,-0.56291837,4.051513,6.209602,9.122196,5.865447,-3.5055268,-0.6387332,-3.1722696,1.5466727,-0.91755396,-2.9599605,-1.3302047,-0.86938787,0.6923023,-1.7670423,1277.0514,497.94223,380.2515,172.34767,103.83682,132.40074,77.41132,48.65377,51.057,49.92583,36.077217,38.563377,34.521286,41.31227,32.62489,47.662483,36.24454,43.663616,52.99448,48.695366,0.38020137,0.35776287,0.4269389,0.33343282,0.39582112,0.32695597,0.34946784,0.39361146,0.42253193,0.47617766,0.3587159,0.39104533,0.08667893,0.062681295,0.10241954,0.060867604,0.096699886,0.06910103,0.07790993,0.08657365,0.08576463,0.09273215,0.06900225,0.092116475,24.932613330483303,15.170308909539715,17.768983464891505,19.70057979433607,17.83380386587645,17.25036162325191,15.551827516668267,23.394537018398754,15.89107108546543,16.621049499451626,16.149850764000742,8.997907902411832,6.58078828844734,1.8772309417093715,0.12376304602844428,0.005099496894739997,107.666015625,pop.00004.wav,pop
-113.6181,90.014565,-5.5413437,25.595474,2.6011498,3.1922524,1.1311811,6.1437182,2.7893798,-1.8761604,-7.119991,-3.4417925,-5.9110045,-4.3507495,-4.946462,-4.3801026,-3.3122668,-5.4329095,-0.570475,-2.1802385,19912.633,455.19235,832.1401,196.54031,101.3817,148.25359,95.455055,128.46257,104.81159,125.091064,89.446106,82.40005,61.445625,70.103485,87.15881,41.977333,47.441647,47.20143,45.02762,45.40786,0.2624348,0.43391296,0.26566058,0.2779288,0.21259412,0.21987656,0.5157661,0.31987175,0.3087611,0.24062026,0.3816981,0.43995336,0.038846053,0.13474321,0.049165424,0.09982639,0.06115557,0.035486564,0.12607875,0.06101525,0.10381741,0.050126728,0.07198344,0.103374295,24.17645504427243,16.394055902101176,19.027634137382915,20.35244964867345,19.33629313576496,19.50910320318288,19.90712450434776,23.780285662960065,23.937162915763956,23.080349546574304,15.441003989109745,12.872438133483893,13.485841821707558,31.0783045206287,0.10678053345104489,0.0024540409668432368,112.34714673913044,pop.00005.wav,pop
-169.15085,94.640785,24.504725,27.41387,11.641731,14.895841,4.234472,12.369024,10.702795,5.126413,-0.3423666,1.2547649,-4.157589,-3.1358938,0.29853347,-3.551203,-2.8172488,-5.7609015,-5.2082133,-0.0984023,4911.6465,578.0676,353.473,180.75058,61.920284,104.971855,63.29771,42.752254,36.919827,44.893467,56.53991,45.064407,47.519936,50.39862,33.90378,37.382954,33.85536,38.76072,58.198456,49.951435,0.5532834,0.38026166,0.32303694,0.2579367,0.27856052,0.35243335,0.392485,0.6128876,0.37962496,0.27583182,0.26022062,0.42891577,0.12941238,0.0683449,0.06781606,0.04784723,0.04971235,0.11946661,0.05097279,0.10715529,0.05157166,0.07472476,0.04684409,0.07493266,23.4474176382614,15.819286900424068,16.548921386670298,18.689791345651493,17.634487613377477,17.186041101739356,15.554144676009322,26.442879417980766,15.909743995568826,13.773731970634014,16.657187583182345,12.345769614853612,4.879624993551208,1.9845463545770075,0.06769535785119969,0.0027110439415666075,92.28515625,pop.00006.wav,pop
-224.45636,107.30909,-1.568328,13.870831,8.123952,-9.378748,8.120475,9.294033,9.099869,6.025224,-6.6545024,2.0728164,6.2020764,8.332799,7.5784698,2.0672483,4.5554514,1.2218053,-1.6407906,-3.7163203,3679.215,2010.0844,691.2285,671.0899,181.85371,213.89919,143.50539,132.83136,114.687775,178.43994,178.12082,200.45041,239.50421,158.83858,195.97623,201.63855,213.9278,130.7547,140.0155,175.66554,0.18293412,0.28318882,0.4473832,0.22104883,0.12704368,0.13056235,0.17583086,0.20237663,0.21224442,0.49770874,0.33318642,0.20555538,0.061102547,0.08625104,0.15192977,0.058023483,0.02822496,0.042422086,0.06008905,0.07948732,0.04615739,0.16061248,0.09596892,0.07327365,19.211968224853393,18.226001382730797,23.554569975137206,25.8163556127877,23.258981798772847,23.88166003685811,17.531185962062615,25.11286929514548,36.234754986162564,22.398635109639436,14.175837548989723,19.60583718751317,45.617085806267674,12.266831726511606,0.08234492913119196,0.0023833031247764984,129.19921875,pop.00007.wav,pop
-52.448246,74.022064,12.697417,24.500345,21.1079,1.9049278,6.796557,4.7199597,8.40647,8.246996,-2.2676542,-1.2025366,-2.6778097,0.2613352,-1.0678633,-0.8462423,-1.2573465,-2.3307621,3.8170018,0.30459085,2218.3506,602.25635,638.0648,160.67241,119.05374,145.8589,85.13688,59.81493,68.41335,56.13054,60.184296,47.898285,40.101532,49.710598,32.45686,42.33533,60.563896,53.461517,54.550472,89.05342,0.368809,0.38473946,0.411454,0.6040491,0.4559688,0.40121314,0.33877373,0.34288353,0.52893126,0.37154073,0.3374962,0.29987523,0.076748796,0.08238861,0.06955428,0.11079453,0.069849,0.090856016,0.08181942,0.07139065,0.115276314,0.05576492,0.06940777,0.0555851,21.678696831266915,15.68081647355909,18.62543314302348,19.672005855250507,19.51916891978242,18.393637497378638,16.014664511517516,23.750477033639786,16.639164484866527,19.646694704713326,16.67375185567105,9.955891559480424,9.115981107427501,3.1610801509656947,0.1213038772252322,0.00791835946022729,172.265625,pop.00008.wav,pop
-35.297348,61.247242,14.059667,28.661287,4.3299875,-1.3499213,-0.790413,5.12254,5.3524,1.2215204,-7.2570734,-0.5168179,0.21715893,-1.2905804,-0.10900879,-1.2562847,-2.5358107,0.57109964,1.5749441,-1.7193333,2824.738,351.1933,433.509,256.61224,157.76636,142.81113,72.29348,60.496044,58.99841,63.645283,71.9016,42.363197,47.36676,38.98689,42.778957,43.528976,49.604412,59.927673,62.423798,60.88363,0.41178903,0.54156667,0.41312355,0.43782595,0.42479897,0.3772082,0.52398896,0.4098884,0.43205705,0.46740746,0.51329726,0.50507534,0.06023434,0.097543575,0.0597397,0.07123584,0.08043068,0.04862562,0.095257714,0.06119171,0.0763326,0.082481645,0.07735093,0.09155655,21.478302668089466,13.400173394807599,16.910547702928348,18.205096721100173,18.082752170640628,16.448822597565783,14.996001893829877,23.23134504912815,12.282280620197081,18.5642211465555,13.406011314767378,10.29713851637238,4.4057021669934375,2.055393972081731,0.17281943873355263,0.004294715320343339,107.666015625,pop.00009.wav,pop
-111.13056,103.09619,10.90997,34.348927,22.34365,17.868382,6.8071394,6.333683,5.488653,0.6188137,0.3394003,3.8250782,2.0442042,-5.5212603,1.2078166,0.39954314,0.3329769,1.6744769,-4.0542765,-6.405829,4666.629,1115.3813,263.05322,256.62897,124.184425,127.94796,109.5166,64.89711,54.001686,68.177864,62.655785,56.0579,51.16184,67.21203,74.16247,62.263535,62.996796,66.50687,53.130806,76.71759,0.30901396,0.41909587,0.31757745,0.31793293,0.49545136,0.38159063,0.40794218,0.32092777,0.40153772,0.4830014,0.33455905,0.34711584,0.06009318,0.10801895,0.08257785,0.04007276,0.09400617,0.06270431,0.12640613,0.06645545,0.083664514,0.13530858,0.065087244,0.08434896,24.423463351955615,17.594667417485617,21.203625883779132,20.59056417120959,21.33754285606935,19.08408048614978,16.459098723978947,25.750515557541593,16.384016399260616,21.084081275661294,18.955551175950735,14.942003859024359,16.226818679491334,9.136411470836997,0.06621728666795666,0.0022327513335932123,107.666015625,pop.00010.wav,pop
-240.68593,97.10967,0.40661904,-0.26895523,-10.478993,-15.741312,1.3906447,-17.873804,-9.089088,-8.767288,-14.260694,-5.5017834,-8.3689575,-9.316448,-3.1734793,1.7531859,1.5742667,5.622142,4.9669237,3.7379045,2768.4478,984.2847,431.85754,351.3937,200.04854,135.16837,150.15022,166.86226,113.21355,89.785034,80.89457,94.868004,132.29556,106.61349,118.36954,95.41261,104.6105,174.52963,140.05833,193.82793,0.17318824,0.14520551,0.27989307,0.0980482,0.1809589,0.2936326,0.1660756,0.37122405,0.21481852,0.43329716,0.23640227,0.114811026,0.07213798,0.031451378,0.11898915,0.012803587,0.070686474,0.1271212,0.028511582,0.15333499,0.045129865,0.16271868,0.07226425,0.026088567,19.79602104421335,22.41978930472716,25.2206513952674,24.2506561506464,21.827358555386166,21.777816208900912,16.928001691788634,22.268132545541178,28.531814400230218,18.376691940142084,11.798270831306272,10.94344722242648,19.315637007836507,6.202521747466224,0.08712532350522446,0.00285291655913242,123.046875,pop.00011.wav,pop
-50.85386,80.22757,-9.293903,20.294153,12.106113,6.7842712,6.2796135,3.4291553,-3.9568374,2.5745728,-5.706396,0.4841114,-0.571953,-0.58427507,-3.394357,-6.79263,-5.526354,-1.632335,-1.6056237,-1.5018033,2231.33,660.78687,415.9499,155.48924,156.34793,108.253044,78.62506,75.73463,73.04377,107.191154,57.54449,64.57933,65.11594,59.93264,59.0191,74.925766,69.886986,52.616104,67.1311,109.44457,0.42046547,0.35938752,0.41135266,0.41280556,0.361775,0.48735335,0.3378277,0.34645495,0.33461836,0.39122003,0.4164885,0.35089594,0.08906375,0.073226266,0.109324135,0.10047703,0.07004694,0.107467085,0.053624876,0.08308792,0.07009417,0.08050924,0.09186516,0.07155027,22.226777231921332,15.905781235707302,18.91139304151619,18.76911147413153,19.28628269166158,18.56158818743468,15.930820758910054,22.20425604792913,16.463574395582146,16.372979138340277,11.383359886704067,8.635223695325186,9.051111842928133,3.0699273435489656,0.12593423471362228,0.0033639275051531906,99.38401442307692,pop.00012.wav,pop
-161.65413,85.566696,53.275494,32.21721,27.19544,11.300175,7.8961716,8.764694,1.2665906,13.211441,0.06758935,4.8267465,3.1036131,2.346416,3.6764767,-2.874707,-2.6143231,-3.1520007,-1.1912892,-1.4712895,5098.383,863.03094,471.40793,288.6969,81.94043,172.81694,97.5383,110.73675,90.44603,141.97595,111.015915,62.08382,85.35289,69.32517,48.503883,81.13339,45.356216,53.57515,55.71731,45.348595,0.5439354,0.3791452,0.32914963,0.22834383,0.24647075,0.3247713,0.3158271,0.36037958,0.34734258,0.37852958,0.41197392,0.4084329,0.1320816,0.06827616,0.10350992,0.046951298,0.060179643,0.10787795,0.08910535,0.10022961,0.07205202,0.07888155,0.10825001,0.095028,24.768274848661452,20.549043882188116,22.32658513015639,20.093591111870623,20.125876826957516,19.332746365212508,16.43370088768998,24.939547935702326,25.858470648542113,20.637985674058445,20.14195974056625,20.11888255046249,21.92950822397067,7.882662894829442,0.05165917364067337,0.0015858076443184643,143.5546875,pop.00013.wav,pop
-135.32312,107.81954,-13.443976,19.0207,8.798831,12.496943,1.0323985,11.318429,2.5432127,1.2272973,-6.3917103,5.854486,2.88143,1.0215101,-1.7751945,-0.5023208,-1.0759586,-0.16349223,-0.8965706,-2.1383526,1519.7433,391.59412,465.69998,281.01358,165.34937,92.515625,145.61661,86.41212,52.915726,53.78588,56.283504,48.11194,42.588963,42.232853,35.872982,28.708265,27.002554,29.520544,32.20473,28.24722,0.51714325,0.5005691,0.47027594,0.55394536,0.41264296,0.33912238,0.30479228,0.3746064,0.41409513,0.37899545,0.41663414,0.42943963,0.09165187,0.09949751,0.07476891,0.10626346,0.066955455,0.06836461,0.052244812,0.07810941,0.0751153,0.07088663,0.07598838,0.07703628,15.987298833999198,15.386582399875504,17.788187699305336,16.281571600200905,18.074401828402575,17.104103994082458,16.651635724513827,11.720740092785528,18.706998449757943,20.731693104286716,8.60743005290597,9.640473668482368,5.983708853865506,3.8129007431448216,0.0880610699255031,0.0012871384194180413,117.45383522727273,pop.00014.wav,pop
-45.75362,65.276146,12.941987,14.516027,7.0181103,4.4085183,6.6144414,3.298751,7.7367697,4.059378,3.6551008,2.6030385,4.055315,2.397442,1.7854378,-2.3755167,-1.3446786,-2.8704054,-0.84292006,-2.5974782,4353.967,578.40265,453.2395,261.83832,113.38408,186.0945,150.84256,86.71197,77.09278,77.286,50.435577,59.36141,57.983654,59.21596,42.23483,41.842503,54.74998,78.76943,74.31901,64.96279,0.5423383,0.4212269,0.42345265,0.40123048,0.30166212,0.31304732,0.3607917,0.44554564,0.34327728,0.32580867,0.36347744,0.39882487,0.1259312,0.09221221,0.088287026,0.09497208,0.06201185,0.081103995,0.07625588,0.10689723,0.07437562,0.064802565,0.075401455,0.07649402,23.43399023708074,14.440901508555179,18.545252163683262,17.63884628960637,17.441553582952057,16.127343623504423,15.60531321949534,22.900801285490843,18.119826565410783,21.837405343314334,18.63502819352168,13.367080539077795,5.312991871106369,2.6499227138157275,0.14158379994678794,0.006970087310154681,103.359375,pop.00015.wav,pop
-97.0082,51.786003,18.738693,20.481663,5.6104527,3.5735023,5.572289,0.73739463,7.3361273,1.6588529,-2.7012627,-0.44397426,-1.0818589,-3.45436,-2.4807754,-3.3093784,-2.2329962,-2.6434991,-2.74049,0.31153417,6513.565,616.21814,427.86374,295.48175,156.75662,193.18617,145.3271,142.09697,116.66367,74.789665,104.25231,90.30072,58.35837,58.67038,44.771725,47.57153,52.404423,49.11641,57.74902,62.474518,0.39605975,0.4422567,0.40813836,0.48619816,0.35333234,0.32646844,0.3721518,0.3004716,0.3349192,0.3343005,0.4503991,0.4605594,0.084233105,0.10922742,0.07622972,0.11732259,0.07986455,0.07002347,0.094280355,0.071814,0.093505025,0.076014265,0.09668322,0.11486039,20.606410613022856,17.35177267135248,18.430317644642074,18.217004613935654,17.704467352890898,16.510233966341477,15.23689669289959,36.6653664697006,23.613753880773377,22.99300886864947,19.221777151147847,12.087197823396837,7.59063664692403,3.4383023681644356,0.15341592794601394,0.007374339697425642,112.34714673913044,pop.00016.wav,pop
-53.12336,78.31344,2.2469547,18.838303,3.8645911,2.5142798,-3.7991865,6.814705,-0.81020486,8.754906,-4.800525,-2.151995,1.2861207,-1.7439154,-1.940419,-1.5876646,2.6303961,2.429557,4.024241,3.9174657,916.86475,414.96402,830.96826,216.98839,163.98941,132.08936,77.71536,109.78551,63.558018,63.076656,59.94404,46.87903,38.147907,34.458065,35.057816,37.05115,32.08507,42.308746,39.55637,44.713364,0.3996838,0.4912567,0.36855057,0.45508298,0.37029555,0.406904,0.6275995,0.44464442,0.40195233,0.39032242,0.4438205,0.42343324,0.065583035,0.101434514,0.05180268,0.10263495,0.07162759,0.053383123,0.108452834,0.06683908,0.07997464,0.07024892,0.0788638,0.08583714,17.377129334124934,15.38572388778575,16.573422211620937,16.824053287333655,16.74871009213236,16.869518006371838,16.747685249726253,19.479407897977023,22.35329338159294,14.90941489080571,8.794330070076786,5.906193623391497,4.7304426449386,3.1066124975056653,0.12622977336493807,0.0025070744317713845,112.34714673913044,pop.00017.wav,pop
-48.958145,62.637794,34.22583,12.313788,16.560747,8.622408,8.7671175,5.2450123,6.79424,9.059275,-4.0853252,-0.7463064,-0.37564674,-0.47257915,0.6466342,1.7050616,1.3546007,1.9141523,3.843488,1.6038547,2197.6367,459.74844,455.53094,276.23935,106.32718,154.18613,103.74438,84.47293,75.98174,86.2768,58.415295,58.37591,42.519936,68.49278,69.90854,78.735985,87.643585,116.072815,128.19646,82.24728,0.47454083,0.38631845,0.3673317,0.48584297,0.3927093,0.36733735,0.30678368,0.42921704,0.5328609,0.38103515,0.4174714,0.37867755,0.09988139,0.07955448,0.070787035,0.10275483,0.07680377,0.0888541,0.057334073,0.07894024,0.11064126,0.06614985,0.09982167,0.065596625,22.28859684987856,15.408329322483581,19.579093138024014,19.408123994452446,18.54860732426786,15.989371900238867,14.834245022812818,26.410273420101174,16.839392401241827,21.121827324550523,16.16325859940128,13.952358580419856,5.380105266525187,2.004115057984413,0.12773467734133126,0.005566884474766262,123.046875,pop.00018.wav,pop
-25.156342,70.81893,2.9392478,7.5544662,1.4596194,2.8461227,1.9075499,-6.8259797,0.291451,-1.9537078,-6.6516356,-0.24398105,-0.75502783,-4.249934,-2.4407938,-5.6814713,-1.5769207,0.66936177,1.6911362,0.7881384,3880.535,826.3413,464.63477,298.30405,198.871,248.96744,129.77484,103.871216,123.07155,97.856445,80.95335,57.999844,67.89895,54.48796,45.01404,34.73352,48.356213,68.31242,73.92072,58.131172,0.4870997,0.3869969,0.49587908,0.4987117,0.31767908,0.28536326,0.2973533,0.4753176,0.29735568,0.24597114,0.36696956,0.36567003,0.12805568,0.07080718,0.09037377,0.095288455,0.061830502,0.06941232,0.05457182,0.10729149,0.06100798,0.053174157,0.09901784,0.072834894,20.30157899559158,15.37810714200501,18.336296606601408,18.34489819679688,18.799268538575777,17.34021236110821,15.497325892819156,35.30443797262392,21.543937121561903,18.374396584677424,15.07025902166724,14.546065854738751,13.10756282957491,2.40704751799618,0.15605347813467493,0.01159169480381261,92.28515625,pop.00019.wav,pop
13.536641,58.196354,-2.2051022,5.008136,8.070771,-0.4792645,4.1051793,2.2589247,4.2934737,3.5860925,-0.50527275,2.4214692,1.8804909,2.1731515,1.9396269,-0.1735727,-0.61673826,0.75454974,0.73560923,2.0239272,3280.2117,395.7672,312.54086,190.66473,126.36109,142.67523,85.46021,106.276,84.944,84.73644,61.908836,56.746216,61.80568,58.559338,48.09925,43.786926,45.573112,49.460915,62.502808,66.436966,0.5202657,0.33426085,0.42314076,0.46050107,0.34686103,0.39489934,0.37667295,0.50421894,0.41420978,0.3754772,0.41517058,0.38216218,0.10821945,0.04750201,0.07981522,0.09724508,0.060294118,0.09624594,0.07154725,0.100344,0.07883475,0.062266544,0.08006299,0.060222697,19.848500161480594,14.426694516566698,17.737203919645676,17.108668465104593,17.57005766793939,16.697907446984857,14.652954714561213,34.44124582381369,19.504323652747143,20.38083652981061,14.637826693078294,9.988723929760337,5.192036735746653,1.6890879679844888,0.17974985789957432,0.006721270698515361,107.666015625,pop.00020.wav,pop
-23.23011,53.819164,-0.6900112,14.726738,4.8718457,6.73059,4.84588,4.9450912,4.2645206,3.1102583,2.549565,2.9879475,4.6363297,2.8481328,2.1776063,1.0669053,-0.47156632,0.38901883,-1.1717293,0.54775625,6913.796,834.5028,352.1162,148.65808,142.58131,135.7957,81.75566,73.129005,77.66092,78.71086,40.320465,64.30149,40.992065,31.151709,31.753115,26.60516,23.469824,28.736996,29.488214,28.960478,0.65437174,0.45082617,0.5226592,0.5713579,0.4934724,0.47275683,0.4217196,0.54825276,0.4947195,0.44237724,0.48053566,0.4996853,0.081779525,0.044234082,0.07873016,0.081848234,0.06903188,0.07889114,0.056144644,0.07906044,0.08474183,0.060430605,0.06867066,0.055391666,17.94256905304357,14.066020727341199,16.251476163372153,15.530062072181506,16.11763978146708,16.13093764055453,15.056562904472818,31.421469423624654,19.877760917178943,21.121791656025195,11.787677768596312,8.955214442557155,8.779867692669681,3.1734728319043533,0.1870177655766254,0.007867250243550407,99.38401442307692,pop.00021.wav,pop
-45.71781,65.287415,12.934513,14.516592,7.038325,4.395021,6.6337786,3.301898,7.7297864,4.070035,3.6681185,2.6062715,4.049001,2.3892908,1.7840554,-2.3934216,-1.3437685,-2.8735752,-0.84610224,-2.5911918,4335.3716,576.6883,452.8367,262.11612,113.21561,185.7841,149.938,86.970215,77.39426,77.44533,50.786655,59.032513,57.76489,59.283997,42.328026,41.976627,54.84253,78.73497,74.755844,65.04625,0.5438218,0.42008385,0.42405686,0.3996527,0.30089998,0.3129925,0.3634856,0.44612902,0.3426281,0.32538223,0.36312088,0.40080664,0.12694961,0.091557205,0.087879226,0.09402047,0.06139056,0.08042539,0.07721067,0.107352115,0.074586794,0.06362802,0.07529525,0.07792697,23.437875411822144,14.396587776027829,18.545444131772186,17.710061267126058,17.462258519707344,16.118176678012897,15.601799235740428,23.342966934326185,16.756917395037416,23.18253546181578,20.013538617785457,13.197603146194163,5.4959730276821785,2.743672920700006,0.14153920460042568,0.00696113750440391,103.359375,pop.00022.wav,pop
-44.287426,51.327915,24.990484,12.160306,10.873074,7.612087,8.21147,-0.77332944,5.946744,4.7616363,-2.5084326,1.3215402,-1.946599,-0.44633582,0.23645823,-2.0033762,-1.9639544,-1.0339816,0.5159019,-0.38595906,4673.2417,982.37286,729.10547,385.7396,177.64348,198.29015,133.09053,103.16319,122.42675,90.31229,70.701385,71.331764,69.33559,58.09133,57.80251,64.597176,68.44247,68.49221,56.261696,92.05359,0.45660117,0.36274898,0.40374804,0.40862107,0.47284308,0.40104476,0.34265786,0.45563626,0.36841807,0.3502506,0.31689638,0.38164228,0.108816706,0.07516514,0.1016147,0.098121665,0.12795658,0.10931362,0.08258705,0.11328255,0.07397991,0.085119575,0.06408347,0.0759217,21.287076836144845,16.544581331303615,19.539000509089924,18.23653484747294,18.112487328697107,16.498752669916346,15.024564829299171,29.05942902845778,20.46531837698424,29.883790044114342,24.68328984818579,17.129696741797463,10.54249919579564,3.2221286404337324,0.17767428466041021,0.010048636975425414,103.359375,pop.00023.wav,pop
-40.830166,61.521126,9.867294,10.09655,8.454963,5.366854,8.376651,3.5050008,8.251043,5.8800583,-0.104238786,-0.5703608,0.55144525,-1.9820309,1.9155517,0.076128,-1.270984,1.2328516,1.4938198,0.95021856,3886.8464,571.0456,408.64102,353.00766,171.78348,201.14761,117.89684,114.29719,92.78565,94.95657,73.96024,74.51343,54.757534,66.31045,70.21923,85.83484,92.04713,94.0601,102.740456,96.39573,0.3586148,0.4468541,0.3486517,0.39423862,0.46242318,0.3738118,0.4399427,0.4222324,0.512577,0.44023454,0.33429304,0.3978973,0.077055365,0.10805142,0.08162958,0.08702883,0.10891366,0.086734995,0.117822714,0.09058387,0.10876352,0.109328955,0.068622045,0.09067961,23.55158941268747,14.651984289040715,19.14944460955405,18.610919605893226,18.27986847955286,16.593746734030898,15.366826372403041,25.4664088179053,15.568453333476514,25.110734965206913,18.576593191187456,13.418932860166024,6.53362106729894,2.835403095694939,0.14452671488003097,0.006811632070848611,117.45383522727273,pop.00024.wav,pop
-106.83286,81.01405,47.822872,13.640558,13.000602,6.895191,7.581348,-2.6333249,-2.498312,1.8714975,-5.139433,-2.7431228,-3.6675773,-7.8825502,-4.80721,-6.3778176,-7.399428,-4.7401643,-0.13400184,-2.3326778,5110.1016,1243.9354,548.9828,242.11252,125.85681,195.97328,121.32858,100.661804,147.7759,101.989,81.24179,56.09502,61.944344,63.19177,66.372826,57.899334,66.43337,81.2564,122.15306,89.99555,0.3348667,0.3207034,0.43675682,0.31987563,0.34217197,0.25365672,0.33588824,0.4469545,0.30039734,0.31532136,0.2695572,0.28822675,0.112183,0.0747729,0.13100435,0.0709753,0.115348935,0.058274638,0.10853375,0.118843436,0.061072666,0.09476377,0.063336566,0.079064906,23.746920236384195,18.81734264949762,21.15552960517367,19.428376984356625,18.624231484308446,17.50398284213,15.825610477256179,31.788096368455427,20.977740203661536,24.343043782104694,18.29047530019129,13.79155028088411,10.24401806545757,5.4523771138136174,0.10574085719814241,0.0076729643753825905,151.99908088235293,pop.00025.wav,pop
-73.36742,97.46428,16.87055,-0.5790378,7.180089,4.872417,0.7465054,-5.550017,0.9903748,4.9166174,-5.835444,-4.9214163,-0.030956399,-3.0463636,-0.15896805,-2.3810003,0.72344434,0.68285614,1.9683635,0.80376273,4163.73,805.1384,538.27795,261.02496,267.08853,176.53745,139.97528,159.71718,116.3955,99.29692,78.53552,85.97779,71.84867,74.36127,87.06356,87.724945,80.150635,66.92964,90.91901,79.48391,0.46378896,0.28745392,0.316596,0.24600801,0.32340488,0.26718262,0.25042024,0.5417893,0.39110404,0.3466031,0.24407439,0.34192967,0.11914287,0.05261516,0.08797319,0.05179626,0.088505805,0.06842787,0.04942317,0.13470711,0.0811413,0.11064992,0.057741,0.091311686,23.06378131910497,16.14226730238183,20.409690350263237,20.43911240516456,20.542633144028024,17.855378704178328,15.553702221436117,21.12362320430736,14.938944536266002,19.290605441231126,16.418266616072433,15.44083327069759,11.430560866884406,3.7657609338251556,0.10354207986648607,0.0038884738295126885,151.99908088235293,pop.00026.wav,pop
-75.36613,83.334885,10.703896,14.455102,14.244521,7.4102573,5.279713,-0.4001257,5.7177563,3.3618035,-2.5211022,-4.2270813,-1.845522,-5.9079537,-1.2724807,-3.7835543,-2.864618,-0.93533534,-1.1115844,-2.7214704,4658.5713,821.6941,349.9975,217.70706,145.01947,131.64195,110.79303,98.56097,100.03182,70.652245,61.955727,65.06406,60.08504,55.285484,53.292656,78.87494,82.0807,73.35784,75.48079,96.6193,0.30009088,0.37918484,0.47011837,0.32529423,0.3422886,0.31392193,0.44272536,0.40113723,0.3394768,0.4195035,0.37264568,0.42256695,0.052425135,0.07099299,0.11018386,0.06156084,0.10257142,0.061463773,0.101056114,0.09845061,0.06192495,0.08889581,0.07520395,0.110632576,22.266934496498845,15.960736466166825,18.064426459883517,18.0520960378226,18.72268278145145,17.198376199381755,15.139935130772361,23.31222894292997,18.995704580416028,19.987396301302002,20.076123595423073,19.694796288009996,11.20002357428835,2.262611035585343,0.1019147276509288,0.002826028506896532,83.35433467741936,pop.00027.wav,pop
-45.638737,74.704506,15.98023,14.800469,8.992414,8.204231,5.6863494,5.2544928,5.3968086,2.4352226,0.7794391,1.1747062,-2.3591652,-2.9500175,-2.5942533,-2.703076,-1.5022324,1.5619365,1.6137366,-0.013135739,3372.3804,489.69098,284.43948,262.24924,109.931526,115.193886,65.41978,53.771248,79.73777,51.747955,53.286766,48.78418,50.488712,45.786663,48.818924,38.99301,45.786823,70.74636,80.948135,106.4342,0.32181805,0.24336597,0.36526075,0.46009204,0.3088535,0.35387927,0.3034215,0.4591616,0.34240285,0.30180547,0.4326272,0.29946932,0.093828686,0.04681941,0.074025095,0.11212188,0.05039199,0.11115155,0.055865705,0.121511266,0.07944304,0.057449713,0.11836737,0.056683164,21.291230118079373,15.486759896655194,19.26012187267345,18.948791520534645,17.730650472745968,15.698186227556391,14.694826639556418,25.950144781570824,20.623029329153255,23.77032384817883,17.92323017386855,12.072567266214296,4.9497111102947375,1.7443259190156037,0.1212698638254644,0.0033791662965028686,99.38401442307692,pop.00028.wav,pop
-40.52484,73.47652,22.62272,12.355103,14.860799,8.946286,5.305813,9.025769,2.0851216,4.30385,-3.1314619,1.844642,2.0324934,1.3936075,4.1242695,-0.35411486,-0.7509657,1.1585399,0.73731875,-0.043280363,3090.5105,679.17,387.2231,236.93094,123.17024,125.421005,62.611637,74.90825,64.563385,87.02532,66.022606,57.28225,47.131462,53.41021,48.822895,52.047485,60.411037,76.761696,83.891464,81.044586,0.3698332,0.46963856,0.33683497,0.36907953,0.3375782,0.33759508,0.32844257,0.3541934,0.44760594,0.30566594,0.32361004,0.276974,0.09161747,0.13111615,0.07774955,0.10393216,0.08674586,0.099813595,0.10744939,0.08968046,0.113951325,0.06081531,0.09188838,0.060528465,21.367269905133288,16.940254430790997,19.92693134210429,19.392912320281958,18.739993208441316,16.740529316990177,15.668396087027638,25.382321777209864,23.43778408320449,22.863699098315365,18.539616271771,14.31802873733867,6.175412933616051,2.439494251682508,0.11157037599167957,0.0030434661200633645,161.4990234375,pop.00029.wav,pop
-18.171194,72.29644,-4.8672304,-0.35958105,1.6975714,-0.9182093,-1.3221729,-0.34197292,0.647323,-0.18098038,-1.217511,-1.0574641,2.5195053,1.2472868,1.7523706,-3.4429796,0.39454004,-0.85250145,0.9242998,1.6602957,3338.328,499.4975,291.80182,228.79742,109.05578,134.50888,80.80291,88.78679,108.786064,71.83619,78.77689,63.25685,40.39911,38.18964,40.690403,48.33966,46.499386,38.45605,35.898438,42.727757,0.40088522,0.53338075,0.29077685,0.37262848,0.26026067,0.3725746,0.25683147,0.28990218,0.46873724,0.32162455,0.44138414,0.28339642,0.08708291,0.120319284,0.045361474,0.10544889,0.042748116,0.09754237,0.045572955,0.05084908,0.10510728,0.054450396,0.12692961,0.046824094,17.13512610196649,15.239843796763655,18.90636159329638,18.535374176384366,18.597869642124703,16.45157435853238,15.307345860646084,24.67011291766529,16.941754103767533,18.89265386460873,13.916687271942628,11.024147023728272,3.822357666145029,1.9106298001703292,0.14873984133126936,0.004604676678446949,95.703125,pop.00030.wav,pop
-18.854591,71.32852,-3.743232,-1.3965918,0.7103475,-1.0491368,-1.0524067,-0.24947147,0.6239636,0.42929915,-1.4892839,-1.0790832,2.415428,1.2472486,0.97181094,-3.58823,0.89175177,-0.49628252,0.7083632,1.6725212,3377.1494,495.86832,284.06662,247.31473,123.95445,142.4447,86.50577,96.01534,119.567,80.25733,84.80496,71.356445,47.13821,43.440956,49.374016,54.030247,48.16288,41.410748,39.18614,48.36764,0.41269454,0.53713775,0.3004868,0.37944496,0.26979345,0.3804133,0.2650106,0.3032009,0.47377807,0.33159313,0.4450527,0.2937996,0.087841615,0.12045387,0.04755132,0.10582452,0.04370087,0.09794943,0.04676778,0.05305703,0.104948334,0.05632629,0.12567286,0.048686378,17.24163351248437,14.872093223867385,18.244672820960698,18.565278707561628,19.587898434491315,17.007570956469408,15.157401276392179,25.734801426882655,16.040884157949776,16.400579288303685,14.999413859706044,17.219699167350726,5.54694000376144,1.8022362282990696,0.15291026206946595,0.004725810513618066,95.703125,pop.00031.wav,pop
-113.1695,41.588142,21.516308,11.092117,17.440653,0.60743153,3.0293283,0.08450868,3.456981,0.2906403,0.61601543,1.2555637,2.8942456,-0.7695475,0.22040614,-1.4086615,-0.76046145,-0.870232,-1.5392059,1.0672659,6195.805,878.8065,622.2569,413.26743,237.59457,213.47342,130.68019,150.65862,149.41641,92.71156,84.21028,74.093666,72.8563,48.53971,56.925655,48.549606,56.636852,74.4446,81.15679,79.90203,0.44348058,0.4932909,0.37376222,0.47801247,0.47693452,0.34438583,0.38950938,0.40317166,0.49145696,0.38340172,0.39092785,0.45145693,0.08317353,0.10422256,0.06037355,0.09053696,0.09377791,0.063068554,0.101004,0.07531842,0.10608373,0.08254963,0.0820055,0.09850017,18.665789325239672,15.542963498446085,18.652243497332268,17.343784466099123,17.753790238949087,16.980665566037832,15.762892386635228,28.27483799972149,23.802546469041935,22.681777488470065,15.853590584753919,12.816586776856024,6.215962280853649,4.153028447429236,0.22873671209849072,0.018663056516789255,95.703125,pop.00032.wav,pop
-69.00193,73.77,-12.468982,9.536623,-0.045610458,12.718271,3.1650598,-0.08465784,2.5223582,2.8746748,-1.6729782,-3.0251718,1.614928,1.0892638,0.9343862,-0.4162728,-1.2382096,-0.75765777,-1.704667,-1.0437557,9200.259,496.16486,524.26904,252.38058,174.16495,233.73434,135.88226,162.8436,110.30419,57.247326,72.627625,95.85218,44.309235,42.942787,29.860651,35.50954,34.046577,32.98357,36.5288,50.936146,0.5446391,0.35073337,0.38803202,0.33771315,0.39116654,0.43000868,0.44777724,0.5318208,0.40409365,0.41886202,0.35383186,0.47614262,0.10745036,0.06202416,0.09697149,0.06587952,0.07630508,0.10611206,0.073984474,0.09678107,0.061595593,0.08693652,0.06335651,0.07687659,18.076154060685298,15.152193590270814,17.461330741844392,17.176964708147427,18.042726555482815,16.16085879114808,15.84227892356514,25.22391310588151,22.898703498032347,24.187964213840562,15.553386291262585,14.652202714469635,6.085677583158653,3.1945453165615296,0.13706266326431887,0.0024302380475701843,99.38401442307692,pop.00033.wav,pop
-59.58959,77.30937,26.367233,3.1743205,6.7570415,-0.06425415,-0.6247924,-0.69048333,4.141959,-0.44033718,-4.541956,-3.5614955,-2.2030644,-3.5575008,0.26179406,-4.6726303,-4.6041975,-3.7405696,-1.3851972,-0.84536755,4514.5195,751.85736,405.6422,281.19818,192.27621,251.27563,140.55559,108.360344,108.761765,90.23785,74.97158,53.9178,59.041874,56.25658,48.957817,63.066097,79.04005,70.78908,97.409,89.98966,0.35782468,0.2654539,0.34856555,0.3033147,0.29839802,0.4752706,0.29916927,0.31512302,0.26647955,0.3969143,0.4743181,0.289292,0.104999,0.05268005,0.10319644,0.07574883,0.06601482,0.12657322,0.057620022,0.097433485,0.052134924,0.096164905,0.118482985,0.055286672,23.89656014780636,15.989070685682563,20.16914100371024,19.727214663402275,19.169186847612607,16.843819320207487,15.258003020006793,25.772407453087308,18.044860401397617,24.986559516768814,19.879820089980864,13.801681509840666,7.4821320665794815,2.3534991186113796,0.131055518938661,0.007199607123578273,95.703125,pop.00034.wav,pop
24.46663,68.96241,-4.2113004,-1.032618,5.249467,2.9858522,4.336798,4.2872887,6.422605,3.6307845,0.11548246,-0.00023514124,2.0697718,1.5497289,3.999015,2.8162687,2.1994698,1.5773796,-0.47220582,0.52484757,3031.69,415.29425,316.36316,209.30713,115.71908,123.98031,77.13134,75.01676,65.25405,64.01841,50.53782,57.29009,45.747044,48.98387,50.82123,50.846066,52.65431,49.96113,43.772835,44.738167,0.35504633,0.434683,0.3414665,0.47341707,0.37567526,0.29660755,0.41555348,0.38469768,0.53100634,0.35466796,0.4878568,0.49420595,0.059653733,0.10765296,0.052078035,0.09691784,0.08333933,0.046624236,0.0907042,0.061925687,0.11721889,0.05627214,0.09055333,0.097492225,18.405163742087534,13.466646567865649,16.94440367670793,18.18248686068293,18.61854897176255,16.45612325794157,14.580169969133284,26.121505877314853,15.862052279311083,15.787588005697923,12.619428471910835,12.777429477660348,6.128000389678189,1.7635418422883162,0.15937998863196595,0.0041402328466740405,107.666015625,pop.00035.wav,pop
-44.214016,76.17581,22.921127,16.816141,22.998913,3.266593,6.908667,0.10313874,6.4956775,6.542089,0.85448545,2.7243903,4.5169544,2.854357,1.3195446,1.7970861,0.3768288,-1.1220287,-0.43784967,1.5700189,4480.8906,817.4584,508.64624,295.468,166.74463,233.35623,111.89901,80.454094,63.841396,94.54522,45.52082,44.42333,51.29827,54.805775,46.989098,50.299717,65.42034,76.76112,75.31402,71.994255,0.41800615,0.3587401,0.44888937,0.4079426,0.47633687,0.40279928,0.35682032,0.4171945,0.3588532,0.38412184,0.3106017,0.39458227,0.10668053,0.07345911,0.10700082,0.078227,0.112562366,0.09772709,0.07484226,0.10771986,0.070642225,0.09164955,0.052226372,0.0792204,22.749407345378437,16.135322617465377,20.500378895648467,18.716547079384537,18.61316446928675,17.543482033279073,15.84889017736672,22.94168588579292,22.50120687301738,22.738020065526516,20.21722086816892,17.559680463171098,10.52745864804511,4.396073565729166,0.1151153281008127,0.00824014251085708,99.38401442307692,pop.00036.wav,pop
4.804322,64.50391,-2.5012724,10.419498,3.2420893,7.8209686,3.101567,1.405526,6.745003,4.884832,3.2736435,1.747771,3.3316636,2.3504841,1.426674,-0.60548866,-2.1835034,-1.6002753,-0.61104494,-4.0513687,4032.7654,523.8542,741.6587,250.29015,118.5868,160.96452,92.481,116.45734,95.70605,90.75217,69.42043,67.632744,54.21803,59.58503,41.415283,47.317104,38.860023,51.8784,57.33792,53.113888,0.5541776,0.48195997,0.4840814,0.44518834,0.35990524,0.36656904,0.41988936,0.5199303,0.45418933,0.45121098,0.4282108,0.4552325,0.10647963,0.09263672,0.093212105,0.09008104,0.062334694,0.07309199,0.071841605,0.096968345,0.07847161,0.081196815,0.065618135,0.076787956,19.084508677365612,12.942612255031053,16.331405921651477,15.6711382327136,16.694947127344765,17.196315545488133,15.716416101501743,19.791424796863062,16.498284024500148,17.538160301522176,12.869538031899253,8.676525710595588,11.659430844983742,3.8348691900319354,0.16482477808146284,0.0038376781168191873,103.359375,pop.00037.wav,pop
-15.679173,59.269085,-1.5834023,12.570526,8.758745,3.9658687,2.0486033,4.2323008,4.989132,2.9016714,2.3270893,1.9943118,1.7193478,-1.5517668,-0.62015903,0.2913807,-0.0029854316,2.7568061,2.2938924,0.056969892,3991.5657,554.63354,342.13565,157.11601,122.593094,100.35505,68.80736,79.44539,70.49561,62.605347,52.588573,59.12866,54.304882,57.755413,47.446632,53.999535,74.2651,89.325455,85.01595,93.64807,0.32100493,0.4469895,0.33716333,0.41021153,0.488928,0.3607201,0.40493244,0.35643455,0.5365969,0.43621093,0.35731706,0.35060072,0.057641137,0.10393268,0.06673081,0.085577264,0.11269962,0.07013828,0.10688816,0.054660734,0.107634775,0.09010354,0.06891943,0.06836935,24.184194628205507,15.123076553712473,18.486678281831914,17.556148431113364,17.65944390483508,16.11037982438722,14.875766796813622,28.019995795820204,21.665120603775303,23.894916463126197,20.159587794129216,11.041412343354414,3.722307978339367,1.6676922591326988,0.14652330144640094,0.00555418792315306,92.28515625,pop.00038.wav,pop
-19.479713,51.92009,37.00408,13.116386,14.590094,3.207625,15.297412,-0.77946484,7.2424235,10.393447,-0.37440062,6.2307696,-1.1885153,-2.1225436,-1.5674964,-0.7654629,0.032623857,2.834659,0.82376987,1.8658277,4040.2957,609.5096,671.46954,368.515,263.9821,218.52695,113.18562,112.4666,95.65375,92.92183,72.85143,78.94452,54.96845,58.57013,65.14775,56.522602,87.39928,87.73295,103.20571,61.017864,0.3902082,0.34438106,0.31436563,0.4254743,0.4465132,0.32663393,0.3448924,0.31520656,0.45775947,0.38482097,0.37701648,0.4825585,0.09354566,0.08972045,0.06632228,0.09460007,0.11436339,0.075598516,0.09771591,0.06549635,0.11728069,0.083760545,0.07781567,0.121962205,21.232120082588,16.92517674503203,19.92665096993722,19.31769073552134,19.11438926092687,19.247589296243238,17.40884778333609,22.029893290069207,20.119309190803772,21.513527656646602,19.437763032384563,16.348135226382905,21.803469912046896,9.24212049170509,0.18717800648219815,0.01068240093276943,83.35433467741936,pop.00039.wav,pop
-76.91658,113.29569,-6.219377,19.94625,15.115961,-3.289381,4.7895107,1.0169309,2.2929256,-0.011468444,-3.7627335,4.241214,2.2863302,-2.9218853,4.5193353,3.4273293,-0.5341385,-0.56020766,0.62774485,-2.0107126,5773.8965,447.05804,398.22617,131.8692,99.98378,143.5785,76.644135,57.97638,54.27175,55.045643,44.60495,67.68057,94.695526,64.390785,58.089954,72.82555,78.95608,87.31773,66.56447,107.29255,0.30858776,0.24154513,0.3974256,0.3627008,0.22004768,0.3185682,0.17835867,0.21010444,0.16176376,0.28297043,0.5486896,0.2761573,0.115003034,0.046590213,0.11420442,0.11923492,0.031582344,0.092087366,0.03318279,0.058376,0.032152154,0.0637767,0.14196256,0.051040556,22.52930499353435,16.510889079117412,20.86280636323864,20.878455899453304,22.67779515369823,21.772672245933116,16.707118121294222,33.56502708230879,20.924182851709915,18.71431552719766,15.652342702203924,18.308170206355655,19.83394885190774,5.936383707457714,0.0958112120259288,0.0014770353339409454,129.19921875,pop.00040.wav,pop
-204.75298,101.60512,26.384224,9.1857195,10.460928,5.108919,-9.447198,9.308316,-12.491376,-2.4966693,6.212447,-9.488957,-2.5600326,-9.048958,-10.187873,-4.0442524,-7.7497854,-5.138517,-1.8299531,-4.416521,3258.808,834.54333,562.87195,196.57977,332.9085,187.3906,219.31366,123.65545,139.85484,121.12678,127.60175,95.36253,117.05971,120.015396,138.39159,102.404,134.61067,181.69969,159.47809,166.4943,0.22803819,0.21535613,0.40643382,0.32738888,0.2077196,0.40929165,0.2619517,0.2505107,0.19473067,0.27568376,0.37571037,0.23574628,0.080243096,0.05401547,0.14538388,0.09599387,0.03595025,0.1453606,0.053200968,0.10191585,0.051480267,0.07429145,0.12273818,0.057791874,25.650773837829366,19.614428976537308,23.805324406563248,22.649924087387635,21.509668352459833,20.762532754695115,18.113344640424884,24.507387418342834,18.178382591686145,23.616842733051403,21.808835595292308,16.169467023809688,15.435423229938563,6.941944757085857,0.0753657574255031,0.003056640515918969,107.666015625,pop.00041.wav,pop
-37.071033,68.84186,10.511309,23.959776,15.370536,3.547914,11.677659,2.9124515,2.5459216,4.7503414,-1.5888675,2.5664659,-1.0170679,-1.6613677,0.489345,-2.8281736,-3.4125829,-4.1028423,-4.214856,1.1007029,2871.7615,701.82025,460.69766,199.02148,136.10403,155.33469,152.86418,98.09359,85.916336,118.243286,52.14706,54.04506,49.32306,51.057407,50.429478,60.875095,79.44224,111.04893,86.11619,59.303127,0.3525122,0.46558264,0.32328665,0.40943488,0.49596837,0.28706828,0.33268264,0.33534044,0.45957664,0.35910267,0.3599937,0.37620834,0.07521225,0.123946644,0.059077855,0.08535688,0.12694949,0.049945086,0.09364578,0.06762619,0.111000985,0.08218787,0.08372622,0.087651305,16.809641757555184,15.433728049603578,19.13329538833125,19.189541851382025,19.95697061874536,19.43947537749438,15.14413251983258,24.938305219060716,18.53550503928877,27.302056993094034,24.169971960427304,22.834335851784978,24.709074135902398,2.721404650491116,0.14374780802534828,0.005702906882792961,92.28515625,pop.00042.wav,pop
-50.890957,68.04224,12.082594,36.314426,8.646877,19.502785,10.72235,12.312874,1.6614351,10.164873,4.8397875,1.6969051,2.7312355,3.1664689,2.4620578,1.4162686,1.0564289,1.8941798,2.2652884,2.4275951,2300.7554,1063.3462,358.76776,312.22052,217.88593,144.40422,89.67797,73.94821,81.09336,74.020424,57.690342,50.02996,47.724316,57.078102,48.785988,53.995235,42.325405,41.097546,52.808903,55.03723,0.49685022,0.5989639,0.44332328,0.45117283,0.37014887,0.48263928,0.48007768,0.44085047,0.51450545,0.44219884,0.4999471,0.4606703,0.07753496,0.09018324,0.06418723,0.08708423,0.055318236,0.09187403,0.091470875,0.06593856,0.081741996,0.06347162,0.08007692,0.08489377,22.63299555002156,14.822911596934729,19.377479853182024,18.27352185763397,18.082138680494126,16.512545370581147,16.76965281658606,27.181046480789416,18.750835531611592,22.838839601392554,16.92562973431328,14.622598458223083,8.525609615394174,4.666833963799414,0.1032971833881579,0.005312352988936331,135.99917763157896,pop.00043.wav,pop
-47.93828,54.159214,-4.0050416,21.5129,13.886649,6.003954,13.75534,1.0669996,6.722088,6.232228,1.6225083,0.45345956,2.414838,-5.5971346,0.30466765,-1.0046958,0.6401352,1.2582229,2.0810168,3.0324848,3176.9539,521.9805,694.74756,299.73322,183.44826,237.13167,169.991,143.31201,84.88548,98.827446,66.19932,64.17068,80.88602,77.63589,62.65684,56.632877,93.85287,101.61857,109.58935,81.42052,0.48990512,0.44537872,0.47818404,0.5059208,0.39242947,0.35824507,0.43259686,0.56365114,0.47926062,0.40035197,0.46195588,0.465864,0.114779115,0.09439481,0.09877027,0.10693127,0.07670557,0.068901286,0.07882811,0.10012688,0.08198657,0.06892065,0.08112843,0.0898044,24.25615215306949,15.65627597607324,18.948415838365854,17.694279885249223,17.516313223204303,18.53852728565277,15.568643362451565,31.342552283904073,24.78736342905882,29.21777329195366,19.29546917847817,13.882238595614606,15.407488966732998,4.252857056483817,0.135637501814048,0.005522857807042263,117.45383522727273,pop.00044.wav,pop
-71.61501,81.12124,16.355663,8.950535,13.818387,-0.7371725,12.522272,-0.6393705,3.043049,3.0547535,-3.2121913,-1.318577,-0.64025855,-4.0062227,-0.9454736,1.9157288,3.5294616,5.987803,6.0908732,2.567977,5437.0513,1129.2223,981.12714,399.41995,246.53749,271.7324,220.74792,155.75948,126.66592,125.94848,120.280975,75.58912,74.004845,86.0699,56.697887,61.111206,70.64143,105.6244,101.9986,80.53231,0.42151412,0.40175334,0.36014265,0.40675747,0.38890663,0.5051615,0.36107564,0.4680212,0.5156293,0.37736052,0.40420926,0.34390163,0.1101609,0.09366695,0.070228465,0.08845026,0.07184784,0.103757724,0.05682663,0.096097134,0.09868504,0.07758018,0.101078175,0.069317505,22.06380962857972,15.740478605990136,19.302313588882043,19.198470859249458,19.401099780559843,19.445137393397804,16.0531944564349,31.190310497353988,25.619406609965857,23.154524677797856,24.16337900690093,19.26713715725996,20.31664532346302,4.8375487529487256,0.12498941805340558,0.0074024572079375165,117.45383522727273,pop.00045.wav,pop
-72.17291,81.3121,16.72972,8.680574,14.163569,-1.0486612,12.839069,-0.5343492,3.1377692,3.1529665,-3.4740798,-1.1388003,-0.68516254,-3.9981558,-1.0880299,1.7791659,3.4944952,5.9058084,6.3410254,2.4415286,5429.324,1088.8888,1012.9759,404.75854,248.22153,264.51343,221.62962,160.06023,131.47447,122.82688,120.044205,75.621574,72.63461,88.66777,57.609016,63.156624,72.10382,111.03934,105.6302,80.99804,0.42705154,0.40467003,0.36215308,0.4078118,0.39150074,0.49956042,0.3565802,0.4724997,0.51903653,0.38155797,0.40917614,0.34854007,0.11203263,0.0940633,0.07074834,0.08952128,0.07315514,0.1046234,0.056505937,0.097188555,0.09907795,0.07922373,0.10196431,0.07073751,23.296322613909716,15.785169892161008,19.596908504769928,19.203794226577397,19.420819785592393,19.183537083649362,16.0896068671363,36.57630754479283,26.299782537145532,26.177953688783724,23.84269117866591,19.13983803567945,19.547129590715215,5.341944521144989,0.12218028915924922,0.0072218558842608695,117.45383522727273,pop.00046.wav,pop
-45.064255,69.78576,11.866148,8.177108,12.603081,7.750251,11.3099985,0.2585075,9.65932,2.8038878,3.8585238,-0.83530426,2.1194327,1.1247411,0.007464241,0.76138496,-1.480884,3.656361,4.4588914,4.1998,3538.1257,830.8309,404.13342,337.65292,203.54373,259.26944,124.02358,129.94832,113.90119,85.464485,75.8835,64.40382,82.78524,95.080444,112.32785,107.216866,129.50206,105.18924,118.166916,85.856926,0.39231282,0.42838123,0.5240063,0.3857322,0.36640793,0.43332905,0.4440831,0.590951,0.43721575,0.4135974,0.4222358,0.3642254,0.097887285,0.08492055,0.102968566,0.071859896,0.06908093,0.09843098,0.07390202,0.116132304,0.07706158,0.08784571,0.09880146,0.069204845,26.166982125480203,16.003561544400657,18.264137123806147,18.275261907920207,18.35559888312743,16.228099751113888,15.919532747323492,24.270427620200667,26.257069090768304,23.663192487800774,17.120345983096556,12.04501943011649,5.022750184964108,4.601273062511163,0.12735523897058823,0.004863201605776495,112.34714673913044,pop.00047.wav,pop
-52.64915,47.78274,13.455156,2.213427,13.251046,9.133876,14.447653,0.8738371,9.459656,7.004077,-0.69285774,1.7276204,8.496528,6.9274364,3.186477,2.2743251,-0.8961154,2.031985,2.2780228,3.4661899,2849.6304,483.2539,434.15955,173.88062,139.20789,81.41388,93.596596,86.73276,84.32828,88.34903,58.443752,67.07173,69.62881,70.01627,63.609333,56.723305,56.221848,60.011883,81.58069,62.337,0.56343204,0.50113016,0.5879114,0.41462156,0.37255737,0.3829286,0.37710184,0.47566795,0.4296482,0.52140427,0.46362692,0.48921695,0.09425422,0.07779848,0.10157883,0.08381159,0.08086092,0.07915854,0.060797494,0.0896196,0.05713386,0.08141288,0.07484924,0.0737877,16.67098750915357,12.495062378120513,16.596297373452632,18.161991914033926,19.198789308432435,18.08932368744343,16.253096269792287,15.52657161508092,14.408129423456744,17.308444687678268,15.437196589411514,13.675176855622757,13.066236543953838,4.427358269001798,0.21071452326818885,0.00852233163578876,129.19921875,pop.00048.wav,pop
-170.92262,105.92536,31.060646,22.226055,12.8146105,-5.1669707,11.2371025,-2.1054718,-0.17249367,5.0788264,-11.54121,-3.6240706,1.3911012,-6.6363363,-2.4310408,-7.377177,-2.5536122,-1.7130773,-6.1377354,5.0679655,5328.2104,1465.9772,937.3537,385.21265,237.04327,369.02454,255.80283,224.4046,131.30154,152.46754,118.35138,119.332924,90.879814,132.23157,92.64648,121.662636,111.66367,100.81281,118.296234,132.06918,0.27300906,0.39335608,0.2518802,0.31100935,0.22728911,0.3442783,0.4176823,0.29483128,0.38999045,0.31773934,0.34995213,0.30109993,0.057474025,0.12534967,0.042514753,0.09499798,0.03646793,0.09533062,0.117368266,0.05957216,0.13483135,0.08281705,0.103765555,0.09220827,21.45855689106947,18.3899256441351,21.699750718284537,21.25097069253942,20.262493113093786,22.823013398565415,16.795691470775214,20.301992054881964,19.406936017325275,25.77691611853833,20.763325306578622,21.028648573015158,48.66112092669571,6.3214667182155795,0.06614018962848298,0.003765578682630208,117.45383522727273,pop.00049.wav,pop
-78.1925,65.99214,24.578516,25.652824,13.854882,3.6000478,16.225538,0.592554,3.3257754,4.16047,2.7126958,3.649891,1.3959066,2.0099123,-1.8058223,-3.9544833,-0.95099777,-1.0149827,-0.46333385,-0.7493815,4133.6396,1106.5273,940.2128,364.64542,232.42633,287.57208,184.84901,149.97035,110.73489,100.045784,97.104706,82.72935,66.516205,70.40879,56.021374,54.4258,52.860306,56.542522,52.958145,66.95703,0.45387033,0.5036613,0.41790682,0.37033755,0.41649178,0.35614514,0.3712011,0.3343816,0.40614074,0.46802372,0.4070517,0.46377257,0.0861349,0.106693916,0.09737657,0.070123844,0.10597112,0.07928007,0.092755176,0.064747594,0.07545174,0.11112252,0.08325025,0.10280098,25.005153874488364,16.59111760861618,19.976215645452157,18.715770094901163,18.603114629628966,18.44487751196272,15.734945620384059,28.40880768219492,26.680961788653878,28.598947032161988,21.238097823574467,15.23211278663139,14.55130375142267,3.541638355480908,0.1186580126499613,0.007743599766520781,143.5546875,pop.00050.wav,pop
-14.170114,44.39024,12.680575,10.152087,11.259301,3.9758952,12.507779,-2.1717224,10.70504,2.2852633,5.0335593,-0.8662655,3.80587,1.6627513,1.5042862,-0.19028258,-1.0201591,4.782087,4.863109,3.0533202,3064.0059,717.47437,336.3987,268.16132,171.65054,184.3945,121.68597,100.12247,94.12886,73.12258,59.516296,56.52042,79.94515,89.61467,95.199524,78.64226,98.87849,91.017334,94.9079,66.15654,0.41931143,0.474898,0.54697245,0.42076513,0.44119656,0.43271843,0.47670653,0.5813141,0.41986102,0.40166694,0.3758277,0.37299094,0.089368105,0.083858415,0.09575777,0.07230046,0.08401217,0.08878876,0.072139926,0.10612679,0.061871573,0.078668706,0.07682735,0.06833893,18.556512022310784,14.330752918294966,17.286297409116894,18.084672920623085,17.989119055210377,16.866932503284957,17.719795681021143,22.027983156671997,17.96902484451787,17.978169154377042,12.657136788974775,9.046901933118717,6.4291702943434785,10.544744995448605,0.23004509420955882,0.012445675029039949,112.34714673913044,pop.00051.wav,pop
-39.98735,35.583214,8.9385,15.082217,15.206814,10.572661,21.824984,10.004446,13.9735,16.557459,1.4647634,3.2635627,0.062112153,0.9717617,7.650401,7.642752,9.415578,6.5875235,1.1903111,-0.645236,3828.1501,581.18964,500.47638,422.53226,264.0415,280.37482,180.34158,156.82288,103.8568,100.29179,112.12498,76.21114,83.23858,62.58205,87.36287,115.15679,162.98401,107.54334,105.58848,119.33658,0.41846827,0.41733217,0.4674627,0.5517486,0.62746716,0.58469504,0.5532887,0.5491661,0.5355155,0.54809976,0.5007208,0.51869285,0.061897654,0.064067885,0.07328376,0.08596928,0.089364395,0.095822476,0.09969616,0.10153586,0.08396442,0.10137159,0.07572364,0.08263902,20.729156129719396,14.140773826376995,18.492416074934336,17.010626278916092,17.921604534267296,18.86954737108702,14.702599973660673,24.95663317873478,19.51339603251636,26.4035316569294,17.520301336680117,17.265756277208524,23.63563496224981,2.415594297795106,0.15600737108165635,0.01075232120999908,103.359375,pop.00052.wav,pop
-145.92575,62.53524,-23.114868,-18.786009,-14.782013,-28.421492,3.134416,-24.940002,-13.637032,-4.6073895,-24.383533,-15.806172,-17.455078,-11.709296,-8.264144,-13.850937,-9.910087,-11.985029,-5.035616,-2.9024737,4414.804,1647.7615,1786.6838,545.1559,453.39145,245.31555,229.7326,266.34485,249.2934,206.29482,168.97197,117.85985,152.88162,495.70734,321.38657,386.99423,205.1649,201.63832,278.67538,258.27408,0.25954702,0.20857376,0.22574046,0.2428316,0.26497245,0.2851821,0.36383405,0.2666264,0.2322961,0.28101063,0.3092478,0.3886273,0.07980611,0.06981896,0.090192236,0.09394196,0.104526445,0.09175579,0.13490985,0.082646474,0.081632726,0.10931849,0.09840801,0.14394018,21.29655583011328,20.56693229795165,23.093756185581004,20.50134146674607,20.307181320700703,25.31202096664729,17.15802914773308,61.62088854187469,41.044427467269976,41.37839158055899,30.073622197360045,18.867292705685173,51.0901777734792,9.425894365176632,0.10700086469620743,0.009413756356663784,129.19921875,pop.00053.wav,pop
-46.703014,55.877514,26.12021,16.543205,7.104527,-3.3266866,9.25601,-0.87159336,8.313573,7.1480994,-0.5387219,1.7517585,-1.837747,5.196832,-3.1105437,-0.8630542,-3.8621147,-2.3494835,-0.22604807,2.2205696,4391.733,945.9997,561.6629,245.58601,212.78531,327.90814,189.38214,105.12634,119.59348,126.53652,122.71206,81.87452,77.775604,88.49917,55.169144,90.86517,83.46878,101.807274,79.99337,101.412834,0.49919224,0.41647363,0.3601142,0.45238605,0.41451374,0.4170031,0.37078884,0.45814854,0.34087753,0.2684601,0.33125743,0.35560346,0.11956773,0.08930159,0.071992755,0.12280386,0.11297642,0.13720582,0.10364753,0.10991053,0.072418705,0.05651906,0.08099079,0.07466638,18.837413841242398,16.511088601617324,19.986695027196095,19.54775912233788,17.859966441013015,19.112263062687898,17.24200903761675,33.2080225790902,28.85971320530685,26.882215485991246,27.762122310469174,14.759369842240357,23.037448635896073,8.738698811423943,0.13602223115808823,0.008354781215535206,129.19921875,pop.00054.wav,pop
-56.091187,36.468166,11.94532,-6.4417515,3.7781627,5.284157,3.3947845,4.2650976,7.9939175,5.864428,1.5971135,4.8613906,0.49247712,2.506001,0.27597904,-2.591558,-1.4281116,-1.8711603,-5.3898835,-4.313989,4991.331,1156.0695,639.5899,483.64676,385.17432,306.6833,168.03847,217.7306,140.61145,157.22,111.68653,107.007935,108.35557,93.51433,83.932976,106.608894,66.28489,62.747993,69.32641,74.93198,0.456363,0.4180368,0.38863122,0.36825264,0.34080234,0.31117073,0.33039024,0.40672117,0.5300695,0.5697692,0.5230065,0.55114436,0.08600447,0.08164131,0.079039715,0.0713266,0.070790276,0.061754875,0.06749213,0.08978206,0.10695764,0.115773514,0.10287245,0.107352704,20.445207179434988,17.93163057621173,18.593029394907806,17.474709915576476,17.42080697058858,15.522059927126445,14.758446967887595,53.62175505358642,39.385193826846525,30.290128717980583,15.539694617559107,9.122498651249762,3.496434527412505,2.0331481967726877,0.16739883659055727,0.017962738804873462,103.359375,pop.00055.wav,pop
-80.39633,35.962517,20.407267,26.376535,17.379705,4.580236,13.489165,3.6187565,7.324075,5.479913,3.9538543,5.313696,3.534632,0.5135293,0.18830328,-1.1251197,3.5296657,1.4410526,0.4726653,-1.7977359,6044.596,1682.6266,877.369,447.98413,244.71692,222.59512,160.82085,137.59395,137.62778,140.70586,111.54673,104.83519,109.30147,86.61962,79.97019,92.71828,66.1181,71.52061,63.322453,93.537796,0.45138517,0.4737757,0.44953442,0.54884046,0.47520706,0.39684775,0.37949148,0.45403308,0.6140808,0.5618265,0.44544944,0.42665595,0.09428627,0.1121855,0.08947037,0.0989062,0.08229347,0.09254132,0.08734067,0.08266878,0.116965465,0.10493047,0.07725932,0.08099173,21.267403247878274,17.329587649778976,18.424605483382397,18.263706924708025,18.538781920925704,18.67439679990894,16.313183912068048,30.548132336671912,32.40343277978062,28.88142904100543,17.622697557634517,15.163465842309659,15.274950093657978,4.703075627340322,0.14562421391253869,0.01710301740543233,89.10290948275862,pop.00056.wav,pop
-39.691376,33.951675,9.604388,16.657578,14.906162,11.198783,21.502827,9.8862,14.73235,15.628255,2.040395,2.579496,0.35728562,1.6512009,6.9411736,8.237751,9.367546,6.9661984,1.496738,-1.1285766,3953.2039,597.60583,525.9889,419.7972,243.71239,241.73169,166.32379,149.76814,96.03748,86.415344,94.30911,71.46904,84.90472,56.969704,80.924774,106.27228,156.65977,117.68617,109.65228,123.653175,0.4063964,0.4393167,0.51927435,0.60706675,0.6056978,0.55297494,0.543105,0.5267661,0.54763395,0.5063173,0.5260114,0.4418141,0.062072985,0.06886407,0.08509935,0.09108404,0.09588777,0.103144474,0.10202127,0.09033347,0.1013269,0.08194062,0.08356035,0.06385909,21.455162265592087,14.354616338091502,18.865087791146973,17.15680601742366,17.367141743808478,17.729927508075313,14.70820092030461,31.47535761130862,20.13060167541752,27.174791035973726,18.653952603161763,15.009894583524773,12.553767960394017,2.3160117034390275,0.15406445010158668,0.010493779746406948,103.359375,pop.00057.wav,pop
-87.723495,64.30925,-12.976586,16.032646,0.486166,0.40709487,4.431545,-2.7237475,-0.3093248,-0.049745258,-5.929299,-4.269969,-3.5097017,-4.6309357,-4.0938272,-3.3208752,0.21073729,2.704002,2.4902892,0.21650152,5420.5728,2044.4276,728.3166,407.17435,252.1476,182.01555,137.29312,134.73738,107.938614,100.484825,85.36709,79.7234,72.67213,81.0629,61.24013,86.67509,114.67334,136.82605,132.20242,163.24413,0.40249604,0.53581536,0.4006707,0.27962548,0.25315127,0.23123541,0.3463413,0.26543915,0.36675572,0.3718343,0.2812005,0.34469935,0.10459375,0.13255079,0.11212194,0.068552546,0.07006867,0.0527297,0.11482166,0.05747319,0.100310124,0.11182297,0.06623872,0.10893629,19.498580818895526,17.571137465487148,19.651489536585714,19.246560426201484,19.25605043590472,19.32037951920795,15.541898064495749,36.36709567279035,29.709768902013252,29.963542049332048,21.98410585379481,16.150611826815062,27.783411136917685,3.917526221566367,0.14575422068498453,0.011731699334603754,99.38401442307692,pop.00058.wav,pop
-77.94189,32.364956,20.077257,27.633484,16.262774,5.319164,13.481539,3.5032268,7.344144,5.2718024,4.0011973,5.271229,3.752625,0.78148013,0.40025985,-0.71326154,3.0644116,1.4034704,0.54593104,-1.9002221,6152.219,1733.3799,849.83777,419.29962,221.84268,211.65782,151.1125,128.1302,130.88646,142.58313,111.219406,104.172165,103.27085,81.323204,76.0512,87.14911,62.286476,67.966576,60.392235,90.92306,0.45538574,0.47611508,0.4527491,0.5534598,0.47994158,0.39973205,0.38056666,0.45300457,0.6127316,0.56379265,0.44736654,0.43070126,0.09405206,0.11220064,0.08934842,0.09908944,0.0821083,0.09216861,0.08696635,0.08172057,0.11589815,0.104681715,0.07728376,0.080724865,21.982497520269245,17.54460746698879,18.729514915056626,18.267982918611725,18.348480821009094,17.310134947686315,15.770671012728112,32.47321205136687,34.65300071859434,31.237677007508044,18.537864211390243,14.332741106929838,8.690284098026902,2.5556284743759186,0.14478748427825078,0.016474256981901032,89.10290948275862,pop.00059.wav,pop
-46.703014,55.877514,26.12021,16.543205,7.104527,-3.3266866,9.25601,-0.87159336,8.313573,7.1480994,-0.5387219,1.7517585,-1.837747,5.196832,-3.1105437,-0.8630542,-3.8621147,-2.3494835,-0.22604807,2.2205696,4391.733,945.9997,561.6629,245.58601,212.78531,327.90814,189.38214,105.12634,119.59348,126.53652,122.71206,81.87452,77.775604,88.49917,55.169144,90.86517,83.46878,101.807274,79.99337,101.412834,0.49919224,0.41647363,0.3601142,0.45238605,0.41451374,0.4170031,0.37078884,0.45814854,0.34087753,0.2684601,0.33125743,0.35560346,0.11956773,0.08930159,0.071992755,0.12280386,0.11297642,0.13720582,0.10364753,0.10991053,0.072418705,0.05651906,0.08099079,0.07466638,18.837413841242398,16.511088601617324,19.986695027196095,19.54775912233788,17.859966441013015,19.112263062687898,17.24200903761675,33.2080225790902,28.85971320530685,26.882215485991246,27.762122310469174,14.759369842240357,23.037448635896073,8.738698811423943,0.13602223115808823,0.008354781215535206,129.19921875,pop.00060.wav,pop
-65.18545,65.47451,4.127748,32.742474,16.918562,-5.8376946,14.960992,-0.24383588,9.038334,8.441269,-6.5761538,-4.4843636,-2.6280577,3.454899,1.6005542,-0.69787496,3.2031765,1.0458928,-1.1681348,-4.722194,2584.9646,1137.9583,681.6608,388.76727,230.17796,331.67618,151.09016,144.99289,149.475,156.36917,96.71217,66.76693,77.06914,66.87917,57.350487,66.96342,73.87977,52.3333,84.60385,86.850174,0.5457801,0.434145,0.36200806,0.38368556,0.3209086,0.33463824,0.33246413,0.4641968,0.550578,0.56741405,0.6292271,0.5411865,0.09320448,0.08940574,0.066961944,0.08601605,0.050484564,0.07098144,0.05199171,0.07902006,0.102658,0.09309558,0.1046125,0.07822517,19.851708718968094,17.54123739404152,18.48648937039983,17.714440487630437,17.291882370401403,19.383162333010272,15.042937201297972,31.592678708275635,30.427657256539675,26.706148702658925,17.80822683289129,8.844944160577654,17.762029178687893,1.8338275049215131,0.11195132606907894,0.007641239497547762,95.703125,pop.00061.wav,pop
-6.92664,68.88017,3.7705872,28.195871,2.293225,13.625752,1.0469886,6.004647,2.750496,15.018392,-8.786577,0.7954419,-7.2196684,2.92449,0.5617504,11.366313,11.479181,14.17094,-0.92389995,0.80951005,1584.2632,497.45352,514.7325,240.35722,179.63435,150.08421,113.52985,147.44157,153.63943,196.91893,188.09776,167.17726,168.14091,206.30846,264.1688,251.3896,232.68193,263.17682,222.4289,218.10396,0.22576283,0.22859006,0.25881484,0.31249115,0.26397115,0.25240526,0.27900633,0.46338737,0.69104254,0.40567017,0.2847648,0.28980705,0.05114919,0.06359302,0.07510134,0.103386775,0.08564069,0.08013416,0.07359848,0.104018666,0.11004346,0.0749833,0.08177286,0.08091407,17.957190501388073,17.6233138822534,24.000154725516307,23.739354820015013,22.368037034033133,20.116457846888462,25.74603600661931,29.423402047195648,23.60530767766128,29.586142625426074,29.11902666563965,17.878784991587423,9.71201386898938,25.109918440952214,0.09820877878289473,0.001280125750768101,107.666015625,pop.00062.wav,pop
-125.98142,117.33393,-0.07229208,10.211121,4.4901695,2.1888666,-3.6360846,3.3763409,1.7375194,4.551119,0.8427297,2.4246018,-3.112575,-2.837452,-6.1066365,-5.2675734,-1.8156683,-3.2187061,1.265375,5.800691,2074.909,596.80005,298.0566,209.01717,141.46342,136.31468,104.75564,110.28299,79.488716,71.07912,73.53068,69.30847,67.23125,62.08621,69.61772,75.987595,86.3426,111.6845,96.26943,79.168564,0.3623257,0.25152788,0.2740868,0.2430363,0.24923427,0.43704355,0.40541652,0.5005863,0.38347435,0.22410543,0.25171942,0.21807587,0.120877065,0.053184025,0.075243235,0.0633485,0.070603415,0.12584482,0.09381939,0.113623016,0.094330505,0.05154886,0.07167137,0.041802615,21.488339166123485,18.1932007547258,21.228274997673587,19.958127170226543,19.733476958715112,18.221997837077673,16.11888875834139,23.832892174713795,16.309956759805893,16.609899056203044,13.511312436375029,10.853471267165075,6.366895350531577,4.223005173138695,0.07464656298374613,0.0006572598986135758,123.046875,pop.00063.wav,pop
-88.45125,34.33366,-11.282462,2.2004082,-4.8584256,-6.127731,0.33107787,2.4401877,-8.17747,5.6359863,-9.394409,-7.359539,-3.9459164,2.3768632,1.2362303,10.805466,9.384404,5.292024,-2.935119,-5.572682,9275.2,1480.9402,837.31055,354.2792,194.55663,400.92056,196.75024,112.07883,285.94388,138.91519,164.58458,112.15666,154.7516,244.95317,312.8154,189.24315,215.53413,243.84097,166.38913,104.77013,0.32373747,0.23005842,0.25478134,0.31304917,0.2645891,0.21228653,0.2509608,0.4109468,0.52070445,0.4801979,0.5132195,0.38362673,0.096953385,0.058650043,0.069634646,0.08192658,0.062440924,0.055225626,0.052404825,0.1130345,0.13460334,0.09977009,0.14108695,0.09453304,18.182802950264502,13.7560151223116,18.880028647039875,20.478094075233884,19.552408279998588,19.682692343310247,18.15496652616751,37.16305847530631,22.008892276301246,37.37342463552913,28.10535006238554,18.89116321617486,12.054248411109135,6.700068634473215,0.205950001814048,0.012425577974952248,129.19921875,pop.00064.wav,pop
-111.61652,85.579094,3.5153577,16.35747,2.2059443,5.980132,-5.045757,-3.962524,-0.09616854,1.5746027,-5.793351,-5.0871906,-0.20802832,-4.4117293,-0.7768346,1.5563339,0.36258042,0.57528263,-0.6926282,-1.8156011,4857.4116,779.93176,301.70865,287.40054,239.6114,124.06199,158.18861,88.44825,119.43675,91.929565,98.48169,65.684715,76.1629,65.80514,64.881615,68.68016,56.773064,54.50549,58.002964,57.971725,0.3528388,0.2325523,0.23702046,0.23691095,0.28876254,0.45080137,0.39415184,0.49727592,0.39010188,0.3773519,0.39626986,0.29377663,0.10640074,0.054244854,0.056644972,0.058345564,0.07032086,0.140006,0.09233602,0.12689056,0.09533371,0.09874015,0.11613963,0.06752067,18.311120574427203,16.42996114642523,18.91339514164571,18.027956336130984,20.127333008560484,17.30834628439876,17.448238034246618,29.022207936538166,19.356991175014848,20.489500135730175,11.000633286352755,16.49707038720275,9.168706669000713,11.982006697207249,0.10014338537635449,0.0036287358796184385,117.45383522727273,pop.00065.wav,pop
-63.635056,79.04566,42.744022,16.095537,15.26836,10.789147,13.3115835,3.685729,4.9283266,10.677057,-0.012671975,3.4803085,3.4220939,-2.4508333,0.8506413,-5.120554,-4.2999783,-1.56403,-0.059282333,2.6619995,3646.5735,826.609,626.43365,211.26717,173.78137,148.62686,127.06781,97.15143,100.07574,108.13792,79.737274,83.376274,74.26236,76.99734,74.729706,74.69997,83.922935,65.00217,90.6827,95.64217,0.3593032,0.33918366,0.40348935,0.3667167,0.4216727,0.43756008,0.28380078,0.31008837,0.34178632,0.35212234,0.3208116,0.3128616,0.102034025,0.07626564,0.11869586,0.07806722,0.09758613,0.10603171,0.049381945,0.06910256,0.07308366,0.08078551,0.07593854,0.07050063,20.370447079611967,17.362715521871348,20.935491115173164,20.449184541268103,20.876059740898654,19.79269884124109,15.74950795707079,18.522829726788004,17.950946791897657,24.09374382761033,17.459707893980955,20.6927459022841,26.407025059315817,4.740595437405143,0.09974656237906347,0.0029594512568187985,107.666015625,pop.00066.wav,pop
-52.537975,37.49602,14.12139,18.180311,16.782768,5.9580927,6.4324026,2.7082064,-0.44743842,3.2196102,-3.928455,1.5937504,0.29058233,-0.16011742,-0.5063943,-1.5440645,2.0738177,1.2248801,4.5870175,1.6419147,2715.8186,777.1046,474.25378,225.2344,154.4096,196.74374,132.3137,117.615906,105.65177,99.162415,97.867,86.54156,95.28774,102.11508,114.870636,110.72509,107.49952,88.744026,95.96435,86.105125,0.37931553,0.38749745,0.5468873,0.4884106,0.50351864,0.42649904,0.42258263,0.52094954,0.3971792,0.41250843,0.41909468,0.46444976,0.06799461,0.068975,0.10959575,0.092847295,0.11890127,0.10120655,0.06837386,0.109059066,0.071727514,0.090807565,0.08944829,0.0926778,17.650350811260537,15.427537128130444,18.62984921076752,17.305606187433977,17.327542610774476,16.917097489615117,15.379276448887213,30.64598068980587,19.971888664126116,30.33688114202979,17.568710865447787,11.876686258396973,9.166235084047203,5.277324369807602,0.19104230662248453,0.013315818483640574,112.34714673913044,pop.00067.wav,pop
-29.26039,53.868725,-1.700224,15.506245,1.0880837,0.5439645,4.902141,-3.2225883,-1.6917725,2.2325523,-7.1229587,-5.9894915,-2.9803963,-3.7967627,-4.8949075,-6.7240953,-0.4186526,-4.0128164,4.3791423,4.4604297,3189.234,1417.3132,507.7616,429.23926,443.5565,349.449,167.16083,125.2091,129.60692,145.07768,84.87644,87.9569,78.186226,82.759605,82.97148,81.972435,74.181114,71.69696,125.70978,119.41814,0.34577435,0.39685827,0.4574183,0.44414172,0.4467691,0.40201995,0.5568799,0.34796497,0.32472363,0.3916428,0.37006262,0.4046106,0.06655715,0.084650755,0.120374225,0.09829945,0.10143991,0.07344301,0.12049036,0.07670473,0.07187643,0.09717409,0.07267577,0.10020309,20.084316446227344,15.891005055726277,18.24335064721343,17.66495014139299,17.994701024874427,17.247843139835183,15.710127746682543,37.26448144603358,35.13449457777644,31.256534697183707,23.56298920878064,14.122631487586077,8.747151834958906,2.933194543191051,0.15505650759481424,0.011146296101756157,129.19921875,pop.00068.wav,pop
-30.211868,88.448524,-6.587008,32.785645,8.500259,8.3887,2.04252,6.864184,3.5769942,2.7208421,1.2942762,3.290607,1.5695497,2.3794365,2.5250053,1.0964289,-1.5795058,-0.26449084,0.11285188,0.42111674,2293.7646,507.65933,283.3526,96.529076,61.645607,58.2751,77.5686,57.460514,48.544334,45.90728,40.11935,36.71593,26.226795,26.786224,26.753332,22.216938,23.970837,30.213398,25.590065,22.231113,0.5174762,0.403741,0.44682473,0.51349384,0.6826364,0.47505826,0.4213239,0.4238022,0.4456122,0.48401338,0.50928956,0.64026463,0.070891395,0.05180637,0.069517285,0.056833673,0.09185269,0.051631007,0.055862408,0.06295035,0.06274387,0.080107,0.06948466,0.08402225,19.432126788139396,13.026965237406076,15.414753120573199,14.341416245752727,15.535733316466075,16.172157948048273,15.479003570869132,21.363033839417017,13.000657737020788,13.966243619043642,7.700900445928929,5.97359404743309,3.157285648505823,1.7694571398341925,0.09549942252805728,0.002653789619643786,107.666015625,pop.00069.wav,pop
-91.85374,56.674156,13.763752,15.050706,0.9011202,-4.079192,-0.22235462,0.56391364,-4.60077,-2.6161902,-2.761266,-3.0964155,1.7973816,-0.9524221,1.404723,0.92358816,1.0776355,0.9147185,3.2946672,0.21995427,9667.55,746.8569,805.7135,402.75867,252.76128,246.04745,171.90149,121.24144,119.59444,103.543755,90.52657,83.208954,72.844406,64.77307,65.37888,79.91504,72.11061,77.012344,60.458775,63.970333,0.51197165,0.4381114,0.4902795,0.3425142,0.34898046,0.38864616,0.34719446,0.43154162,0.4553371,0.63052124,0.43389142,0.42664924,0.10976541,0.08048844,0.099012926,0.0637885,0.06854722,0.08676972,0.062247667,0.088452406,0.07283621,0.109127186,0.074365996,0.08506734,18.67014693135936,14.688222028659698,18.733573541587443,18.32482910358293,18.024254334916705,17.184986604870055,15.519836284446173,29.015281370110504,18.464118906204416,25.860404926272732,18.710838369724332,11.479818312653059,8.819880604520435,4.099171454553175,0.13644399731520898,0.007272367492516829,123.046875,pop.00070.wav,pop
-52.537975,37.49602,14.12139,18.180311,16.782768,5.9580927,6.4324026,2.7082064,-0.44743842,3.2196102,-3.928455,1.5937504,0.29058233,-0.16011742,-0.5063943,-1.5440645,2.0738177,1.2248801,4.5870175,1.6419147,2715.8186,777.1046,474.25378,225.2344,154.4096,196.74374,132.3137,117.615906,105.65177,99.162415,97.867,86.54156,95.28774,102.11508,114.870636,110.72509,107.49952,88.744026,95.96435,86.105125,0.37931553,0.38749745,0.5468873,0.4884106,0.50351864,0.42649904,0.42258263,0.52094954,0.3971792,0.41250843,0.41909468,0.46444976,0.06799461,0.068975,0.10959575,0.092847295,0.11890127,0.10120655,0.06837386,0.109059066,0.071727514,0.090807565,0.08944829,0.0926778,17.650350811260537,15.427537128130444,18.62984921076752,17.305606187433977,17.327542610774476,16.917097489615117,15.379276448887213,30.64598068980587,19.971888664126116,30.33688114202979,17.568710865447787,11.876686258396973,9.166235084047203,5.277324369807602,0.19104230662248453,0.013315818483640574,112.34714673913044,pop.00071.wav,pop
9.675074,88.82607,-20.29368,5.1013055,-2.917802,-0.18818112,0.3274819,1.6043208,-2.2592056,-0.9406509,-6.2122498,-2.9767897,-1.8151839,-0.31959984,-1.3413134,-1.6791986,-0.18654181,1.7162682,-0.13248807,-3.901139,2154.673,805.6701,293.4856,187.9542,119.192215,89.04742,96.40046,62.159218,52.287563,64.425064,53.017864,46.48643,37.812054,37.05211,34.196865,33.66573,37.636097,31.016626,32.202785,31.914667,0.5033662,0.42235675,0.45908222,0.45010415,0.42711765,0.4663685,0.4298451,0.53503305,0.5465722,0.47850406,0.5240826,0.5269246,0.07391022,0.07020089,0.07742731,0.06837057,0.061910037,0.07607937,0.061203357,0.08852758,0.08017326,0.06694952,0.08146263,0.08231624,21.79870499167908,12.43465600461466,14.706616918553292,16.228713917298087,16.428706092862544,16.625353663532426,15.27966307751443,25.928424621229848,13.348986693494439,13.534449065495027,9.397231989669415,5.302171651820451,4.60145954850557,2.0204707019627284,0.13165642233455882,0.0026052633615556995,117.45383522727273,pop.00072.wav,pop
-8.531341,54.251755,20.96331,13.099079,9.721153,6.015052,10.720785,6.1021194,0.6942643,5.0023856,-3.4498136,0.8725567,-1.9390471,-2.7849798,-2.676201,-3.3184636,1.7050132,-0.14683868,4.8484674,2.9080083,3028.0107,533.9674,423.36203,169.29977,107.09414,121.956924,98.57472,67.43553,67.919205,87.166595,74.08259,52.848408,62.99463,49.137432,54.813587,54.841393,56.66029,58.42286,77.40926,76.21996,0.34397396,0.4772209,0.46106997,0.3829649,0.4302733,0.36005566,0.5957096,0.40659496,0.354057,0.46452096,0.37018004,0.43370217,0.05766438,0.089774475,0.08817661,0.07095858,0.087191924,0.053386144,0.110681094,0.065278694,0.050547704,0.094532,0.05638513,0.104107164,20.14972930905444,15.160482605200913,19.02125985571033,19.194475101934756,17.650615293119746,17.269464285849118,15.489644266012297,21.622751023382897,20.30183499164644,22.614513381220693,15.77106605464861,14.464496766427583,10.160275759700756,3.5878912093257678,0.16189735814144737,0.007158864284058979,129.19921875,pop.00073.wav,pop
-93.63922,59.69027,32.077377,13.12749,13.27032,-6.8693585,2.3390272,-7.8879843,2.2946646,4.4875836,-4.0405664,2.6735637,-3.0863953,-5.7560024,-1.5233752,-1.1896893,-3.0514128,-1.0875478,2.3892708,4.7670994,4254.7964,1293.2997,580.647,487.26447,238.29796,360.87973,222.99216,255.17296,150.29558,146.23163,166.8043,122.04555,98.77409,89.366714,74.99053,76.11298,91.65019,110.0433,105.699585,108.79878,0.39055616,0.3238163,0.3918869,0.32210973,0.3505483,0.28823423,0.44876146,0.29606658,0.23600054,0.29747587,0.3527079,0.49512228,0.10039605,0.08579473,0.123457596,0.071729295,0.112548724,0.057178527,0.13699754,0.07181605,0.059689388,0.084924795,0.07794608,0.13539577,21.058846383268797,18.028047946275272,20.927953605652288,19.646908152600616,19.163828566178964,17.917739126528005,15.451270044623675,37.83402446398183,31.941463960984258,24.91232330229034,19.15022756137486,19.5565858638023,10.194395780638473,2.866023835813884,0.1308480372000774,0.011387671350954039,83.35433467741936,pop.00074.wav,pop
-68.85472,40.457462,25.354525,35.768284,13.383127,2.8213696,12.759582,4.4835443,3.3571875,10.026522,-2.3750985,2.9945147,-1.802403,-3.378383,-1.5463306,-1.6591522,-3.520382,1.3764956,2.0280373,1.5048237,3236.2122,664.39,326.35007,292.16254,169.43248,190.46716,137.02737,95.116295,89.68814,83.7345,85.38436,67.12047,89.8661,55.318935,58.242985,61.402527,63.640564,77.3189,77.92402,91.66646,0.4108236,0.47090828,0.47869557,0.3853736,0.41544804,0.33910316,0.4696312,0.33349127,0.32582244,0.3888975,0.40228596,0.4921603,0.082675375,0.106622994,0.117908746,0.06989678,0.113229826,0.051603924,0.11183883,0.056812618,0.06306043,0.090856746,0.08101211,0.118021905,22.87140161119512,17.650932435594246,20.127492571115805,18.769064933890196,18.796793131639124,18.794035816952064,15.483711297204865,26.549186154661957,26.55812230355794,27.953034003826577,21.276617235135934,14.665383909009199,17.32206442864237,3.7283288503090204,0.15924053369291796,0.009654276315144802,95.703125,pop.00075.wav,pop
-38.288414,47.802376,20.052776,23.84809,19.795454,13.665192,14.684335,4.5720963,7.7137046,8.956255,5.421002,1.1439084,1.0811883,4.386656,4.5840893,2.549877,-0.2459388,4.625784,3.010174,-1.3092593,4575.363,646.10547,405.91245,289.51144,247.10165,240.66617,114.742065,98.97451,79.64468,90.315765,50.422916,42.89883,53.615246,55.992065,47.85613,50.144817,44.787354,48.602154,63.926388,53.570065,0.40990898,0.5047786,0.35649508,0.4057866,0.47045904,0.4968222,0.5790839,0.4939924,0.53175056,0.55299455,0.44544128,0.46121216,0.07099396,0.09563483,0.06329407,0.06654496,0.06897618,0.07674657,0.09054049,0.07229368,0.07721146,0.098580584,0.06736338,0.113663994,22.208705667084388,16.912182892481326,19.28803197175241,18.566133646053846,17.65257027395097,17.267724462815924,15.827946528417016,23.325797342533182,27.785734454882462,30.503435186627918,15.72525576155818,11.368138953238683,5.638925324276747,3.431410021952394,0.14281924221168732,0.006725925216450484,143.5546875,pop.00076.wav,pop
-34.209938,40.399307,17.510662,13.421472,13.240601,7.449265,18.183458,2.7254276,4.3396277,5.8252974,-1.125758,3.1106067,2.4149976,-2.0906532,-1.285156,0.15344456,2.3362236,4.32972,2.137922,2.9388883,5028.1494,936.8778,494.66272,262.76495,138.9173,118.44979,124.92807,80.48617,72.07021,100.143906,80.0751,72.1973,66.436745,63.827404,71.672966,82.834785,103.847885,102.21174,114.40059,123.53674,0.4539543,0.41113508,0.47926643,0.44734862,0.41131654,0.4935966,0.42297494,0.5063075,0.44620657,0.4796569,0.42621818,0.3673256,0.09731797,0.0636278,0.10617155,0.08951267,0.07139862,0.11871798,0.08539068,0.107812725,0.08168228,0.10951607,0.093574,0.069961324,19.388908169277492,14.83845189116109,17.404149037404853,17.983070738386186,17.990645588257006,17.718736348067836,15.272377362703535,27.754512505039678,30.535091117604274,37.50657771135342,23.99139541013204,16.23857230736455,13.341583692750055,2.67637374897057,0.21392576613293343,0.013471217053002756,112.34714673913044,pop.00077.wav,pop
-42.779434,62.799667,4.7602077,24.068392,9.642161,-1.8881842,9.252786,-2.9691231,3.181562,5.9340043,-4.77374,3.0194983,-1.2407999,-3.5244296,-0.32438838,-1.4424752,-1.8644706,-0.031904664,-0.73046863,-0.9891401,4613.6665,1039.8237,692.0938,345.17905,275.8017,238.35777,197.31071,125.68186,130.58609,111.29779,97.15618,85.623146,70.36105,53.536873,50.003716,46.300602,50.97361,64.867226,73.989746,66.38718,0.40752998,0.4477862,0.444023,0.49149543,0.37540728,0.35809267,0.46695617,0.46845347,0.6189135,0.5024448,0.4496691,0.42628214,0.06627184,0.09640848,0.0846287,0.09943771,0.0657227,0.060688414,0.07941519,0.06905609,0.10776137,0.086321026,0.08340977,0.088887386,20.214794104982204,15.524187496766746,17.5231888065547,16.791175962548753,17.250179880463396,18.931616983667436,15.654506766560147,35.691333645671634,26.690795108740062,29.770512362082783,20.681652409287203,12.68151704457088,22.577088178409017,3.749869937102111,0.14272098127902477,0.008617973809026108,103.359375,pop.00078.wav,pop
-273.28632,103.147575,8.722427,31.6977,12.511967,3.4922655,3.9396503,-0.16230226,-3.921683,3.2304423,-6.373684,-1.5361916,-3.213047,-6.777503,-3.8153548,-6.2407227,-5.618338,-4.015953,-2.3887515,-3.0845282,7401.6743,1202.2058,511.99207,194.34566,106.82202,188.07361,73.08833,64.72235,73.30655,59.864708,42.380947,49.997864,33.674442,31.51426,50.740627,41.747986,52.882133,50.096333,56.444115,59.518154,0.40551847,0.49701354,0.33645406,0.3412803,0.34419516,0.2954331,0.40691236,0.28425804,0.2555422,0.20095591,0.31871682,0.5368619,0.064593226,0.14004494,0.07220691,0.08411753,0.0984095,0.06649711,0.11938624,0.06344544,0.067346424,0.042287648,0.06915424,0.1329064,25.106290338601873,16.11274604163609,19.183791556297937,17.967121940036375,17.847137219527138,18.58362620471044,15.837238174206586,12.673410257495949,22.60872575221216,20.99538205644228,14.204623179465772,10.78939988737314,13.276655529047376,2.4521955165655855,0.07255095963138544,0.0056113332794509,112.34714673913044,pop.00079.wav,pop
-44.972015,69.765335,11.851114,8.137467,12.62307,7.7987547,11.3074,0.19175656,9.630409,2.8426683,3.8571951,-0.8326629,2.1378021,1.0925359,-0.06844644,0.6488353,-1.4783103,3.7229264,4.547461,4.2634854,3536.0403,831.77264,406.95526,338.5727,204.0947,260.22742,124.148605,128.22919,113.21931,86.010544,75.68949,64.38472,82.66972,95.67584,112.07027,106.1177,129.47049,105.74451,118.30487,85.92739,0.39172497,0.42925322,0.52452606,0.38593417,0.36656564,0.43408832,0.44531825,0.59331536,0.4389399,0.4132562,0.41848055,0.3619998,0.09722796,0.08554562,0.10316714,0.07266172,0.06979333,0.09948206,0.07404762,0.11569359,0.077343255,0.08745337,0.09733824,0.06662619,26.133053108862345,15.971084037356137,18.60838660204698,18.318890380178267,18.27588240351731,16.231489226746096,15.974118485288512,23.741429828893047,26.764213623156152,26.436502811919322,16.733582437380043,12.14712082273859,5.255069556042498,4.6410817414470955,0.1275974899622678,0.004877163341659907,112.34714673913044,pop.00080.wav,pop
-137.73312,100.24318,14.383044,15.403811,2.3205364,-1.0818115,-2.1069715,-1.6870854,-5.311201,-1.7847022,1.7484086,-6.18354,-3.0364275,-9.783618,-6.6642976,-3.9666076,-10.177887,-2.9706812,-3.5730906,-0.6477029,3874.8796,625.66327,400.36606,342.1408,229.59871,127.58908,146.11385,79.51054,126.16696,102.41545,94.19804,72.6784,72.940254,70.68407,76.097984,53.044716,56.627853,82.499054,46.101143,44.763134,0.45028323,0.3229577,0.40935874,0.33059937,0.40708566,0.53632057,0.35413924,0.42066583,0.31619075,0.37960842,0.25358307,0.2575214,0.11854929,0.052048746,0.11523656,0.054795556,0.08764213,0.10980089,0.052148364,0.11879831,0.05195304,0.08886426,0.044759456,0.03940255,26.047156196928185,16.13037679620362,18.820670230310387,16.626647369128168,17.059449289884757,18.3810477559454,17.033245781196463,24.178130299026133,14.947225558126389,19.53129260558664,12.509436326098331,8.639881271885333,10.472529213723664,7.607266947391466,0.08601724252612229,0.0017887377039606858,143.5546875,pop.00081.wav,pop
-62.043816,64.239815,29.874725,23.24483,16.247189,7.4384794,8.871021,6.4075446,7.3948216,3.0163872,1.4878421,2.9757109,1.8600916,0.54326195,-0.3301238,0.8136626,1.2980133,1.1867973,0.86054564,0.09585127,2500.8242,443.46494,190.0062,102.51843,101.061134,103.46443,60.53811,66.871056,53.025856,63.464806,41.056355,39.31292,38.69574,46.475166,42.802505,40.104374,40.01159,44.795185,57.613613,65.027534,0.57850635,0.4059145,0.35519445,0.3231245,0.41065204,0.40948358,0.45907086,0.45565352,0.4199188,0.5172794,0.58317375,0.62762225,0.10250673,0.04320816,0.06057056,0.05482996,0.09301684,0.08672525,0.10781483,0.102456614,0.066878535,0.09327976,0.06978082,0.10077478,22.242738722881683,14.990770181816453,17.899954683778503,17.000192956001655,17.310778654144144,16.59472678298799,14.80063734659376,24.10436009070862,13.72548131213672,13.88416666553684,9.708655025212302,7.698914895909982,6.567983280032888,1.6678172933335653,0.1003391513883514,0.0035702080479484413,129.19921875,pop.00082.wav,pop
-104.47532,86.85541,28.76275,26.635527,8.927457,5.6745653,7.7592797,0.46634582,6.6300635,6.5633125,0.37748337,2.1488523,-0.019938182,-0.3627295,1.3109479,1.3177943,1.9381652,1.2264537,-0.12414589,0.8405376,2086.2695,508.78632,351.5965,280.27042,237.29633,153.65761,97.05528,96.45464,77.44553,98.6951,86.57314,66.455894,72.84487,68.11781,71.55404,57.24619,67.679115,78.93473,90.11566,67.9667,0.33372527,0.29103187,0.24712591,0.43192506,0.27928406,0.28227377,0.19827501,0.3456356,0.31663275,0.2318053,0.36624783,0.25329903,0.11272771,0.08557953,0.03871856,0.14781277,0.057832528,0.08681899,0.029886918,0.107549556,0.081495695,0.037167538,0.11946512,0.04540148,21.301003690699634,17.409081601602345,21.306601973288252,21.26326556210509,19.41009850951609,17.5119483129854,15.301762645556247,20.047670079461128,22.644525228044348,20.63462460923301,18.702918647377714,13.563604781176876,10.916463834780608,4.274365453098884,0.08429578657120743,0.0016285458727112103,123.046875,pop.00083.wav,pop
-112.395996,59.759735,14.483949,19.190071,15.127423,-3.2115033,6.109609,-6.668194,1.4637219,-1.187687,-1.2330449,-0.7587416,1.884327,-0.69078666,-2.29969,-3.4926953,-3.891752,-3.3886583,-2.4311671,-2.0892992,5026.4336,2329.505,917.33514,263.29053,313.89502,252.0451,200.1435,158.74437,160.97124,138.41457,132.99174,100.3499,105.46492,76.462135,82.29315,74.762985,64.26005,79.56849,94.455765,86.86947,0.45842013,0.42762628,0.5455526,0.3647138,0.32673672,0.26928484,0.3391275,0.4413156,0.4101578,0.52412254,0.40912667,0.39404252,0.114570074,0.07984217,0.117874384,0.06615368,0.08577705,0.06444797,0.068942964,0.11003777,0.08164806,0.13705763,0.08019961,0.08413004,21.295826338745393,18.551134946082882,21.561256500555388,20.045642390429453,19.50230849868978,18.586083269022662,16.27133925691682,41.97995782164483,24.710508094687277,28.581786021100047,22.598424088333594,18.607906537270882,12.972187037651276,4.925622888462397,0.13586614744582043,0.01397505794343752,99.38401442307692,pop.00084.wav,pop
-81.77599,78.609276,-17.260933,24.511774,8.410555,2.1446183,5.5200152,1.9346675,8.799277,-0.12229679,0.49543995,4.6422744,2.3893166,5.5083528,0.6174307,-1.808122,2.3056872,7.846462,5.0109644,-3.3342338,7155.226,1695.7441,1093.2362,301.45786,270.81708,198.33884,222.51906,115.41392,123.73857,99.18036,70.29188,64.363754,77.66201,92.04815,83.31785,83.090485,91.33282,149.4405,103.79973,92.546165,0.3592073,0.3958847,0.556791,0.3690751,0.4038821,0.37990656,0.46614495,0.58626854,0.49190283,0.5583243,0.38577202,0.37272495,0.09328012,0.06471138,0.10123315,0.07939155,0.09047394,0.076475225,0.08496807,0.12977637,0.070078835,0.098960735,0.085091695,0.09058984,19.66691737327924,15.609702177482538,18.94310409636513,18.845293370996703,19.667964229912428,19.04898565497778,16.431865372910824,16.92232600646947,29.947297204752868,30.015984234995777,24.498890905278483,21.28636453310645,21.482200623695302,5.66659391640875,0.1220960115131579,0.005889703692491695,117.45383522727273,pop.00085.wav,pop
-50.449287,56.41648,12.563282,11.288339,-2.739751,1.3628131,4.5399694,-0.96321344,2.2894216,2.7384725,-1.9891648,2.5949512,-4.0203376,0.683096,-1.3967139,3.3251173,3.028759,2.6311066,2.0771775,1.3595716,1737.5277,357.41452,171.94795,170.92221,88.57314,116.36155,78.038086,75.97002,71.71104,67.47574,54.517197,53.29587,49.030323,44.655228,39.039303,52.69781,60.301342,68.18366,64.22018,57.118553,0.24643324,0.33226952,0.42219344,0.29745156,0.41530272,0.295038,0.47763515,0.5323263,0.40382847,0.5228776,0.34093466,0.36604473,0.035378363,0.05901188,0.08107113,0.040500943,0.10410142,0.041264635,0.09875898,0.10818524,0.046314202,0.11094623,0.048525397,0.07258063,20.537559304986758,15.17531512429918,18.38431535909869,18.562613611838337,18.07471707694305,17.733452329972895,15.331888317126598,21.77504845627746,15.441205058981026,17.11343330205852,11.462010341121283,10.723045050664117,13.38416855346581,2.7139097041156366,0.18523244001547987,0.005897312751663399,129.19921875,pop.00086.wav,pop
-47.05376,55.781746,27.617126,19.193428,15.186061,3.1757607,5.6275535,1.6121148,4.148368,1.6211523,-1.5870059,-3.0055182,-7.6369953,-3.841529,-8.113685,-3.369737,-2.2721324,4.503091,1.4371147,-0.38336548,1891.3483,711.313,433.74817,234.38715,110.871346,162.1974,88.90203,99.616585,87.22057,60.39857,74.92768,45.973713,69.577385,51.847183,54.298164,57.10807,55.334213,56.98068,63.71993,41.488415,0.25362495,0.3207982,0.5682748,0.36775687,0.3066121,0.25805643,0.35463333,0.57194257,0.35798168,0.34455433,0.26324356,0.26025486,0.064361565,0.06410121,0.12647751,0.06859672,0.097699106,0.05400378,0.062116694,0.12999286,0.05865742,0.09371206,0.059830762,0.06768847,23.61657686623934,17.416374335950476,19.144211068728964,19.586467882924314,18.684323347618534,16.66208119987817,15.333863007681094,23.744317139210708,22.111078937793113,23.717175003580547,15.482361237959259,13.84523211671906,7.472911507494691,3.461727718453845,0.1464783281733746,0.007808308446713201,103.359375,pop.00087.wav,pop
-42.68938,54.882027,17.06182,19.764542,6.85284,2.7781906,11.820236,1.2058558,7.9387155,1.138253,-4.071282,0.13736188,-4.236571,-4.4564805,-2.5122685,-2.8911157,0.6187277,0.8994231,2.3103714,1.9261038,7994.192,1113.5995,444.68634,335.22067,195.77658,257.94223,157.07701,123.38347,94.048256,96.96375,70.719986,62.951057,70.19696,69.26492,57.859436,50.614704,70.4158,60.189083,76.66748,73.0303,0.36629307,0.4376014,0.57128364,0.44461012,0.41625074,0.4023951,0.42824864,0.42743364,0.3859865,0.5119621,0.40563685,0.38040408,0.070020206,0.07064301,0.10876714,0.07992783,0.0862015,0.08849229,0.085795864,0.09686653,0.07566827,0.10655959,0.0776742,0.08255194,15.705036798621274,14.487787672063748,18.246376481866864,18.364735685271267,18.56157399867149,18.222798626520145,15.340470433562063,24.838422825957533,22.769781184486835,25.915373517013823,21.245812347001152,17.196821506694562,15.018228280478912,3.5145389685482864,0.17203410712558048,0.011146812951336606,99.38401442307692,pop.00088.wav,pop
-47.681934,55.53719,19.178862,24.482962,4.0398774,1.5440774,6.9665008,-1.0461181,3.0828686,1.7952809,-3.0351193,1.9345391,-4.6785507,-2.5212111,-0.8627602,-2.2868989,-1.6915138,-3.232456,2.612902,1.893048,7985.46,1223.5607,634.9197,324.38565,165.81311,279.5595,155.0001,125.04097,120.88552,83.872185,99.162186,83.8255,81.92716,78.68272,81.68325,103.11746,73.26494,62.714355,93.26975,151.42241,0.36995554,0.43096688,0.61509764,0.44911525,0.45393264,0.45747197,0.5236279,0.41709268,0.35866395,0.4569343,0.3673876,0.34524548,0.071242675,0.056842815,0.10475155,0.069892466,0.106289335,0.09573174,0.10356069,0.0848992,0.060153417,0.09234025,0.06280761,0.066032015,18.235581546741802,14.923746734040213,18.259684476332417,18.573926899767926,18.461769297843173,18.699854458835542,16.29482254235014,23.81030097886481,24.22762757539774,23.44036341427583,25.64908871748872,22.49002197613687,28.518036608575407,7.63237590460313,0.16573822682856038,0.009784460253426157,99.38401442307692,pop.00089.wav,pop
-44.723248,55.059227,27.137182,19.50298,14.696994,3.2040474,5.509529,1.4237081,4.4969788,1.367907,-1.6663119,-3.534417,-7.9148335,-3.532205,-8.198315,-3.392684,-2.6661003,4.2834873,1.3531152,-0.16799039,1914.0505,686.2222,438.31458,227.37335,116.55374,164.32349,89.87838,98.90824,85.975464,59.46805,74.797554,45.392815,69.08861,51.96731,54.36633,53.10055,55.049778,56.975487,62.20319,41.36693,0.25391528,0.32017303,0.56927866,0.3699415,0.3071746,0.25887552,0.35432392,0.57432616,0.36075974,0.34526345,0.26347792,0.26026127,0.06438884,0.0634659,0.12514316,0.06838118,0.097462244,0.05456549,0.061553676,0.12893116,0.05913158,0.09324915,0.059316073,0.06693226,25.695111322699326,17.510516945077665,19.52793287279553,19.75674780819917,18.548014373218418,16.320419752221806,15.428249948182224,24.637770739897277,21.492434763740487,27.698405161397613,16.64479130826272,13.32657939383251,6.112688168955413,3.4392345667995476,0.14755995428599072,0.007826797524836233,103.359375,pop.00090.wav,pop
-8.406137,42.004875,8.2976465,17.972023,14.039091,7.345697,5.7253203,-1.8997345,4.6036777,2.0709262,-1.0726746,-0.66318256,-2.4345155,-1.4743019,-3.7601752,-1.6542797,-2.3765326,0.052155014,-0.99298954,-2.6045353,3051.516,461.6712,598.0965,330.10278,223.65862,226.64987,165.20158,104.93876,100.578026,68.948784,65.56056,64.64861,53.227863,39.96672,56.109776,55.334225,75.25215,81.80258,89.15137,65.93872,0.43278924,0.4921149,0.39425486,0.4292463,0.35764265,0.40607592,0.51885474,0.4180606,0.42854655,0.36398208,0.43477514,0.4178873,0.081024714,0.11090969,0.07040325,0.09946234,0.08130513,0.09585437,0.13553505,0.08933704,0.10409474,0.07178985,0.087811805,0.09809676,20.42269510325654,17.289003191314432,18.699419077927477,17.75119492812749,17.336914435164974,15.455557157644353,14.778438506779858,32.907930516794984,26.10983153738916,29.280148904388586,19.129545831085743,9.434112743796216,3.8752530909125915,1.7555078377248805,0.1668300569611068,0.009883210857107463,117.45383522727273,pop.00091.wav,pop
-25.935339,60.872036,6.071953,17.717197,5.13251,10.43129,2.4501173,4.9244223,8.108929,3.8508592,-0.18614747,7.2528105,4.9468403,0.9169611,-2.2947693,1.5526828,0.21936408,1.9272803,2.3685062,5.4341993,3188.2415,758.9911,680.8649,230.10863,178.86943,129.31085,114.344246,100.398895,97.486984,105.997314,76.64437,62.885967,86.04937,66.10547,49.48638,48.384247,65.74078,73.72072,66.24597,68.96346,0.56655896,0.46895158,0.4538793,0.36338836,0.39667106,0.436715,0.48950794,0.5609159,0.5134159,0.50467783,0.5247162,0.56866294,0.08166214,0.06513327,0.06874844,0.064270705,0.077373266,0.089139074,0.08085385,0.099643104,0.0963419,0.082281895,0.0789676,0.081754215,23.61215688675702,14.694844567047305,16.958744008378325,16.95722609846833,17.95943632151135,16.43326060940254,15.583376296068996,30.966725630485783,21.84321306410154,19.009745740129375,13.748826545867777,10.223126887144533,8.065374499237647,2.8029618483066816,0.14535890939434984,0.006073274451567517,107.666015625,pop.00092.wav,pop
-20.228376,57.77345,16.777649,18.249578,8.958152,14.899964,2.6696353,3.7526221,1.1145035,1.8456721,-5.9808383,-3.6137545,-3.6554594,0.9081742,-0.47599763,-0.40367442,-4.619457,1.9671378,1.5699369,0.54384744,1277.732,368.99966,340.26416,142.65877,107.64751,136.23003,80.296936,77.87124,73.09996,55.23475,48.953426,46.837112,50.194622,80.225555,64.41693,51.61876,57.496674,82.5011,88.19931,70.53084,0.6423626,0.44509476,0.463653,0.41968733,0.32550362,0.38213024,0.32457396,0.4702359,0.35967326,0.31916675,0.3793717,0.4513675,0.11185277,0.06317377,0.09542207,0.09261036,0.062483307,0.11248164,0.057460744,0.09607626,0.073718384,0.056643732,0.081585266,0.071683474,24.516348941683663,15.169607528209479,19.259742683821855,18.81562847037934,17.264919851009136,16.021831427814536,15.859025710672116,21.529444576405513,23.20820415245407,24.579749129274713,19.879943524599373,10.958720834210538,4.330091410141082,2.539624182287831,0.1316624691611842,0.003480779485106565,135.99917763157896,pop.00093.wav,pop
-42.268803,82.17975,-2.2469733,19.916231,13.862178,0.8657801,7.92098,-0.7182553,6.8773565,-1.9071585,-4.6875606,-3.164194,-2.9416702,3.6025867,-0.07809382,1.5862795,0.8490444,-1.2324396,2.5389123,0.7802422,2743.1199,894.82654,387.189,192.26761,120.237495,177.09727,109.76403,90.2932,65.02889,81.7898,61.365555,62.444576,66.21955,82.98181,60.85172,35.856426,82.44624,132.37807,89.71803,54.968365,0.40033627,0.2611794,0.28420275,0.37108597,0.22010092,0.33733368,0.20660369,0.36284006,0.40698993,0.31776273,0.53833336,0.29041174,0.106606215,0.06477337,0.053231932,0.10442567,0.03278101,0.10626396,0.033268757,0.091914706,0.108769044,0.045041945,0.14707386,0.04573985,19.360517693894053,18.238178213063534,20.67522800041527,20.68169768370818,19.86157985962698,19.87829683685215,16.369454283370665,29.59876837212889,18.93973010458511,21.308896395216067,21.611314232880293,14.024597866896901,14.834488574892116,4.824747292913871,0.12854835344910992,0.003510269748793113,151.99908088235293,pop.00094.wav,pop
-36.629185,73.09261,39.12304,20.328524,12.4935465,2.151913,11.737693,-2.4324148,6.6467233,3.182791,-5.380571,-3.1493692,-5.7750807,-7.682376,-7.6059957,-6.8437,-6.105222,-1.5670519,2.1235182,-1.5718985,3182.0583,859.6703,491.10956,332.3234,169.1923,181.09064,121.66131,125.36574,127.03398,77.28489,86.8364,77.455444,69.934814,65.4864,50.074207,61.313324,71.73755,72.87371,75.84662,81.27455,0.4256605,0.33311895,0.4307858,0.34950215,0.37253112,0.38702968,0.30696923,0.440938,0.36736697,0.36404297,0.28442663,0.32608885,0.098113485,0.056639776,0.12683305,0.07540384,0.09656281,0.11247324,0.063077174,0.12379157,0.069115706,0.08333208,0.06608555,0.072488494,22.83755424556484,17.364243203952253,19.356031204020287,20.073744732317202,18.533634887420984,17.03784558239067,15.919804291612463,37.97022958964931,21.254224946335935,22.534512577583662,18.146867422884778,16.60576860055066,6.402012870021767,4.592591657729821,0.10639353654702012,0.004333860821198055,103.359375,pop.00095.wav,pop
-59.09869,60.998295,27.75064,23.867935,12.298356,7.3722215,12.321168,7.1516924,13.415489,2.485732,-1.9674118,-2.414119,-4.5195565,3.4697351,2.0349872,3.7280085,2.4979272,1.2848573,3.1396015,1.6590123,3477.7058,923.6316,624.15405,357.48404,175.84406,167.98044,103.181015,128.9885,83.58776,70.42732,77.35447,64.58044,100.25925,129.2231,110.546776,172.5975,120.61778,107.1522,127.637695,110.84767,0.28882134,0.2758775,0.32053757,0.32809746,0.32407138,0.4438685,0.39125654,0.34348762,0.2636871,0.35071453,0.45917404,0.29045486,0.089674346,0.068871446,0.08282147,0.094220795,0.08343819,0.13043383,0.0929638,0.096471965,0.06494155,0.09574496,0.13319322,0.06953567,24.62628114282098,19.052887528480753,21.775400474444975,21.419044819165915,19.482750193123124,17.69574729324727,15.514836612988075,33.467026777865854,25.47812495800473,27.307279746993604,23.80819002518598,16.664001740063238,8.496283776927479,4.743756341483561,0.10534554590750773,0.004148511278192705,92.28515625,pop.00096.wav,pop
-125.53952,51.196957,38.517105,14.491696,16.232538,4.642958,12.308261,1.1730317,1.7245497,9.770825,-2.822416,2.07893,0.85300976,-0.50384986,1.3426534,-0.8620617,0.48488247,4.129414,1.749743,8.2345915,5401.9004,1156.3783,1127.7024,491.5063,272.6508,220.02951,218.8722,175.81859,88.49601,116.82856,85.982925,83.538795,68.40786,55.06086,56.10368,67.34197,70.27638,72.46714,74.72729,117.80541,0.44630587,0.42416406,0.491338,0.4217588,0.4402231,0.42211616,0.4063742,0.5062411,0.5425051,0.5932072,0.47701785,0.43239146,0.08832426,0.07051299,0.11003852,0.0771995,0.0814301,0.07955668,0.059709873,0.09637138,0.11472484,0.13357951,0.085475765,0.06409379,20.575548354553444,16.024681321521655,18.10434335648782,17.637210243958204,17.67559219292495,17.72539892299327,14.903832944928991,26.84219492008387,29.17694712486244,23.177337392807125,17.328070952849863,12.821633429040885,11.739934331850867,2.3180095153218203,0.13724822525638544,0.02006918502004884,99.38401442307692,pop.00097.wav,pop
-26.93658,46.710373,8.7081785,8.604124,6.086184,12.42523,6.958877,2.5068421,1.159301,7.257309,-3.1307192,1.2537664,3.838255,4.690354,1.7137886,-0.9803977,-1.3044108,-2.6919029,-1.2717874,-2.4849613,4428.5117,589.86066,551.8899,361.12784,121.974884,149.5638,149.3133,135.62485,130.56757,81.22368,104.59971,90.13845,115.65516,101.09373,123.333664,91.99542,92.693565,80.00704,77.73627,102.24584,0.4864715,0.36533067,0.42045757,0.3942781,0.42743266,0.27212843,0.30018473,0.41702685,0.38852412,0.4603981,0.38224193,0.47761905,0.11498239,0.07123628,0.108335994,0.08203826,0.10677479,0.06250276,0.06563598,0.10226741,0.08621955,0.11747948,0.07332072,0.104138225,20.439133726590484,15.538885415317964,18.365774172722258,18.54165794796001,19.05926988795395,18.022538895522107,15.947825565463141,24.595989417183265,18.90975137646372,19.300230637392456,23.597609690427355,20.717898541792476,18.09733228539547,4.330639443123385,0.18310584667666407,0.007764233708607893,117.45383522727273,pop.00098.wav,pop
-119.34646,85.94366,33.886936,9.992517,17.70141,0.5190524,9.565489,-5.299009,4.170094,8.122251,-7.9776335,1.5659164,-2.933183,-1.606909,-0.1992257,-2.4307656,1.2062727,5.8464403,1.6082752,7.58336,4563.085,688.50366,457.29984,181.59966,121.58178,213.81755,130.51453,179.63821,97.978966,97.87303,102.8342,69.397026,58.05285,55.885582,67.20413,54.331444,69.49182,128.33557,124.74238,119.61791,0.35514536,0.3867629,0.2812892,0.30975714,0.4191792,0.29303572,0.35844567,0.33452603,0.4340888,0.37018156,0.3376684,0.44631281,0.07849915,0.11507371,0.069746315,0.06957285,0.12139095,0.056015387,0.100692704,0.06593074,0.108761564,0.09752372,0.07007244,0.11322391,20.30673343338253,17.097161096260923,20.457194603684176,19.643019186051028,20.150963247249987,20.104811385409185,15.884108840893894,21.72975711901689,25.07667370706195,22.81618106890783,14.783969161427176,13.021005389009238,27.02876276203493,4.451831462705999,0.09601491449787151,0.003646947688079175,161.4990234375,pop.00099.wav,pop
-159.4762,104.848114,-10.300141,34.656025,-4.9666266,26.805262,-21.953398,23.45208,-14.029752,19.58617,-8.298798,9.717498,-10.065848,1.4203507,-6.50298,1.0738482,-9.21135,3.285135,-0.7643053,3.762076,3300.0703,381.94504,491.37607,282.31638,159.67744,129.18828,135.70186,105.41312,87.74284,105.336784,98.349594,113.15737,96.27312,61.922577,77.392654,67.23999,88.99047,75.418335,86.57798,104.23573,0.25256774,0.44534513,0.3240865,0.24812542,0.41225284,0.37136236,0.4202664,0.2714695,0.30113974,0.3841904,0.26588744,0.24984697,0.047514,0.12732928,0.0789394,0.06413846,0.12462771,0.081790775,0.13579448,0.053967595,0.07151023,0.114541106,0.055515807,0.066879034,25.981174969659666,15.983244089408382,20.83274872528163,19.799485173057718,21.02864447823158,19.52626981329364,40.65548545245508,30.669563710556808,21.99025994532772,29.027010458767236,15.815944790039431,14.673237047212329,11.09103592051271,9.231906381219062,0.09781082200561146,0.0012812591421238401,123.046875,reggae.00000.wav,reggae
-190.91765,127.40976,-3.7634394,26.71416,-12.804949,23.936832,-8.225953,9.973004,-12.2330675,13.443711,-7.079032,1.6518703,-14.517787,-3.2188597,-10.451735,-3.4889703,-9.745509,-3.9056628,-7.6496854,-3.5429673,2947.3438,779.86285,430.11584,129.60321,125.489395,77.53553,94.771416,114.011925,79.97066,79.08467,76.312744,63.794594,56.756603,72.505066,58.705097,48.829903,52.039,60.236504,62.827374,55.477154,0.39157265,0.50653595,0.2514882,0.18526798,0.22217205,0.44646975,0.39248204,0.3986361,0.5794608,0.30946037,0.2729948,0.23159605,0.081032686,0.11214033,0.037794042,0.03726496,0.031210663,0.09856496,0.11377591,0.06253042,0.12141656,0.058918405,0.09179188,0.04526648,29.541610334305467,17.343161299430626,17.224988205770575,18.480587722923698,19.121922770959504,17.58401769859105,36.00016632881407,37.22017310675963,16.001782177877995,15.259506621156184,10.489184755475812,13.125155861730956,8.716795395155646,13.83540621496169,0.06396144241002322,0.0013568244366650428,151.99908088235293,reggae.00001.wav,reggae
-189.03758,110.847466,2.9524722,48.38527,-6.4148865,20.739729,-12.55073,15.89101,-13.612208,9.429013,-8.036865,8.099243,-10.633535,-2.542347,-4.712573,-1.0250477,-3.2118282,2.6939585,-3.9863687,2.8767805,6338.4976,719.1263,632.314,320.87582,191.8166,243.57614,168.73819,141.37122,130.4299,126.550476,87.71475,89.336494,102.11994,108.47509,61.961452,60.118935,88.16105,93.00577,56.814888,71.91334,0.38425222,0.3756834,0.44579762,0.3491111,0.44443074,0.39800245,0.4717327,0.3646318,0.24933995,0.23229887,0.30473137,0.5221445,0.07533755,0.08931295,0.103339605,0.063257694,0.12663066,0.0849663,0.10969128,0.074002735,0.054509792,0.057010613,0.05347577,0.13253677,26.066836601250728,14.127849443858953,18.75852247147404,17.43696301277117,18.81754745313769,17.515215589789296,38.235209963898946,43.736986872992055,18.862052582442583,22.16305258762622,18.065295552191913,15.503085303268879,9.078868712620611,11.776622093692101,0.07512652984713622,0.0017700443257172966,103.359375,reggae.00002.wav,reggae
-201.14635,104.14866,-15.473289,30.804382,14.2523155,31.42222,-7.8675566,17.963144,-4.0559983,16.943935,-11.217154,12.121105,-5.287185,-0.68669313,-1.3800302,3.932362,-5.861718,1.0428141,-2.9809182,-1.3651696,5464.046,1127.5459,763.67316,314.57922,299.50272,218.18077,225.19055,189.62592,115.015526,100.3291,103.948,94.1251,92.4596,110.92749,79.27359,78.799835,67.494194,67.79214,77.74931,95.74611,0.31082883,0.46444693,0.4206672,0.36220363,0.5141997,0.42493546,0.38030285,0.2760725,0.3403651,0.47971672,0.36656266,0.35581902,0.05447102,0.1066832,0.09713883,0.08648461,0.10962176,0.093352996,0.09903465,0.054233793,0.06939983,0.14185485,0.07550517,0.0804595,26.267283329902703,16.67672129502222,19.927265965710966,19.172285463182366,21.679776637008914,20.132632721582258,37.776392847795606,46.400859743272434,19.044280246359264,28.52390652656636,18.180000974391174,14.582764178869892,16.96234361841432,21.67722896985231,0.08493448263351393,0.004028444727033716,151.99908088235293,reggae.00003.wav,reggae
-175.64171,104.896675,-15.691055,27.549057,-8.112591,24.010681,-10.335524,18.850737,-8.387437,11.847504,-7.5933056,12.554909,-6.044676,2.4995797,1.9082942,7.1437817,-3.3788838,12.449428,-3.3393536,0.7524496,7053.0796,876.36017,559.35547,376.04987,243.9926,198.88867,256.29184,187.12735,184.43822,159.26793,134.66467,126.19909,95.46136,116.09441,84.729454,84.075165,86.9974,93.34956,70.85506,89.506195,0.3542004,0.4860823,0.3320025,0.290547,0.41023085,0.3680569,0.41597146,0.37930304,0.48801315,0.5612694,0.39109445,0.34562424,0.066123426,0.11588879,0.08260132,0.062800094,0.091973506,0.080535166,0.103384025,0.08002714,0.09598415,0.121398866,0.07522182,0.07571646,25.42465869848882,16.33425591585666,20.264318846525132,18.857329217782567,19.578173173889226,18.323391129644904,37.74133388729343,40.261991892293196,21.11481728732749,24.78222902900615,14.159031201521323,20.59199038957464,11.228287357273683,22.619450315353003,0.08446849905669504,0.002419556055708705,123.046875,reggae.00004.wav,reggae
-176.69528,116.83858,-21.32323,38.76649,-5.4716187,26.622395,-8.185519,15.780884,-10.489778,11.041742,-10.061267,9.915604,-3.2601388,2.817187,-2.5358472,-1.4068649,-9.888324,3.077434,-0.2820031,1.9877512,5405.751,809.98865,534.384,244.9002,356.34344,184.95502,187.03287,104.80963,111.69565,118.3161,83.622444,84.71713,87.175766,75.75408,77.40948,86.858734,88.69221,96.5877,90.38513,81.72008,0.46707007,0.37545756,0.40642804,0.4873963,0.3857366,0.3436493,0.35308692,0.48682198,0.25760934,0.2095309,0.28239483,0.32016805,0.12338891,0.08037131,0.085713014,0.11601171,0.09018693,0.10323056,0.081153326,0.13011335,0.045592684,0.042824652,0.0721816,0.06754574,28.22596507762652,15.7076804404118,19.615398303082006,18.4694929114159,18.046702063886148,18.28237355704011,37.358025149799985,35.9035753085077,17.941918950310974,27.996491506148157,18.799518373883753,12.520178703940246,9.104779709349302,14.721200400521411,0.07305095660797213,0.0017266874766795187,151.99908088235293,reggae.00005.wav,reggae
-207.34694,134.66907,-9.072054,38.461567,6.2944055,22.612717,-8.297777,16.307375,-8.460724,4.1607494,-4.3510094,6.347874,-6.9025645,0.95777595,-0.9435607,-2.5334957,-6.1084275,2.4835787,-6.1686316,-4.5849576,5177.5283,1106.4448,724.5683,426.94873,398.196,184.53822,313.8045,151.72473,121.39273,140.07167,110.980804,92.32423,87.68882,63.225872,67.42706,65.30933,65.610435,65.26684,73.36196,42.215233,0.33880365,0.5047713,0.43150425,0.32439256,0.37427518,0.2529695,0.26851928,0.22439773,0.35618928,0.4132645,0.2887767,0.3313309,0.061503302,0.13502184,0.112425946,0.071642414,0.11130867,0.047694355,0.087808445,0.04397669,0.09676955,0.119488105,0.059235983,0.086569026,29.405469707667002,16.809703588826263,20.292862719301976,19.542672949783714,18.697251841026787,17.65551352909963,34.87202548885361,35.06717119853735,17.82464208952733,24.493459247861132,17.21019171553532,14.13921587320161,7.216424991481984,26.736673764391025,0.060822383538119196,0.0026021970071210686,151.99908088235293,reggae.00006.wav,reggae
-192.26953,116.49671,-10.948332,29.89508,-0.6437028,21.415997,-11.890398,18.631174,-13.072376,14.453672,-7.3830023,4.824288,-2.8118994,3.11156,-1.6245098,-2.3962562,-6.515826,-1.4116211,-5.53472,-2.5470498,5026.697,665.6377,725.87744,417.30588,344.1672,142.75006,402.8269,155.68031,159.46503,146.48827,139.20181,107.864746,115.12916,85.841484,72.92777,96.77386,88.4183,58.169445,70.321365,86.01889,0.41210315,0.35843435,0.4703191,0.41286802,0.35298902,0.4779671,0.3472672,0.30343968,0.28608245,0.34972605,0.48087886,0.37992427,0.10836389,0.056947093,0.101948895,0.110057876,0.079244286,0.11158431,0.06594538,0.08447239,0.06568663,0.06952126,0.118077256,0.08083063,26.09845908251366,15.854357837773989,20.76534488121395,19.50877444179288,19.893826955641938,18.506934254929593,37.71965814451727,47.03972303319711,18.715330154815778,23.710760488189536,17.370850313800858,15.119462691023395,7.386528616096305,14.887001957885566,0.07391149562209752,0.0020008182034932953,151.99908088235293,reggae.00007.wav,reggae
-194.59451,118.551735,-6.4070854,40.793236,-3.289793,25.464678,-9.3052635,11.397987,-6.148849,15.34121,-5.1579056,5.756854,-6.2863235,5.8656626,-2.8015068,2.5843725,-4.748822,4.527494,-3.1933517,-0.3205058,5912.831,1137.0883,592.0187,505.11935,322.89804,151.97987,235.21599,163.64426,201.2522,127.72749,105.51151,83.4858,104.72504,106.16495,130.4665,75.74457,80.43241,88.95625,86.59912,103.400375,0.3597657,0.4164679,0.54479086,0.41967618,0.28389063,0.29313746,0.33239514,0.4293962,0.2903607,0.35505247,0.38071027,0.31922573,0.09651104,0.09611144,0.13773268,0.107093975,0.054615755,0.07127958,0.064191744,0.12888809,0.06427492,0.087108515,0.10169167,0.06941689,27.73407059934125,16.699118383426036,20.625180985536222,19.10327451450868,20.41387530776897,19.795545605488723,36.05858638783639,30.220579753078905,24.398819172792255,26.484478164899926,16.81625277939565,15.880878835092142,14.670471137327738,28.986686850136532,0.06947274695239938,0.002113146415206194,95.703125,reggae.00008.wav,reggae
-232.59302,131.23955,2.662842,18.392391,11.315527,22.94038,-10.487954,16.763714,-15.250354,15.54302,-8.380157,8.023414,-3.7811055,3.1112142,-1.4120816,3.2603438,-4.1057906,2.9342406,0.3832841,0.0122085195,6405.6313,1340.2245,611.6503,301.9154,308.69122,255.36789,269.64005,163.4621,171.99954,136.11632,133.04422,99.36785,98.382774,85.03485,69.01025,70.73684,68.82712,52.663773,61.33074,63.023327,0.51711303,0.44506538,0.35605854,0.41752926,0.30412424,0.2789576,0.23927066,0.38553682,0.4820202,0.4087476,0.38554743,0.37587807,0.1166907,0.112043425,0.088077284,0.10661314,0.05567817,0.06984433,0.04382125,0.1046182,0.12694782,0.11126963,0.099797875,0.06355725,24.25569780836381,15.878092865088252,20.283419210502185,18.434792134604656,20.363866250290947,18.58570525253484,36.39314437776816,47.388546272336704,17.32273201371056,25.716757504492502,15.01800553965397,14.749092343830082,7.495556837197007,24.685670393467788,0.06057597535313467,0.00245142212057828,161.4990234375,reggae.00009.wav,reggae
-233.61296,87.49833,-22.208412,52.046257,-8.596837,24.979408,-18.240002,1.8987337,-9.137019,-0.22734655,-17.065609,-3.0177414,-9.790683,-8.786684,-7.723598,-2.1792302,-13.649117,-6.4862905,-9.148552,-12.729436,4995.9644,924.7403,404.55646,344.89804,413.85068,102.611336,329.0045,113.67376,109.35739,85.35749,102.06583,86.1517,86.62273,63.15475,65.2104,69.58192,112.10388,47.256104,75.056816,63.116062,0.3172253,0.2868148,0.3884423,0.2770606,0.23624827,0.17646791,0.20828602,0.38681868,0.30192742,0.32730687,0.2646764,0.3680383,0.10550234,0.07078972,0.13729292,0.06265313,0.08523442,0.04762811,0.046850793,0.13115191,0.06851165,0.1248062,0.057534877,0.121038124,28.898049764666336,20.645641987838555,24.866593052162226,22.31858629471025,22.856363334576837,21.212043230428893,36.717977887518906,26.539220259752494,20.71437515382462,27.043679871579023,15.827754869473779,15.227314407059277,12.12080276271699,32.047597816847414,0.10279038373161764,0.004920190096748177,117.45383522727273,reggae.00010.wav,reggae
-198.6328,102.41358,-10.031449,30.802383,-3.3106058,20.276924,-5.637373,28.09563,-11.512124,18.202066,-7.3657823,12.278468,-4.36051,11.4029665,-3.4694695,2.0161314,-6.987337,1.1139208,-1.4947574,1.9552053,4875.174,522.4442,628.6576,311.7172,246.0623,146.41348,146.81085,113.34518,92.45378,86.27707,77.4715,78.31217,68.75924,67.03013,71.14708,56.781227,72.76118,64.06721,77.49205,67.05251,0.47123235,0.40669647,0.53403884,0.45323107,0.4799988,0.32311106,0.36767337,0.37951872,0.33306867,0.38590375,0.39720452,0.49033624,0.104118265,0.071477085,0.12575126,0.09386336,0.12035576,0.06744472,0.073425904,0.09925953,0.08170445,0.101249956,0.08785796,0.09923148,22.09190984994488,16.002733631415374,19.443462435246207,18.893499251150583,17.882209966507908,17.50127754461824,38.07030407017601,40.133549941300366,17.891515558884333,28.970376578403414,15.59581661108971,11.134289343148417,6.989831233655604,11.568331211453579,0.07032270401993033,0.001467077436048275,123.046875,reggae.00011.wav,reggae
-191.17174,96.340126,-17.656992,24.872456,-0.87806803,26.34468,-12.918912,19.642458,-9.785497,16.977057,-8.600344,11.42141,-8.215002,5.9677954,-1.8638289,5.9602714,-8.060112,3.3991616,-2.631839,-0.7988751,5307.564,987.9443,677.08765,467.31616,361.3629,246.61902,288.03323,219.40877,133.71292,106.62946,113.318535,93.61703,93.104706,100.13702,60.261974,58.812828,63.479847,76.24602,75.94733,58.156086,0.44543457,0.38561106,0.34838328,0.36160737,0.4930685,0.39485243,0.3660377,0.49756035,0.50149333,0.57555425,0.389782,0.3690099,0.0974365,0.07358115,0.076707765,0.07183189,0.09635283,0.09142458,0.070430934,0.093855634,0.076674625,0.12462721,0.06542745,0.06569864,24.437100547872088,14.8120596517777,18.307709851349262,17.97621526265701,18.4859024257597,17.89172075704878,38.636290907361676,50.15058741162,17.979416663539755,22.510308522488227,16.686182333119007,10.025116734165989,7.012063833844013,18.35368609049944,0.1137952302631579,0.007814599342215657,129.19921875,reggae.00012.wav,reggae
-206.49236,122.64486,-0.6156085,29.371662,10.252774,28.223461,-9.921397,13.379462,-8.442613,11.284243,-7.2747073,7.082518,-10.333574,1.9441689,-6.532225,-0.21489099,-7.540655,0.41365632,-1.6585842,-0.16716006,6441.85,926.29065,860.1053,279.3921,326.27896,191.69722,244.84573,153.44482,147.31346,196.87958,128.87154,105.62021,116.2742,90.309044,125.567894,98.86636,96.99053,80.89982,93.8185,121.81487,0.3152131,0.3862231,0.5013999,0.38106337,0.40768483,0.38614902,0.4424034,0.3153112,0.28300384,0.30716938,0.28019926,0.34028983,0.08300908,0.08346997,0.12162768,0.07585973,0.123404525,0.105397165,0.12404697,0.0706171,0.06470956,0.086226776,0.07304532,0.10819065,26.445977698898034,15.835349527488155,19.44019286586316,19.03597856151574,20.27538161342032,19.14318848105377,37.36563338348974,39.76374310559466,19.9492130701493,30.4017941600632,20.20822950442485,15.592172886539649,12.480765466935212,30.163898221806544,0.07054114563177244,0.0035161369907812452,123.046875,reggae.00013.wav,reggae
-209.72826,105.235115,2.5971055,34.90691,15.330765,25.211895,-6.0549407,18.22258,-5.076517,8.924583,-0.99670994,8.245265,-4.022234,4.729955,-1.0536166,3.0564938,-4.5925846,4.248057,-2.1156552,-3.6582186,6723.873,1305.8999,812.7998,404.16937,349.81903,184.15364,292.64426,215.6059,208.91786,126.419266,124.500824,90.63652,96.90529,74.941574,94.30254,66.10898,72.636406,63.187912,50.81003,89.801735,0.41001478,0.335154,0.35355258,0.34619817,0.42625353,0.3285123,0.3048579,0.39081618,0.46842602,0.59312963,0.4121624,0.37080276,0.08822673,0.06352371,0.10176553,0.07391076,0.10688146,0.07216789,0.07072382,0.10740357,0.0957267,0.13193211,0.06988827,0.07824717,18.221634223185063,17.69677997796833,20.53359483733023,19.478416070731498,19.859170984522518,18.599786499612275,36.38126289238671,24.360342895451453,20.38158905823291,34.00802080328289,15.882765089974974,14.073962774514648,9.242476682195715,23.91563980080978,0.06411563648897059,0.0033896526278009657,129.19921875,reggae.00014.wav,reggae
-157.72598,109.83527,8.463048,41.79172,5.113608,25.760815,-12.964588,22.066961,-15.514671,14.372681,-11.921099,11.602116,-10.626171,4.125749,-4.0515113,3.4704802,-8.407583,1.7806472,-5.242628,-1.4668231,3860.7454,844.6691,520.17633,275.53348,201.62665,193.75641,187.70184,122.34866,124.90472,134.01773,79.519905,85.49169,73.09282,71.6504,80.44848,67.857765,58.295025,54.820686,56.089504,79.791916,0.32888225,0.34555647,0.447207,0.41850626,0.32902002,0.41487333,0.30913547,0.32116053,0.28525373,0.3016256,0.44830123,0.3541204,0.08245287,0.079623826,0.12508366,0.11469759,0.061427478,0.11690128,0.0661813,0.10039336,0.067584746,0.06440711,0.13468607,0.085952036,18.809108135682393,16.55148876594921,19.533937101266513,18.83704392361417,18.623898583096878,17.755161864645746,40.58906519330713,14.508820250197116,18.652771620534583,21.863504311784894,15.734129297167398,10.660554115529882,7.7530979182533475,16.406974100252413,0.06821916420762383,0.001857004384639881,129.19921875,reggae.00015.wav,reggae
-76.048325,101.127174,-11.631933,46.232918,-11.2169285,31.394114,-9.462058,22.460752,-16.815596,15.975832,-9.508244,11.812327,-7.8450184,9.720803,-7.2474904,6.17486,-8.610062,8.070505,-5.5852027,3.7330098,3793.233,306.22214,429.4097,136.16992,77.30455,75.72943,84.99967,55.070263,56.25272,61.96326,53.747334,52.267952,46.356407,37.23562,39.008904,41.44,56.812572,65.83379,59.11087,48.031017,0.47217742,0.48104635,0.510152,0.38702178,0.4097581,0.3633505,0.4198075,0.2889252,0.32970363,0.3749748,0.39419925,0.60313547,0.07844477,0.07579767,0.10171439,0.05747276,0.09448399,0.05738139,0.085460134,0.047667507,0.05415766,0.06690526,0.049091928,0.12059931,20.834522290665255,15.955142120129562,18.42696547796931,18.543255186291848,18.650751681228527,17.75982145802978,42.04420957796353,19.1170376849864,16.26104225297063,20.630714342592714,13.97070111054137,11.45997421979786,8.394098914473057,11.783866291073469,0.07927087364551083,0.0012877830145799612,143.5546875,reggae.00016.wav,reggae
-154.8781,110.041916,-18.444855,36.644333,0.52315867,31.586283,-10.428807,18.810907,-7.1827836,13.130121,-5.251168,8.890394,-6.71836,6.009432,-2.8002794,3.6374125,-2.2208931,5.30364,-6.5800447,-2.9349852,4668.6978,1397.8002,606.4343,343.26657,426.63425,188.66016,322.3775,136.01717,223.97826,134.46317,129.17128,88.66683,120.849655,98.171364,83.040245,64.115105,99.160645,63.8337,62.516823,67.36729,0.4119343,0.4435756,0.36654538,0.30407175,0.41278914,0.3566116,0.4717172,0.41038737,0.46190706,0.5120477,0.46254233,0.49729764,0.08895445,0.08548299,0.07221831,0.046997838,0.107324794,0.07055879,0.108575106,0.08649539,0.08503204,0.109307945,0.083889276,0.11639848,18.899943671254896,15.589995622450983,20.031956374312358,19.002347096270988,21.102980046029607,18.309359152911526,38.71650352010311,16.302326322391302,19.4404425812284,30.265525890016033,19.86634810419079,16.199422516811822,13.081691563246302,17.99527862336579,0.07796513702109133,0.003551648591336436,129.19921875,reggae.00017.wav,reggae
-170.9219,107.74946,-1.7545521,46.44016,-0.19604658,24.946035,-10.681297,18.073284,-10.796638,11.152105,-7.252453,6.2031083,-6.4640956,2.0463722,-2.440874,2.557906,-4.042342,0.79381174,-3.7560382,-1.6679438,5138.257,971.0562,544.1368,229.02852,344.66513,187.1034,199.84038,119.613464,165.70242,112.33983,117.20114,91.9872,98.42597,85.095764,62.53928,57.513184,48.51706,51.62072,60.020794,39.9849,0.41509655,0.36234692,0.4175528,0.39491192,0.441751,0.41198513,0.31761557,0.31300643,0.33285874,0.52951473,0.42128533,0.3771118,0.09063873,0.06198266,0.11476541,0.094367005,0.100030445,0.10213372,0.059661712,0.06309064,0.06235594,0.13614285,0.08367284,0.077827096,17.53235374615977,14.907016304348351,18.58960637115295,16.473974211013783,17.691109252203837,16.808345007966924,38.61785955068216,21.268020271720243,16.9697270075167,25.348764753997965,14.037118485428447,12.541537584870655,9.046181639247163,20.606689127356777,0.07739862495162539,0.0034174215686316807,151.99908088235293,reggae.00018.wav,reggae
-184.51595,106.18037,4.0202484,38.737698,8.408315,30.45933,-3.3555884,20.299545,-1.5513798,15.922177,-6.5210133,13.197271,-1.7158338,6.852844,-3.2387495,1.8637657,-6.049035,3.5135028,-7.414122,-1.743458,8489.426,1201.0052,809.97107,275.97827,554.90247,152.98732,379.41238,129.99779,166.26538,96.034744,103.51579,88.11776,107.04082,131.56047,74.53552,67.6904,70.94598,58.165573,83.31085,59.844982,0.44407317,0.48680803,0.38907334,0.28382128,0.29641464,0.38433456,0.32904482,0.3105533,0.393507,0.4124047,0.4929628,0.5036235,0.10056638,0.115045756,0.09430394,0.073748186,0.07543745,0.10824163,0.072286725,0.076030985,0.09168779,0.10518693,0.11533064,0.121902734,18.839564239202165,17.059418857034007,20.147005720191974,20.377272747867803,20.955889925573096,18.57545850487547,38.56273404969472,18.2374733897376,26.281811482257535,36.66416370314166,24.055805943863636,21.787918257075482,11.136772267959207,24.621363985224512,0.07129926651993033,0.00415395185226968,143.5546875,reggae.00019.wav,reggae
-177.68387,113.61754,2.3168921,35.842815,1.5947576,34.69798,-8.75585,16.296055,-9.33526,14.175699,-2.0734396,13.142421,-7.2475615,3.5860155,-0.5792335,4.835953,-3.5922883,3.7729363,-4.3120465,-1.1142004,6035.4326,827.61725,497.04556,336.6618,261.4407,152.70811,263.14462,168.04622,180.03886,125.398605,150.91554,131.50066,128.30832,90.508896,75.43759,79.6848,105.26412,55.862743,89.65916,62.65527,0.33245572,0.33444002,0.5401888,0.43444002,0.41757613,0.3307753,0.34420076,0.39415053,0.31446603,0.31715533,0.3038045,0.38755226,0.07477331,0.056407627,0.1375833,0.09181296,0.11102596,0.0806618,0.07544319,0.12763529,0.07965505,0.07706231,0.06604131,0.109512225,20.137751373784972,16.513079369344382,21.637776930329153,20.101804447409894,20.2235104462299,17.897922628043823,38.336624901831755,22.615236056983235,21.885244080649255,28.2855724586697,15.958144921026099,19.52594624158795,9.963817823195116,20.859632053426587,0.05678045786571207,0.0022942990415693583,129.19921875,reggae.00020.wav,reggae
-88.0909,109.416725,-25.173023,40.403038,-8.781224,24.709513,-11.537566,18.499166,-8.2953205,17.03021,-8.444006,9.80278,-12.90077,1.572021,-10.528803,-0.43553227,-7.793019,3.4446898,-4.9788017,0.058966916,1520.6317,442.8389,313.87198,153.62999,135.50725,148.80424,148.16765,76.86923,79.95835,63.75436,74.39708,50.21383,53.935516,54.83079,46.300117,44.832462,46.973263,42.779846,70.17063,55.948082,0.38086504,0.35730374,0.4653241,0.38278922,0.40719062,0.39690486,0.43957236,0.49959472,0.36837268,0.3574076,0.28410387,0.3410274,0.0935204,0.070370845,0.11161213,0.07432383,0.10052416,0.0851356,0.083613925,0.11961076,0.06068257,0.083645515,0.04945716,0.06913205,15.632467648497514,15.372052333591093,17.262254496764747,17.55953146108891,17.503115809084097,17.590929426713313,40.530770572147624,20.378736234742732,13.445183052365666,19.925970057299402,12.721655434175261,9.013573608041806,6.608579146460269,8.872403200501061,0.09286754123935759,0.0015922354861327935,151.99908088235293,reggae.00021.wav,reggae
-91.33977,98.830605,-23.198654,46.879734,-6.857408,29.266338,-9.967306,25.659388,-10.211893,19.611229,-8.21838,13.407227,-6.499761,14.019779,0.41123486,12.5813265,0.34520668,10.107013,-0.43188742,1.2852147,3052.4136,470.57507,330.18002,230.40208,111.681335,124.32563,114.94576,74.32169,71.60836,91.944786,73.26385,51.04516,66.43961,43.76853,69.603676,33.866074,52.351128,37.82226,47.973377,61.252254,0.45943525,0.5348799,0.46977636,0.41539383,0.4531927,0.40312552,0.38558644,0.37312552,0.45663357,0.55504954,0.47124097,0.4876884,0.084956884,0.10221665,0.08530855,0.076620236,0.08685036,0.07976141,0.08457518,0.07196255,0.08290694,0.10599286,0.07083151,0.09037288,19.81113053381213,15.425523409633247,18.470230625344218,17.896231645367084,18.044246773215885,17.08436346098138,41.524014558142824,18.508205739456873,20.19456225657603,21.46262896749505,13.629634068618211,10.186426412576221,6.521599207649239,9.084559794151891,0.0723423441128096,0.0012741747848185158,151.99908088235293,reggae.00022.wav,reggae
-161.81602,78.712814,-19.275562,55.11339,13.201412,30.957823,-7.0246754,24.269943,-12.8338585,21.512705,-13.528581,12.772058,-7.4467325,12.766994,-3.334874,9.13467,-7.7527347,0.64107597,-4.0955224,0.50137216,4910.242,943.8563,383.02814,256.44485,209.579,149.57292,176.93771,99.95895,142.08804,124.445854,80.12778,62.026115,67.61982,64.24574,57.00364,55.96866,54.40942,61.942566,66.30709,110.07683,0.31991732,0.36487323,0.41507095,0.49915853,0.3587309,0.37993684,0.45269403,0.40035036,0.45421064,0.50831723,0.5626213,0.42584828,0.05265675,0.07327175,0.08366025,0.12196298,0.058095228,0.06545799,0.09523422,0.07159261,0.10338913,0.09825894,0.11119088,0.081192486,18.709546261640703,14.709525586047231,18.00901603048049,18.593527925837343,18.297662541585343,18.539180425674697,40.57819101036522,18.932711584240604,17.844347316806125,18.305759658652747,15.32033590598372,9.097478377434257,11.831332233029668,12.676634234897254,0.1202902779121517,0.00830331041420998,129.19921875,reggae.00023.wav,reggae
-169.24367,110.447716,-8.553957,43.898693,0.26645383,26.646511,-14.365674,13.026835,-11.142897,8.144701,-7.6902556,10.90997,-8.172387,2.8046381,-6.414233,1.1023637,-4.2614355,4.327076,-3.458248,1.2084929,5892.2754,1216.1189,494.52817,327.90848,245.68036,143.96002,260.01108,129.75273,166.57266,120.08681,103.0781,78.17601,92.20028,91.219284,73.63525,72.996735,107.88932,116.87304,85.00277,89.0262,0.4121894,0.33338806,0.38963604,0.37034887,0.3089369,0.38676327,0.2883259,0.3293348,0.24285896,0.29751685,0.4228138,0.40194538,0.11984067,0.07888411,0.11198215,0.104681574,0.08007992,0.1295783,0.06927233,0.113951996,0.049653545,0.075944945,0.11375149,0.08833388,19.96587006671645,17.05283596764842,21.116835174757767,19.30740723035748,20.557111804339808,18.603701227327768,38.321538003326104,30.922165199957345,19.62245422961338,28.63768891001177,18.47671599122649,19.142055629189414,12.3860544168892,24.083902624530726,0.0721775680872678,0.0026739996248447036,135.99917763157896,reggae.00024.wav,reggae
-177.34091,110.98353,-15.655527,36.77763,0.06121845,24.468962,-3.7678869,18.426622,-3.3727517,13.775833,-2.1070578,8.59365,-5.94512,2.9016984,-5.276312,-3.0622094,-6.2044888,2.0515823,-0.99100924,2.301355,8154.2554,1003.61487,997.0053,300.92767,362.7771,185.86668,265.25726,184.68468,205.58098,106.41623,92.31209,95.15796,105.53867,77.42586,86.96373,92.67862,80.732635,84.24605,62.08373,97.51028,0.36456656,0.29946315,0.41703552,0.36632785,0.44431922,0.38189575,0.32423502,0.42623988,0.36651635,0.33390382,0.27150863,0.35385787,0.11152316,0.062145848,0.1164155,0.07738655,0.11712376,0.10816841,0.065463476,0.12241329,0.08677406,0.100859754,0.062152095,0.09238723,20.63473916094894,17.651567949713062,21.069426102135978,19.98077606048744,20.40948956891656,18.67207355844673,37.14229443046339,23.22009722626589,22.10153186088227,30.21537726196149,20.756186823678696,17.082900778357498,12.80281870631555,26.932135736076084,0.07374974300986842,0.002631651171745181,123.046875,reggae.00025.wav,reggae
-171.67456,99.35704,-8.266291,49.604023,1.0877639,31.122862,-7.1348906,15.8882,-1.36541,12.733199,-5.1999,11.8099785,-5.3254657,3.1670113,-6.69428,0.026681753,-7.726803,6.6970096,-3.7591054,-1.7928301,7372.788,923.8247,647.01013,394.1961,383.25034,184.11223,222.53577,137.04022,182.84381,149.97978,122.85896,106.56015,101.619606,101.70823,77.30268,71.28984,131.8452,120.02928,90.64715,99.981155,0.39167652,0.38565716,0.41640258,0.37030065,0.47363645,0.42309338,0.46514657,0.40625298,0.296951,0.31331828,0.361783,0.52836615,0.0934661,0.08414375,0.103372134,0.06771559,0.11726273,0.09913875,0.099215105,0.10052273,0.059496615,0.08296774,0.08091062,0.13465959,19.604322335612693,15.965519729986793,20.352433183177688,20.018998350779587,20.812171016077013,19.395993192753192,38.18089394182376,28.226526856798678,19.552804586046527,33.34536396672002,21.189077806748507,18.065486371383795,12.987191621654615,23.76968725952971,0.07455850607101393,0.002281225033483701,135.99917763157896,reggae.00026.wav,reggae
-177.61339,89.9523,4.605283,40.16279,0.16708143,23.182535,-9.905035,12.762709,-7.308214,18.732483,-5.735256,6.114346,-9.921317,0.27476904,-8.231639,3.866412,-6.8660936,2.1783082,-2.3552928,1.8247569,6927.8467,1014.62134,742.85565,536.4671,313.1948,195.21587,232.57816,148.77686,142.57214,132.88298,128.14873,117.39994,102.70162,102.35534,87.77984,82.453316,80.79463,53.777756,82.992874,61.62843,0.47791827,0.39063987,0.35972,0.33080396,0.45201072,0.45793563,0.38987932,0.46297917,0.37913513,0.3475275,0.35001555,0.4462432,0.122595936,0.088121906,0.08837876,0.06983908,0.11664317,0.12873952,0.085665785,0.11400156,0.07819958,0.093178295,0.07942105,0.10447392,18.811068849908,15.833284262438976,19.73396267515801,18.702380291285273,18.80012168186101,17.679704626443282,38.795379402305024,20.731902636702955,18.873660900860603,29.170833519502505,18.453886943082775,14.38499366231761,9.467726742085565,16.265762145411934,0.08737815644349846,0.005646305709749067,135.99917763157896,reggae.00027.wav,reggae
-256.31827,104.26258,-7.273195,56.246433,11.097317,27.300398,5.819085,17.783636,-1.2736737,14.663482,-3.4646602,10.868228,-2.4614918,1.5637313,-3.7310221,-1.3596017,-4.2055964,1.3962828,-0.27640563,-1.6045073,9065.585,1178.0743,983.24854,259.8515,685.9218,187.19806,178.97649,96.73435,109.095345,88.25787,74.74271,52.424088,66.85431,45.553043,56.125175,40.206383,39.068382,43.5688,46.642776,47.840603,0.4334711,0.5000924,0.4530968,0.50502557,0.4726715,0.4693229,0.47347096,0.5165932,0.65002537,0.5153452,0.46347168,0.39506787,0.10004375,0.12034793,0.060732804,0.070301786,0.0748302,0.08700699,0.06945502,0.054391984,0.099031545,0.07040197,0.08851642,0.0870157,27.90865016142164,16.298171667980913,17.188031122369427,16.79585864367319,16.560227573632226,17.83253829192805,33.87124782621917,39.138816927343036,20.321479133369238,23.332600061163376,19.306781531190328,8.672328955613384,8.222645110477693,25.368614613966468,0.06783783620356038,0.004068168694425284,151.99908088235293,reggae.00028.wav,reggae
-202.0222,111.094864,8.876879,51.82644,1.2931867,30.043192,-4.50889,22.452715,-7.146487,11.500771,-4.760858,10.600747,-2.6392035,9.013605,-4.359338,-0.04145135,-4.3263583,0.65347505,-3.7452366,-6.1954627,6028.966,403.04086,962.92773,133.52147,199.03722,100.58399,104.38626,96.30068,72.46946,94.45241,59.791275,61.68028,50.694164,48.377884,29.875345,41.534336,35.209904,35.483253,29.712631,33.768753,0.63939667,0.461194,0.34296638,0.32373604,0.38663048,0.55322725,0.532133,0.46310955,0.31643307,0.27756998,0.3727089,0.477805,0.1499322,0.08270353,0.05656866,0.058161113,0.0770047,0.1279193,0.062994815,0.06842288,0.04733038,0.053626962,0.06658451,0.07967885,29.421007924021605,15.395210783964195,16.469642389816272,15.70865159779699,16.41837671725995,15.789904237242226,37.18526746873143,29.693547758590352,20.429448491706538,18.95547717940529,13.069265381132615,10.094103035979302,5.253202686007999,11.231661837974782,0.04367887420181889,0.0005439764031920186,151.99908088235293,reggae.00029.wav,reggae
-239.17885,98.96217,19.201752,50.7939,2.8389912,32.244686,-1.5015264,16.732338,-7.452125,16.71691,1.4970632,16.056482,2.802704,5.937705,-6.308285,-1.0379018,-6.3440433,2.1457453,-6.640424,-5.261345,7829.296,1209.1382,959.37946,331.0664,470.7293,125.20172,226.43324,75.92367,87.89629,106.9807,56.303455,89.422066,73.07031,50.210358,48.181465,82.71897,37.450294,41.846428,34.09279,40.348427,0.40747216,0.55076224,0.6696822,0.62483454,0.55645925,0.39994705,0.37596807,0.41683847,0.4726727,0.5537635,0.4280485,0.39524165,0.068698905,0.083940364,0.10362833,0.0549349,0.08461212,0.06388788,0.06812591,0.09858263,0.06232333,0.0795514,0.058073025,0.071710534,28.22083765879919,16.01952904998656,15.683901858137299,16.723783132665314,17.07210991061395,15.736339452341896,35.8998340932353,37.43272052773045,26.65947007600918,17.840444193130033,16.137727777504786,8.796043560025122,7.082343833041057,21.58188558444208,0.07047840980553406,0.004835565731462554,151.99908088235293,reggae.00030.wav,reggae
-226.41882,103.35993,0.16650201,43.973858,10.65059,35.21007,8.444858,21.145638,-3.2926626,15.537871,-3.0108566,11.102893,1.777282,10.621122,-5.7564626,-0.9837618,-4.13233,0.659414,-3.7918532,-0.5790857,8541.488,654.0428,990.35034,353.57434,520.4531,275.14154,196.99313,100.82715,144.36418,95.87732,88.17104,90.66098,64.21493,50.564636,68.8693,73.87423,49.957344,50.325565,40.95569,35.578773,0.6486738,0.521039,0.5430953,0.39716643,0.41564837,0.39669555,0.50393206,0.6018518,0.44011006,0.38495767,0.3985359,0.63332456,0.112940915,0.048123084,0.07313354,0.048302636,0.08716434,0.06474263,0.071176395,0.09268367,0.07521024,0.05770429,0.05479065,0.10251741,27.5919139765215,17.390298977411653,18.862354159369914,18.021842374491598,18.65537249126984,17.34624747791661,35.505891803612236,30.585035796268542,23.399697325524563,22.48763020501945,15.94654337964742,19.857643287749628,10.41557185039638,18.928695334534176,0.05862247242647059,0.0016100808063549458,161.4990234375,reggae.00031.wav,reggae
-243.80943,123.347595,-15.57089,38.883972,6.487192,25.511738,3.0363429,17.175442,-0.2126944,8.983332,-2.4875262,6.7616143,-3.4531975,3.2560692,-3.4338758,-0.4797554,-2.5348237,-1.862335,-4.9655204,-2.7182348,4798.928,766.79364,955.6005,497.00528,317.2211,163.38603,138.00803,85.64848,86.95581,82.49235,55.829735,59.842632,50.0371,43.542377,36.076427,41.87721,31.124168,34.107224,25.399862,27.427704,0.43029585,0.43727604,0.6469225,0.476751,0.49253136,0.52236015,0.41901967,0.4257042,0.4895647,0.61109763,0.5006532,0.39137116,0.06539063,0.06053872,0.12101596,0.055309407,0.081940256,0.102136195,0.071009435,0.08542036,0.066904314,0.08386195,0.08918541,0.063546926,27.624102280475952,16.023610493532953,15.971708800876648,15.499976774411493,17.566462554168872,17.52475506870661,32.978460971081944,39.94009393883942,22.267701776695354,16.85005532823721,10.085865685553232,7.761293483923449,8.141784910903707,20.843995974582345,0.0658639252370356,0.0014684128636916391,151.99908088235293,reggae.00032.wav,reggae
-249.42773,111.49365,11.282426,41.328266,-2.88513,34.554276,0.42364576,22.346,-9.966396,10.2083845,-2.8217611,8.728782,-1.4477806,2.2692573,-3.8882215,-1.854962,-0.84235734,-0.9373944,-3.1697903,-4.3267784,6459.254,814.8718,1415.7521,302.91733,297.23782,228.82845,208.66951,107.46327,98.81406,133.6205,63.20759,71.18795,43.336056,46.438744,37.921787,35.22513,37.42478,41.807114,58.015575,34.435425,0.42623797,0.42048347,0.49540725,0.6315099,0.5036258,0.43656301,0.3274916,0.42303628,0.4201081,0.37616792,0.4825882,0.4174432,0.10742823,0.07871133,0.05689854,0.12342512,0.073143736,0.07515328,0.048698083,0.09669597,0.09618311,0.082401074,0.087456845,0.077524856,28.823308202398444,15.180970036638943,16.895858554934897,16.027419485737255,16.995827853848727,17.049906748662774,36.32859786498705,43.89982611347692,23.24000855472513,18.66730746770554,18.85824294902233,15.859216075790542,8.684311220578213,10.77238457158312,0.059147790489551086,0.003722880013321846,117.45383522727273,reggae.00033.wav,reggae
-238.86949,132.32365,-0.1248904,41.233845,2.4230204,19.0934,7.968853,19.944677,-0.6315844,11.098161,-1.7195421,9.940314,3.0247061,2.2102933,-7.8496413,-3.985692,-4.9199595,-2.1506598,-2.4111888,0.05068013,5880.1733,797.2956,579.8062,239.53696,250.96391,240.36955,197.4099,93.95168,102.06843,124.49336,75.37704,73.01335,65.903725,91.5748,75.89032,46.867527,36.778503,44.246243,49.169292,50.767715,0.54764956,0.4599873,0.5593905,0.54388183,0.47650915,0.49768132,0.46996233,0.53992736,0.46369883,0.3492874,0.32424465,0.41480282,0.10945378,0.06238008,0.09515105,0.07190492,0.075569876,0.113655455,0.069947116,0.09593911,0.092558466,0.057715908,0.05747669,0.09377862,28.060873670738975,16.22698093229954,17.652443074017892,17.82800430101932,17.833935939041268,17.956009609310456,33.06200651075491,33.49178101637179,18.368187223098637,20.366711581403734,13.894937799324007,12.14398411724546,10.980888752967118,23.92423505140071,0.04461386476876935,0.0008099918568397912,184.5703125,reggae.00034.wav,reggae
-223.36678,114.212555,-4.424649,40.187866,-5.0985384,24.676882,0.7235718,17.049505,-2.3657625,11.154623,-3.0846276,6.1297007,-5.687176,3.5125518,-5.4818797,0.031668413,-4.8445797,-0.70038456,-3.639368,-2.805782,6421.8384,706.2781,586.84064,307.06854,310.35294,251.35255,209.53928,130.6672,108.35592,75.689896,77.79072,57.85449,51.676388,52.125954,52.2392,37.7052,38.930843,34.815178,32.710724,36.95925,0.49243614,0.551667,0.7256729,0.46037084,0.3831376,0.45912525,0.45822257,0.4479669,0.34098276,0.39410338,0.3772677,0.4115271,0.08648544,0.053398795,0.098900564,0.052546628,0.059357256,0.09477125,0.09643602,0.10010382,0.054160822,0.05782177,0.07687453,0.10020909,27.618626095800767,15.269301054433482,16.324886154516612,16.24344025960016,16.976712097866937,16.204299787380865,34.52532020322693,43.881892317036986,20.656431762393183,15.682432883996746,13.49411665867441,9.633811929690829,6.348196866498022,19.527530529051113,0.061317467468072755,0.0018029613584352282,107.666015625,reggae.00035.wav,reggae
-236.62389,91.68299,1.8581237,45.465084,1.2693517,32.259144,9.054458,19.607553,-5.0637455,10.95754,-4.0131874,7.5379105,-0.3325838,5.808463,-1.8194476,5.3802843,0.2831557,5.020354,-0.3373816,-0.8484342,5501.9224,705.26483,606.3035,194.90756,265.01172,228.2188,295.82782,198.24051,111.85872,159.13733,89.090904,102.08627,112.332565,76.62273,77.49564,69.921684,82.56692,57.173954,74.1765,63.500664,0.47720063,0.51985127,0.38769582,0.3120038,0.34870934,0.43234178,0.69650507,0.4992287,0.34707516,0.42366958,0.33120254,0.4390274,0.11169716,0.108056106,0.08777119,0.06847906,0.06962624,0.052760243,0.10218203,0.072062664,0.03630656,0.08588564,0.061566956,0.14237562,27.47827577611743,18.486970907636785,19.834625497834907,17.73384358326766,17.857649847454795,17.55962816696564,36.38402660190621,37.23525854740179,24.939376608255778,26.103567694415908,12.829417634979322,11.553385628822289,6.064224584043713,14.355660009702866,0.05923924874226006,0.002021555940382908,86.1328125,reggae.00036.wav,reggae
-242.5513,98.308784,-3.8207767,46.032425,3.286847,29.200768,8.863108,26.982607,4.7228484,13.119676,-0.6375586,12.055012,3.00419,10.169963,-3.266688,2.0364733,-3.5446403,0.9496666,-6.313107,-2.8599463,10494.38,592.5399,794.8513,299.32025,465.70657,188.15059,187.63885,182.52171,122.48549,123.68905,97.75506,92.11834,79.61933,73.64922,42.51788,64.4892,36.768635,48.04726,38.658188,41.082848,0.52449805,0.51575476,0.5782681,0.53384835,0.51799977,0.42752632,0.42910767,0.46869317,0.5621075,0.5804928,0.5396137,0.53494203,0.09674358,0.07641196,0.10761012,0.063549995,0.08097396,0.06434686,0.07109903,0.07326946,0.09128757,0.09323271,0.08308151,0.09309631,26.41450454280452,15.288414410363966,15.903711207747817,15.972613591814127,17.113994890303616,16.41690181769052,34.29648313487634,37.010776183040335,25.108915586583162,21.93722850477286,17.40870408035351,9.8340958693976,5.728151489704991,22.456105155777927,0.06328759916795666,0.0027105547144590124,151.99908088235293,reggae.00037.wav,reggae
-240.0093,108.75552,-8.202256,32.197624,-8.81615,18.640667,-4.7014017,15.518407,-3.7182035,14.536973,-4.792446,6.403633,-2.9500246,2.4401069,-7.1109586,-0.15518782,-3.1421595,-1.5445276,-3.7374158,-0.81486213,8283.209,657.395,1170.8739,242.6964,226.74495,241.58044,210.6918,201.81822,152.11465,198.00124,168.821,200.38278,125.53272,122.501816,92.9135,83.63441,62.786903,60.919796,72.13784,99.57918,0.24536386,0.2608428,0.2672425,0.3540262,0.47562695,0.44919556,0.52753437,0.5043574,0.49264133,0.34415478,0.26201,0.30307916,0.080436885,0.08372337,0.08531537,0.08640083,0.12514979,0.08660796,0.09443974,0.10156232,0.1305684,0.09189158,0.057935756,0.09540335,30.23427714845525,16.688138449491767,18.765206219515292,18.894720970220163,18.775655272850894,18.807576590250928,35.55664825758877,53.49530089219535,25.598529700103448,23.824731525368165,19.94718770709898,14.147786878118163,8.486130272512131,18.017649025582273,0.0655547812258127,0.0026258514762412645,95.703125,reggae.00038.wav,reggae
-300.35504,99.25266,52.999855,43.226738,18.883024,24.848497,-7.955613,22.175869,1.7826729,24.79426,8.393651,20.713451,2.804007,9.560833,1.1138258,5.903201,1.1138865,4.1829386,-2.2141101,-2.0283017,11897.883,1087.7943,2220.2366,502.0088,338.7841,198.29865,187.49048,109.696205,71.19911,86.27068,79.49295,80.06479,61.605717,41.591927,74.442444,51.48301,51.263725,28.051996,52.179943,50.373783,0.5469625,0.594152,0.506084,0.49199334,0.46770942,0.4807042,0.527021,0.52214235,0.48729944,0.51722157,0.45575517,0.49193278,0.10816128,0.08671634,0.07490756,0.0847317,0.07421926,0.10836271,0.10805228,0.10233606,0.07008383,0.09889319,0.08057901,0.10360466,25.78036151014988,17.15988239094502,20.76642689062313,18.306301434492056,17.739285586551564,16.74920627795495,35.48626132330478,26.330049556566316,27.741401828077482,39.464378566041425,37.663898122928856,21.328104773850427,9.079302444815227,16.5683758935256,0.02594957853618421,0.0003531174641664047,151.99908088235293,reggae.00039.wav,reggae
-296.0808,93.19381,-31.427439,29.488937,-18.94015,1.9491981,-19.49847,-6.2451177,-24.019806,-7.0987687,-14.191153,3.2708812,-10.612779,-2.7966268,-10.806494,-6.70871,-8.496008,-3.1317625,-7.0599756,-4.760056,14092.768,1568.0212,626.15063,902.8752,355.8987,354.5429,299.09174,208.15973,141.90854,115.921776,211.8848,201.78378,231.00082,102.35954,89.64061,88.714615,49.90775,60.688335,81.68113,72.65127,0.19715993,0.2787945,0.3551703,0.36625257,0.3379473,0.32203266,0.39786512,0.39706704,0.19400194,0.2714396,0.25642186,0.25723287,0.048429996,0.08040637,0.09670022,0.10592454,0.10207531,0.10841029,0.12163962,0.12871964,0.032399304,0.09811247,0.068429515,0.09425483,22.713585890661264,18.35175331270264,20.229384915482107,18.699960136295044,18.364375242263353,18.711735175123373,32.28459005010973,57.404803999115686,33.919724014272234,25.575032821451305,16.160113375580018,10.32191475666447,6.970265281044622,46.77402915963292,0.10104549632352941,0.007552666104875438,92.28515625,reggae.00040.wav,reggae
-177.2906,89.63707,9.614038,65.46783,-1.0167575,15.514672,8.010461,16.342636,0.26795134,2.644518,2.8961604,0.6422157,2.5766914,2.810242,-0.45532736,2.526275,-1.407092,-1.6532326,1.2065383,-1.8943056,4859.4785,1031.6376,730.44824,303.28796,327.13385,223.0336,131.10721,95.58321,89.34226,113.185684,92.15672,66.30506,68.10203,77.18638,51.932407,49.31742,81.57124,53.038204,56.83905,54.35536,0.3932467,0.3258772,0.35230985,0.29909927,0.3155019,0.41393802,0.28341812,0.25941804,0.30959234,0.44870624,0.6393035,0.44285533,0.09885456,0.07281252,0.09130103,0.068305425,0.0697404,0.12610014,0.05400043,0.04080631,0.06487333,0.089344464,0.1343581,0.07287371,25.265304414399054,17.938096197278742,21.156641490903507,19.337573307617024,18.70214348626313,17.89647670267037,17.821616794408182,25.078146481791766,18.942068722581023,26.086655157914034,16.88680715297402,11.475718874996712,8.72024122138108,5.3737530923198635,0.05904763992356811,0.0014192272986711134,143.5546875,reggae.00041.wav,reggae
-174.81073,79.29305,-24.333021,17.978056,24.470284,15.726947,7.472576,4.2259116,3.917073,4.8066626,2.7606575,1.7235028,-2.3440123,-1.6011024,-4.455369,-0.3727379,-2.4354048,1.4890796,-0.32870972,-3.6642168,3921.2354,613.27924,780.8497,357.41666,260.70282,126.45507,161.21411,97.673584,92.22879,92.78958,85.68335,67.1424,80.22053,69.57068,65.17249,80.08823,77.88073,58.116486,40.790863,53.790222,0.460869,0.46764097,0.4844,0.41102514,0.4280319,0.3134214,0.43816575,0.46306226,0.41529828,0.5072865,0.40025732,0.41146535,0.111282304,0.082539745,0.09916223,0.06560394,0.07962886,0.05008094,0.091365136,0.08995742,0.06969616,0.09511016,0.05852495,0.084090166,20.754870066063038,15.806873871168444,18.928241337844398,19.136260731206416,19.476541666877864,18.677238696720664,15.350763179972638,15.808078438779827,21.15265443205474,20.966057213355977,14.684743623481959,8.672654748093567,10.22352874536726,2.4530522952404707,0.10571062306501548,0.003307843535333267,123.046875,reggae.00042.wav,reggae
-164.68896,142.69797,-41.473988,41.23485,16.18847,-5.5709586,7.642461,5.6203566,0.80288535,-10.477527,-2.3480628,-0.49498355,-3.0664117,-0.61336815,1.1345507,0.72807527,1.0431116,1.9845235,3.4986024,5.307884,3402.978,377.7202,324.02435,102.54534,245.16563,132.31793,65.152916,72.752625,54.51516,76.46987,76.23952,55.07213,51.35837,52.276806,56.01241,52.939796,48.289173,51.789783,53.82242,59.135605,0.6158989,0.24773192,0.22496702,0.26721162,0.49285793,0.43105432,0.32673198,0.485375,0.22725347,0.22255076,0.14151226,0.3341931,0.12683123,0.027158996,0.041840285,0.040719625,0.101178996,0.1262705,0.038361978,0.12475873,0.031129243,0.067731015,0.021741776,0.05466444,24.187019378527456,15.973550822177781,20.066393841867743,19.527063707752472,19.414003923017077,21.784442915001456,15.399846840046642,28.281927153095232,17.842704321232254,21.85423755154668,12.90849720029417,9.089633336816174,14.631926393400795,3.993712402310309,0.07602637323432662,0.0011340184615433035,151.99908088235293,reggae.00043.wav,reggae
-104.24897,83.94451,18.881548,28.945412,10.63566,9.320364,9.311715,6.5240045,3.0084589,2.4963021,2.7950141,-0.20271987,3.1010103,-2.213516,-1.7472101,-1.5308084,-0.26908633,-0.9262979,-0.93775654,-3.5272477,3829.7976,765.47064,493.11948,282.2883,168.49562,162.9812,159.81676,128.90587,104.26529,104.30338,60.575787,56.50899,40.358105,37.064007,45.531773,41.026814,29.578203,32.907646,39.82188,32.205635,0.42046934,0.39634278,0.50572556,0.6582042,0.4694825,0.38278386,0.3414682,0.50633043,0.46561685,0.38204446,0.47939682,0.38345182,0.09564478,0.06673669,0.062120814,0.11010643,0.064950384,0.05847061,0.048348572,0.0900079,0.08568306,0.062858544,0.08382704,0.064152576,23.08345953786697,15.082392008587622,17.549193378672125,17.223176799123795,17.420873980425633,17.191424987013548,15.337471298139324,25.20172281832292,17.22504668590818,17.780276332276653,13.581145024704972,9.286602636924764,7.784707262485346,2.6254989913215,0.08757694586880804,0.002558821641931156,172.265625,reggae.00044.wav,reggae
-120.324814,16.383318,25.04658,37.25922,9.280131,13.014446,3.2297337,5.967851,4.0833497,1.69616,1.8896632,2.6729698,2.0346594,-1.7154503,2.1032035,3.2449558,-2.0760071,2.7732615,1.609771,-4.050147,6122.452,874.173,1044.0508,454.74777,225.22838,133.67856,190.6473,100.35323,103.879585,91.35904,98.62988,66.012405,62.647484,66.596954,51.516083,63.822113,56.380913,52.041584,41.41727,62.958893,0.48492417,0.4478084,0.47300655,0.45791382,0.5117728,0.51722777,0.37676555,0.40047103,0.3490615,0.473986,0.5454138,0.45253292,0.098397024,0.077577464,0.081892855,0.07850028,0.07912238,0.086278535,0.051345766,0.07721296,0.046456344,0.08481621,0.10109077,0.07699838,19.682240351082168,15.368807041449655,19.262195028546156,17.7633569188417,18.294780909138986,17.138364977594712,15.907241298194947,25.725245475309542,19.36534037928851,23.291734096893855,14.42744571531335,13.082562463995135,7.987790626528574,4.1856381198485275,0.22392041469136997,0.008540185753393447,161.4990234375,reggae.00045.wav,reggae
-169.03961,79.50441,15.242741,42.74113,7.68792,17.028828,-5.9826927,0.54102665,0.06319964,-0.9479885,0.8362159,-1.5890546,-2.892287,-4.030863,-5.7745085,-2.5853257,-6.522957,-6.593555,-2.8414476,-1.2010623,3005.1226,740.27625,436.15186,331.41882,176.99336,101.224655,114.18467,69.63758,74.43349,88.32469,79.01716,55.33444,60.930122,53.882862,51.39136,49.186634,45.229218,59.04678,57.34596,62.094513,0.41273862,0.36190805,0.31934685,0.38009864,0.2803706,0.28547648,0.32039702,0.24224554,0.26313514,0.23725182,0.36434,0.42430106,0.11058834,0.10321138,0.089705445,0.124964096,0.07831415,0.09480247,0.10715886,0.06786986,0.093853354,0.04599075,0.1132774,0.15165472,24.8160733479735,16.914085736129326,20.067277788831888,17.944894833717797,18.416094203305864,17.631747165262883,16.581741067451173,28.932799458346018,16.426578921621083,23.857552511462206,12.655051339761808,11.026697131068188,5.43823191828672,3.355320013072968,0.08097759046052631,0.0026549421577397665,172.265625,reggae.00046.wav,reggae
-140.31783,69.632965,-9.986164,52.16775,3.2691405,4.5593033,-3.4938629,2.9231505,-6.571258,-2.642122,-1.7314111,-6.9437375,-5.8254113,-2.6929152,2.5455925,-1.813826,-2.1630096,-2.9328244,-1.7962039,-2.711276,4130.419,1095.0591,634.83813,426.56873,319.58273,150.14815,183.94597,156.81544,145.93439,130.96936,100.22067,96.1296,85.276306,76.83298,53.36673,45.887543,50.37097,50.349403,46.298515,49.795395,0.40922883,0.32146358,0.37060997,0.30479112,0.3170647,0.38922298,0.34912127,0.4689881,0.34869856,0.2940269,0.24524193,0.29126245,0.1216397,0.076084025,0.122717254,0.076766975,0.0702292,0.11083486,0.069123514,0.1408099,0.0863577,0.08137338,0.061591446,0.070798784,21.645238243854386,17.28966663107887,21.31387545214318,19.101900887125403,19.367610008665967,18.60572285035167,17.087039121562373,30.537994127576354,20.867072237498068,29.40853613367873,18.21924298941563,14.820060609320082,8.605227409650366,6.30998870395099,0.1149788965750774,0.0049243726788300805,143.5546875,reggae.00047.wav,reggae
-123.733696,66.19565,8.181811,49.759678,8.53877,25.88335,-5.392044,12.895175,-2.5414345,6.7968063,-3.578176,7.636994,-2.0558963,4.918354,3.664884,4.112981,-2.049146,6.7759333,-2.8278131,-2.379036,3873.6296,1019.24243,474.82837,294.42078,227.40295,193.49869,166.12479,96.57933,72.59968,80.18087,74.552086,65.58954,54.365658,58.741486,50.05696,50.674862,50.99071,43.281197,44.3863,43.73163,0.31399566,0.31761333,0.43781286,0.30903023,0.26651144,0.39082605,0.4306689,0.5720033,0.47374162,0.3517878,0.46498898,0.35287723,0.07634534,0.079033546,0.10357539,0.050208967,0.0631867,0.10128111,0.09648137,0.11926465,0.083391,0.060376424,0.12596965,0.06457538,21.532211015914474,16.394400353042947,21.5740334413932,19.16323541267781,19.304017439997867,17.645317422710008,20.857922537444786,27.100282462216075,18.533492947090426,24.725009693608563,13.901354419594485,15.822651132765767,7.509207594539569,7.201542171433058,0.11121021188080496,0.005033507925871126,89.10290948275862,reggae.00048.wav,reggae
-121.493,89.57814,23.786144,32.76793,8.857055,-2.6159663,6.6278014,1.7668997,-2.9514716,-3.0993512,-0.6974906,-5.429426,-6.5477986,-4.7044973,-3.2821007,-6.4664598,-6.659792,-4.4151874,-3.1623805,-3.9799309,4112.6445,739.5172,434.29416,335.0066,139.25522,113.77943,81.26593,54.963467,55.217083,57.189243,44.534103,41.881218,43.801495,38.571823,45.501015,40.470165,39.444347,33.69507,31.589445,39.089397,0.49948314,0.48454326,0.39455694,0.5199473,0.38334417,0.3101804,0.25226906,0.32626045,0.3850599,0.24721232,0.29251507,0.3399685,0.110884815,0.09458522,0.063262805,0.13191126,0.06965395,0.08819779,0.052762248,0.069639966,0.0912376,0.047338042,0.07525292,0.06361199,24.6323159095633,16.513871212884407,19.017609986876284,19.065403299294115,17.647648316412088,18.14458897970395,16.19331868062197,23.831931339035627,16.149892339441617,19.930245409471375,15.385106547686643,8.98193767362062,10.76347896453068,5.391755458329542,0.08073911873548761,0.0024241300101928262,95.703125,reggae.00049.wav,reggae
-104.88102,66.38382,-2.3053358,24.606274,8.4148655,6.770361,1.6772854,5.1811643,1.0552061,2.1988103,2.9562771,4.5823026,4.2084527,3.097735,-1.4157375,0.22688985,1.0962344,-2.3245964,-2.8943222,-2.1844988,5370.381,1922.503,435.8035,330.30475,186.92557,198.8965,174.2603,158.13867,141.7948,100.83318,81.26022,64.072395,87.8459,61.12101,59.248295,52.47584,75.494125,58.4029,44.436646,43.12596,0.43752456,0.4772887,0.45192644,0.5553902,0.46564808,0.38294336,0.4616718,0.38561693,0.39136815,0.34500894,0.5314108,0.63840556,0.06269019,0.07754398,0.07110534,0.10228798,0.09249102,0.07235842,0.0842203,0.07111886,0.06725856,0.04525771,0.07756572,0.1036074,22.551428925020723,16.43777632181126,19.151122396791457,18.042204790661724,17.481159398753235,17.461749747905696,15.251111404148178,24.78500493965518,16.268035881407673,18.117822082448725,11.038116055073553,9.463705076315202,9.7549248170699,2.9137729703999056,0.12710883078560373,0.008714250850086066,95.703125,reggae.00050.wav,reggae
-154.96252,-1.5391538,22.38873,30.425213,2.1195714,28.596123,16.995514,13.418903,8.493891,6.4839706,9.772991,10.905425,2.1743824,1.638151,6.3485465,6.9075937,-7.8031516,4.694933,3.4125054,0.66997004,6075.966,2522.215,764.4159,397.66714,184.98732,103.26011,130.36346,142.72455,68.59416,92.302666,59.758205,58.126446,65.36583,59.001625,82.7065,63.066334,93.26336,50.487797,68.53674,52.31309,0.5586235,0.50164473,0.5311568,0.60049736,0.6099228,0.53808933,0.5308555,0.506406,0.5416744,0.51977915,0.62141484,0.7751629,0.04138221,0.060851,0.08279383,0.11070358,0.084664956,0.06365465,0.05013953,0.054367457,0.086428404,0.094205745,0.03975833,0.04439972,16.90445671829471,11.888994659419012,13.90939845126369,14.804475312782683,15.563742999919732,15.897791277102678,16.103877849406416,25.673856900562576,11.518730227274329,12.582867547815253,9.930211430905686,5.3891039215209275,4.350090380981632,4.846917530552406,0.27482940390383126,0.028689602242443334,129.19921875,reggae.00051.wav,reggae
-85.30075,60.9427,34.79015,19.804203,16.715721,7.975334,9.312554,11.364072,1.394199,-0.087947786,6.407763,3.629288,5.676822,7.2175837,-0.8390437,3.2431822,-2.6891913,0.36227474,4.752417,0.33321756,3301.3418,1176.6567,595.1284,419.26172,333.5211,201.96051,131.20514,118.244446,135.38109,90.04847,92.38224,72.94157,82.204865,70.130394,62.359447,63.075905,46.6986,61.22148,60.759796,42.926514,0.44599944,0.5754216,0.48884097,0.49576226,0.63965285,0.6644134,0.6325747,0.5150799,0.43690968,0.38839158,0.34744632,0.39612567,0.065966964,0.07525072,0.065492585,0.0669942,0.084853254,0.08364303,0.097049594,0.086566925,0.065093055,0.062285017,0.05363896,0.0743371,15.878427443242876,14.346652793382669,17.817427847977424,17.358004440773104,16.965168017306418,16.53524696912586,14.861431939871625,17.305656276433385,17.970950195755595,17.61904886264876,15.087292754414856,9.463215978202534,7.20941139601395,1.5582447983242866,0.13413826673761609,0.009699242252067617,99.38401442307692,reggae.00052.wav,reggae
-251.39256,105.855774,2.2200246,32.484394,16.563274,8.290815,10.365557,5.5049367,0.86996216,8.355298,-0.63177377,9.898768,-1.8497398,4.4185476,1.8289824,4.2468085,-0.20060064,2.2507565,0.93455493,1.2882608,7626.5806,1204.9514,1207.9762,284.93304,249.21375,146.19969,139.60704,93.79228,100.30966,73.13552,88.34038,69.542206,63.564606,42.7074,44.930286,36.81567,32.32573,27.754217,32.703663,37.797104,0.441813,0.4677783,0.56116307,0.5125575,0.52864045,0.47612274,0.38661927,0.41422,0.41832784,0.5005189,0.44377312,0.48138693,0.07618166,0.07466534,0.11701957,0.10034951,0.09622335,0.09297127,0.054684706,0.07506768,0.07449276,0.11481966,0.07344669,0.09250064,21.28875347811264,12.796428366609693,16.28217826180559,15.865595958634673,16.676184898732608,19.552433393963575,21.43424219384908,33.62844540933067,14.941565110763998,18.463409930688155,11.52486968797654,9.955623808311739,15.565027627855079,61.79997030980964,0.08977950246710527,0.007498802716440267,151.99908088235293,reggae.00053.wav,reggae
-182.1939,83.517006,4.8448935,12.6912,30.071642,17.201649,6.1039777,7.693451,7.147,8.883384,-2.1501873,5.713592,1.4522558,-4.9398346,2.9155705,2.1895847,-3.2314157,0.7591997,-1.6967703,-0.63379467,6235.4434,1626.952,938.5479,416.38177,235.76451,170.74017,142.69006,121.493484,90.60816,72.64009,99.74137,63.442234,73.11899,80.82114,66.16043,59.073483,63.36842,71.086365,70.995445,84.72538,0.32212168,0.47416243,0.42607027,0.37589645,0.52291334,0.4270931,0.37844056,0.2779073,0.34829456,0.47731042,0.36744526,0.3578053,0.057056475,0.10629755,0.098113686,0.08622508,0.109046616,0.09273634,0.094184704,0.053077225,0.07088773,0.14088775,0.07441397,0.078028016,19.35179921537205,16.49326380763074,19.53634675737583,18.622031989573447,21.806647965824816,21.067691261444022,15.822490129971282,21.35645835488391,18.902680329867646,24.67058465711978,15.68240844304344,19.322662166441287,35.376786205212774,3.871561358102869,0.10153566720684984,0.006736130370868103,151.99908088235293,reggae.00054.wav,reggae
-130.3925,84.28538,29.355722,23.84441,8.287879,13.861768,2.2291074,2.9254556,2.5764942,0.098322146,2.3406696,2.7464368,3.756128,3.7823875,2.1226053,3.1364772,0.16150403,2.3938253,-4.115126,-1.7669309,4251.907,1137.8425,696.5216,317.16367,143.85632,74.43607,63.43877,60.982586,46.836876,56.22262,45.97923,31.664528,39.16477,35.205933,54.55204,48.434376,46.203854,48.782116,49.612175,45.768097,0.5476722,0.40563643,0.48235098,0.41131505,0.40960047,0.33010477,0.36753926,0.5016082,0.45238474,0.4915133,0.5041004,0.639826,0.08872865,0.05595043,0.09476204,0.06561622,0.08726936,0.0461478,0.047432262,0.08731323,0.07822704,0.09561268,0.06325464,0.08289794,20.396118724106522,15.2531502378552,18.194839553625187,16.855539489695115,16.84260316990771,16.942930751246482,15.540729377462903,18.419269796870115,17.747821672166477,19.7458615213244,15.123714196911644,11.254808976082948,5.612452869635444,3.079052612170298,0.0822270160119969,0.0029327604274051204,129.19921875,reggae.00055.wav,reggae
-162.50883,98.486626,-1.6052877,20.811714,12.058051,11.743512,6.0935826,4.958358,1.7059443,3.0551608,-0.85991347,4.1205864,3.42566,-1.3976501,2.2798967,-3.710869,-6.500756,2.585176,1.410147,2.229942,6079.4824,1059.733,562.59924,363.53024,317.905,188.00162,139.17383,102.84111,115.30366,84.397835,72.78954,67.706696,67.68987,62.092384,66.84832,79.73859,83.82371,94.99922,87.78677,76.56719,0.4738842,0.3811087,0.41245663,0.49634257,0.39433298,0.3481479,0.3550344,0.48838603,0.26386163,0.21586241,0.28708416,0.3266459,0.12335962,0.078896254,0.08527105,0.11562557,0.08906294,0.10188261,0.07896285,0.12790652,0.046518005,0.04330932,0.0719787,0.067733645,18.87602417180874,15.355344361427427,19.201044402815263,18.10113090427938,18.034308182219668,19.175895272133374,16.173451055651157,18.865798577154706,15.639837142640515,26.600440499798502,18.19974611335126,13.234582730263876,13.038047696441627,6.0391765249038984,0.08318468217879257,0.003063666281091204,151.99908088235293,reggae.00056.wav,reggae
-177.29272,98.28518,14.708466,21.133085,14.941088,10.18818,4.9731402,0.8437904,4.83046,6.869421,3.5429003,-0.35623598,0.5778768,1.3758777,2.0128925,-0.30699247,-1.3682138,2.8996346,-0.97946554,-0.52165425,6621.0195,1625.2117,678.37585,493.20303,256.42038,135.06589,153.44424,122.72044,134.58388,110.76653,69.924164,79.456505,84.33385,92.86825,108.15156,72.8007,67.86494,84.307655,80.92994,102.108116,0.3642396,0.416373,0.546006,0.43165073,0.29331028,0.29987067,0.33140314,0.43203154,0.29533046,0.3548043,0.38410968,0.3257895,0.09644774,0.09297442,0.13741706,0.10813234,0.056065664,0.07296288,0.06379614,0.12853433,0.06493417,0.086760335,0.101203635,0.071246244,19.149482035118314,16.217543438794298,20.199548352847227,18.579019923015196,20.28547642850838,20.917725852479517,15.415384858636118,15.37290884199271,21.207832915476672,23.12129617350787,14.499885056003253,16.21220644074751,37.3071493049434,5.98348138490396,0.07889861588138544,0.0032695143961278214,95.703125,reggae.00057.wav,reggae
-169.34058,83.9091,11.203278,12.134803,21.077204,9.533383,0.93636596,2.1945176,0.87566537,1.6430134,-0.41765842,0.7432359,-4.7871585,-1.7297719,-2.0935743,-1.4278101,-4.669387,-0.2124471,1.9530637,-1.2630275,6941.7144,1056.6532,777.7988,298.33667,318.33524,183.39766,180.75055,122.41384,110.34348,140.81937,103.73227,81.53252,94.62946,70.314156,107.751884,74.321205,76.43878,62.87709,78.47177,97.6781,0.31664026,0.37452286,0.48501256,0.39529067,0.4148742,0.37319782,0.4617875,0.3250816,0.28620505,0.32583156,0.3148659,0.38903907,0.08333182,0.08114308,0.1199893,0.08348566,0.119240955,0.08973971,0.11733,0.06480028,0.06269857,0.08593383,0.07263778,0.11391045,18.237040433536386,15.237135834962675,18.60145483755203,18.32699674769478,19.137098793222872,19.08236235776576,16.452481491460304,15.789802224521408,20.596326826846408,27.933681442772166,15.92518709873683,15.259746807403461,14.62170785730923,9.718260895434064,0.11201028262867647,0.007836765790654322,123.046875,reggae.00058.wav,reggae
-93.51581,80.181656,-0.3042791,15.263566,4.348327,9.056693,1.6918386,2.5480187,-4.297323,1.0002484,-1.6963749,-2.9968734,2.2530193,-2.0940118,0.3257627,-4.3774824,-4.0438805,-3.1599917,-5.4167256,-2.1435902,3895.955,754.1988,398.58243,346.92633,275.72397,132.3319,317.7597,117.36388,119.411835,125.12074,87.98886,71.784035,75.77229,60.02218,47.125404,61.265457,62.697884,43.739487,49.362617,62.732853,0.4145692,0.34850127,0.48982337,0.36283526,0.34259495,0.46584356,0.30253914,0.29272628,0.26683688,0.3861196,0.49931568,0.34003043,0.10367381,0.056932855,0.10425114,0.0892873,0.068522856,0.104771,0.059685048,0.07956552,0.053174235,0.06716775,0.11683915,0.057486944,18.49108761029214,15.574532573602333,19.752754798799568,18.566631668217212,18.802083740439645,17.71560737968135,16.203115079049923,17.156862199431217,16.29083942774148,17.977773792590337,13.37081654459946,12.352272080876384,8.826951221662746,4.741082330666539,0.11742559379837461,0.003770549747939742,151.99908088235293,reggae.00059.wav,reggae
-301.43967,77.22314,-13.575449,39.304367,1.6029993,16.892714,-7.2503476,-3.6011548,1.1691407,-3.2648888,-8.437727,-3.6016147,-2.6015775,-7.2349606,-2.4424508,0.7665416,-8.960346,-2.651947,-5.49749,-8.402103,5550.0615,1140.9388,525.80096,444.13593,255.74922,90.59989,219.1951,75.627464,80.605865,64.71143,77.295616,58.547638,95.909676,64.03818,59.658615,57.614285,97.92937,44.282234,67.643166,68.06734,0.31651446,0.29717264,0.38439837,0.24243212,0.2383617,0.17080364,0.2434558,0.3959383,0.29514027,0.34625,0.2691339,0.38978115,0.105392575,0.07366541,0.13642707,0.04899252,0.08143018,0.04084937,0.056244098,0.13569237,0.066219665,0.12319748,0.05576612,0.12247919,21.19677848845212,19.999661297709697,24.076002010167052,21.72542383872578,22.715612919631276,21.212210893560194,19.755050363445466,10.993502532991242,18.940080556581115,26.618407780767498,13.917786569096904,15.01701611760144,14.103181766713474,14.053269670078748,0.11853254099748452,0.006045417745441147,112.34714673913044,reggae.00060.wav,reggae
-74.0531,58.0152,9.140951,29.258945,12.535322,-0.18953325,0.16529681,1.3719069,-5.0914993,1.3520699,2.8511603,-1.560881,0.8852589,1.040075,-4.336043,-3.7478487,-3.6638262,-1.0602559,-4.114143,-4.137697,3050.9395,1041.579,716.2642,354.2181,261.60968,154.19266,173.6373,136.80275,197.32445,128.9685,113.70443,81.54931,82.037415,97.67391,72.152824,72.18319,83.461,87.268616,80.6367,97.91221,0.44221482,0.511475,0.411639,0.43586144,0.42791662,0.43307552,0.35307914,0.38559863,0.44144848,0.3182926,0.28765145,0.2960912,0.08931577,0.11934959,0.08489667,0.10819993,0.09643369,0.09814169,0.08411733,0.090144224,0.11083225,0.06639883,0.057488747,0.061832912,25.951597791168567,15.835963281705846,20.321574394130852,19.500024535956662,19.423273530838383,18.35849564834956,16.039765189816396,27.696006743149738,21.029115053854053,26.97513873078096,19.615366076685227,15.317214109773165,12.07930499855278,3.2573343418208474,0.1335615506482198,0.006566507067390268,92.28515625,reggae.00061.wav,reggae
-265.69498,80.61592,9.722022,36.657085,27.836796,12.086828,15.014478,15.116937,6.558819,6.284592,7.486023,5.6445103,4.349679,3.08505,2.4041407,2.185563,2.4785864,1.2730665,-0.21760574,0.8088295,7498.2246,1146.8625,668.73334,369.33334,193.36884,163.2648,135.13446,122.39583,74.7854,71.94533,97.5557,69.72981,53.806477,62.295452,59.99907,56.083748,47.624687,44.951485,49.926006,41.38814,0.37870315,0.3679061,0.31682375,0.31936848,0.41634348,0.5001101,0.6846978,0.59354836,0.45689118,0.4379693,0.41235495,0.45323247,0.11640724,0.086670294,0.0738764,0.054928824,0.064547725,0.075684264,0.10487185,0.10233329,0.059808653,0.08792452,0.08612164,0.12869935,19.56456540182443,16.01304828819553,19.291634906515036,18.464433370673124,18.55315536432276,17.63536246610472,14.781081664765017,19.726550363230828,18.898381587276912,22.40014114798239,14.287412408868207,13.70991976735438,9.402805518849316,2.325856666397689,0.06088285180437306,0.00292714522284244,151.99908088235293,reggae.00062.wav,reggae
-168.56569,109.54735,-20.666073,38.956314,7.960121,0.3354012,6.036591,4.0865717,-1.3609744,0.119732976,0.24298766,0.3511983,5.3024573,3.684615,2.8488915,4.4759326,0.80968964,3.0071368,1.5235856,2.4545724,4097.2607,817.7441,647.8458,323.38165,232.9368,128.2726,104.002495,77.809364,85.21035,84.42557,62.16162,67.79958,68.38156,55.55908,45.47014,43.00034,43.98327,43.35014,40.2784,44.921654,0.47911048,0.5033377,0.5894612,0.44552055,0.3618369,0.40351665,0.3320779,0.35735658,0.3505056,0.4615229,0.39425933,0.31174737,0.11057618,0.08465132,0.117911145,0.095397025,0.07100421,0.08576851,0.058143497,0.076316506,0.08116324,0.092685334,0.07507813,0.055452187,17.27485812305308,15.543164791163171,19.836115298994667,19.34608326212619,20.299801226326043,21.04735437168592,16.034970115073428,21.521106145646836,20.835432522515013,23.700474144673265,16.93522184805172,12.399732663082167,15.965885815871635,6.0059492111656425,0.0833796923374613,0.0022265591074902566,92.28515625,reggae.00063.wav,reggae
-70.11165,54.362183,15.596424,19.821365,27.00525,13.251237,0.70048463,10.075649,6.6888304,-0.30473047,2.978181,6.0232983,1.092358,3.1697547,0.24926989,3.0365624,-5.600442,-1.3141887,-1.9566276,-8.710367,3142.2937,814.3959,749.26904,272.3741,202.97192,170.89981,190.30756,121.86349,112.52183,119.57372,121.534996,66.79534,83.8238,77.47445,77.41037,49.892685,56.996468,54.856667,70.121544,64.21241,0.44471997,0.47016865,0.38882735,0.41838855,0.495472,0.4214272,0.37618154,0.33292976,0.3792435,0.40154627,0.37867677,0.49407837,0.087792285,0.086704016,0.07290158,0.087402664,0.1254474,0.12254598,0.08717915,0.07521041,0.09836897,0.11857481,0.081653155,0.11147353,28.03091060102188,18.22472575785202,20.82383175427439,18.612804498345,20.007454375401988,18.462327934953077,16.857730081755534,28.727132046579392,24.603420485762516,27.25299936472685,13.268933710649964,15.125999064927585,5.998995109285756,3.4689160025326644,0.10088072029798761,0.00760703911762252,172.265625,reggae.00064.wav,reggae
-66.18777,97.88822,-18.8181,26.937904,14.0201845,6.0293303,9.445992,10.570344,-0.136587,8.126069,10.5418215,8.009013,3.8083315,4.0128603,2.7131298,0.42442942,-4.2018785,0.1007372,0.14901483,-3.1472929,6980.135,1804.0627,569.07056,306.6241,249.61794,239.69614,170.32541,105.93246,129.04787,104.33965,147.0425,109.33751,64.518166,61.872013,51.490852,50.19227,45.148705,44.09404,44.004692,37.777065,0.46852005,0.34470996,0.24674496,0.28758293,0.3839447,0.55523425,0.41594496,0.37301123,0.3179302,0.29697332,0.45964533,0.3595438,0.12820256,0.07201501,0.043987464,0.058166865,0.08687821,0.14462161,0.09823838,0.07316407,0.06333617,0.07134874,0.14291601,0.07821429,18.95009974261099,16.913720917189014,19.49645131560201,18.376403297501323,17.87597029299201,19.259428292311018,16.003722258802203,23.350233263229715,19.78993909548704,21.709737503321723,13.90945089243117,10.423618883864668,22.206459230991882,8.2721682776416,0.08281998294794891,0.0027613436505084933,89.10290948275862,reggae.00065.wav,reggae
-147.08932,120.0933,-21.591429,39.64055,6.9491506,15.087431,-1.0081933,15.945317,2.543234,4.5108314,0.022952005,4.332127,4.638779,4.006375,3.0547178,0.54259837,-6.1399174,-1.653744,-0.73003,0.19702497,3535.091,953.5654,430.04752,337.81015,177.35345,167.12758,194.96938,121.60415,126.912186,118.237686,109.44449,95.88407,68.38101,48.036385,63.307045,56.21253,48.79187,62.851673,48.649536,42.80401,0.29727295,0.29159087,0.41619194,0.43297693,0.5896718,0.43945628,0.3331911,0.39053798,0.34637588,0.43163604,0.33217332,0.3693337,0.06731121,0.066274405,0.09991546,0.086642556,0.11806492,0.0836779,0.064156845,0.11277715,0.07708817,0.10646592,0.07358814,0.08778044,24.077958994032684,16.8268271429049,20.011178743486607,19.280584858398356,18.969040691792774,18.126585188631914,21.537241022223824,26.046839695173983,23.828815817850316,26.978456439230932,13.854737778211607,14.96690714787177,7.476721010128822,40.6908829058228,0.06711183908184984,0.0012802348967855587,161.4990234375,reggae.00066.wav,reggae
-132.95238,117.09168,-2.7986,22.529333,25.91985,0.2901604,13.511026,3.3958855,4.522271,0.54295677,-0.072081424,5.0957727,-0.15914744,1.27157,3.0685508,1.3972647,-0.5488079,0.13979942,-1.0481825,-0.040011555,2455.182,561.5245,322.54514,207.17935,181.0309,128.56494,107.300865,87.08412,60.10334,70.60595,60.85866,46.451694,48.475243,38.553066,41.072113,46.160515,39.681896,36.34231,38.50954,43.718018,0.3372364,0.3448976,0.46565205,0.38554063,0.41949737,0.41264546,0.39071387,0.43155006,0.44363356,0.4960348,0.31708303,0.30871645,0.07345124,0.06590227,0.12180549,0.071615756,0.08526516,0.09488599,0.09076556,0.1253425,0.087175146,0.110691935,0.05688624,0.05602471,18.030136091985078,16.28390274998647,19.35854977504491,17.66654274675102,19.480842792311265,18.99014554758444,15.575730265154052,20.986158388179927,19.257972979390065,25.997104324125832,14.600387023620362,11.227410343471409,5.388306989379591,2.564264239664865,0.06049774453366873,0.0010580058657910143,161.4990234375,reggae.00067.wav,reggae
-194.80711,83.02939,-0.75735766,32.3753,2.8250601,23.16773,2.9668243,14.221725,8.545363,10.447763,7.0688815,8.804685,1.4087902,5.4087796,2.7515855,5.2473264,1.642781,0.5076165,1.1411837,-1.5598168,6078.9175,1399.9526,494.18314,376.10034,216.96442,147.2091,291.62045,99.03227,110.5997,156.90306,110.858864,81.30502,63.436066,51.800842,58.163967,55.497543,87.42791,70.12002,76.88528,68.9183,0.3108929,0.3399702,0.49818373,0.40849105,0.4030481,0.32679608,0.30051517,0.41964537,0.31366116,0.341624,0.290406,0.35047063,0.07844374,0.0781286,0.12959115,0.10472906,0.1064089,0.08958562,0.07863808,0.15336697,0.084941454,0.102808274,0.063472226,0.091488354,21.035813517142945,18.180277275266395,22.315353827510748,21.478308295939783,20.278332581900994,17.714837756761984,18.0250219421466,24.19839995004169,25.267934525592857,36.47052028942767,21.5159502480385,19.048855106237475,8.659424938526348,12.82348325179784,0.07786158511513158,0.003108869209164456,135.99917763157896,reggae.00068.wav,reggae
-142.78154,83.62423,21.906212,33.849457,4.624049,4.1626973,1.9368716,21.812685,-5.9423456,0.50014156,17.423235,-11.433122,10.545723,2.2018425,1.4132797,1.7545952,-1.397631,2.0162969,-1.8893013,0.63754696,4461.9487,993.2996,628.87396,296.56543,291.8116,187.25726,123.25316,82.88227,83.612366,95.75812,83.8628,68.80158,71.964005,79.43225,52.516037,45.34099,78.69101,49.924656,55.299095,54.744534,0.36456257,0.30169246,0.3258921,0.27008015,0.32281378,0.4873716,0.32273883,0.26865244,0.29819837,0.40387002,0.59220624,0.3924536,0.09925824,0.07038863,0.08368901,0.059675448,0.06611097,0.1244615,0.05869125,0.04374406,0.067025945,0.08150521,0.14177018,0.07066336,23.32265011946026,16.816197464742142,20.71082112263711,19.879873551672073,18.7523386633129,18.48000213656315,16.623329143008036,24.761665075706873,17.640231029352925,24.60891737534626,18.09303118202937,11.098120920490722,5.927901989086908,4.869880379269251,0.08041447973103716,0.003156530399349201,143.5546875,reggae.00069.wav,reggae
-136.78912,75.59191,-5.3334703,23.440128,0.7612741,12.292592,4.4802775,5.1578507,-0.074908726,9.033966,4.902392,2.330192,5.4751735,0.6624333,1.474683,3.8372917,-1.5902516,-1.7209573,-4.443439,-9.697896,5023.123,746.58826,497.6168,414.00754,219.46593,124.48371,166.9518,118.26819,83.13858,107.67297,115.88788,93.67283,93.257805,117.3534,93.459915,81.27312,79.38374,71.19583,72.496346,85.231804,0.31622806,0.3876969,0.5715259,0.38705882,0.28654093,0.27715003,0.3677946,0.45630255,0.3653989,0.38386297,0.43254346,0.33454105,0.06710007,0.07840289,0.14790544,0.1064149,0.06347112,0.04828986,0.097213514,0.15415385,0.069769315,0.06430943,0.118139505,0.069118224,29.183631962585945,17.12979743733494,19.981171710953028,19.359420938019507,18.275216652966225,18.23896401048664,16.51313077033075,30.641093414585672,27.904215246394624,25.16065483693084,16.850162326551985,12.196167355917629,10.100206422095736,2.8293166896196973,0.06099963114357585,0.001180382181061073,172.265625,reggae.00070.wav,reggae
-141.76732,44.179897,21.717089,43.29201,21.74255,11.178962,3.543304,15.015563,-1.7441003,6.4359937,6.9099855,0.70325834,3.9693098,1.4794364,4.678296,0.9025714,2.223074,3.3757136,-2.6652095,0.5095783,8530.745,2173.1433,597.5957,398.69174,383.75827,258.65344,206.59618,107.13924,116.60766,99.18804,126.94899,112.75213,97.94945,91.58268,85.04274,48.25337,45.967957,67.136795,54.013714,52.49856,0.5132254,0.42891836,0.41905406,0.36489362,0.38334975,0.37804094,0.36190188,0.42941085,0.38788116,0.43402994,0.3984829,0.4078219,0.14164871,0.08432301,0.103480205,0.08051518,0.09319674,0.10284633,0.07054227,0.10387881,0.0775405,0.10062814,0.08579592,0.09635522,26.890613969108973,16.938973010943023,20.63250333346279,19.65098358446656,18.920544227201294,17.747348699146983,16.295928419102705,27.37878789569112,24.570455272546813,28.672222359408092,20.887361622573735,11.762453910806267,11.732599181932072,7.675039539890856,0.12166630889609133,0.010875552156403696,143.5546875,reggae.00071.wav,reggae
-94.140526,68.22994,3.97548,7.6313868,12.791034,-3.185735,-3.9074442,3.8176005,-6.121651,-0.35184234,0.33756325,-4.674421,-3.0098026,-2.969257,-3.1980948,-4.9229474,-5.0019026,1.3904978,-2.0881765,-2.0886397,6264.291,1070.9541,743.5035,506.8571,393.3334,209.25223,189.18523,141.6212,165.37451,126.94829,154.56749,87.2638,94.513306,80.20782,86.07907,106.517586,74.837,75.57863,82.88078,56.332577,0.3677502,0.46307874,0.48164982,0.419139,0.47144565,0.44660112,0.5133132,0.40430108,0.39301336,0.48327774,0.37040052,0.37864873,0.07398059,0.088932216,0.08953287,0.071415454,0.09213105,0.07279688,0.094526984,0.071762234,0.07693526,0.12038038,0.06127103,0.090823695,25.99807509920521,15.129825933298893,17.74818580020449,17.765485085564112,17.405047939999303,16.60057843159827,15.206338129076737,31.72529158205752,19.93209506763288,23.31867912367882,13.200237815636768,9.554606992365025,6.772287963394569,3.2472609073245957,0.13607514089106038,0.007491133946787823,112.34714673913044,reggae.00072.wav,reggae
-105.88101,87.996155,19.372707,30.624931,10.024096,18.020147,3.6549273,8.923996,5.8252344,8.8736725,5.664958,10.555123,5.901164,6.1043887,7.049708,5.0997863,4.457999,2.1786811,1.3961858,-1.2673672,1975.5513,754.49054,486.72464,246.69989,212.5381,103.38083,90.13662,74.66218,70.33936,75.009346,53.681896,37.36964,48.722225,38.795307,41.470078,34.075115,34.138443,31.091352,34.262016,36.210186,0.52646637,0.42427588,0.372245,0.3334418,0.36696294,0.39819455,0.3482052,0.37860388,0.4196703,0.5589098,0.6760353,0.59058,0.10733878,0.07272369,0.06923689,0.05386731,0.064242214,0.0968588,0.079339296,0.08168226,0.07990096,0.08852302,0.0734534,0.083236046,24.8988467169273,15.05901320359053,19.48172524785079,17.925213158741343,16.714412074069603,15.561437296930603,16.215586984488542,24.0689750681319,17.22707756361208,21.36299381027897,13.758714754009427,8.745803271295184,3.8250825447849586,2.604502702884268,0.05106696255804954,0.0008728713876091886,172.265625,reggae.00073.wav,reggae
-105.86871,88.181656,19.302423,30.579697,9.9836855,17.954725,3.6897562,8.92259,5.854974,8.851583,5.623592,10.514844,5.916853,6.103881,7.0478773,5.0836616,4.441309,2.1635664,1.4177475,-1.23278,1975.8323,749.79016,484.45132,247.66617,214.23901,103.65939,91.27867,74.974304,70.602425,75.40464,54.037502,37.054375,48.883022,38.635593,41.528442,34.04735,34.313225,31.144438,34.554688,36.42795,0.48832178,0.39988977,0.3554167,0.34264338,0.40043682,0.37331387,0.35737702,0.39804158,0.47629416,0.6485806,0.65921587,0.5562596,0.10153864,0.072577,0.06607466,0.05192573,0.08677285,0.09204203,0.078980245,0.08408105,0.08282987,0.08674362,0.07511579,0.09868887,24.881745454867776,15.064880723526649,19.368720265913133,17.908722016920944,16.70644894475707,15.53484248595647,16.214346344287055,25.710265901816612,17.301327117912603,20.521762647366405,14.03339866189006,8.519501884429785,3.6856688717331454,2.6604571901383944,0.051022745138351394,0.0008768321120839193,172.265625,reggae.00074.wav,reggae
-63.8221,88.25405,-27.603098,18.600967,-3.5774841,5.198116,0.9838291,8.05298,-4.396183,2.2758756,4.1544557,-2.208498,10.266527,1.8743328,6.291246,4.695101,-7.7507076,4.5987053,-1.5900236,0.6310114,2769.6077,702.114,572.8078,258.20978,411.18848,124.27381,117.919106,124.4071,88.85754,74.09375,94.44167,56.75464,70.91716,76.02089,74.18952,53.773037,51.004765,61.937355,46.723457,58.180786,0.42140102,0.3917412,0.4869765,0.3768015,0.32070974,0.35645857,0.33121222,0.39641052,0.319162,0.45857966,0.40756845,0.40941203,0.09129756,0.07890865,0.11442972,0.08481406,0.0753975,0.098347776,0.07285482,0.09560571,0.06333831,0.105283886,0.09167282,0.08652397,20.383832618421803,13.501517528121973,18.004185318330695,18.827053800944054,18.748313884206357,19.75392165888749,17.727320760764616,28.873509422841757,13.638158937924835,19.220648161109242,19.414735942625544,10.197064080022301,9.606980819779206,6.474949325059651,0.13506002987132354,0.003009195539756369,143.5546875,reggae.00075.wav,reggae
-105.70985,76.10178,19.510614,36.709297,3.7498503,11.684267,0.07589344,7.092368,7.6598434,10.457497,0.99036306,-2.1993623,-1.5104166,2.637631,2.1172304,1.4288856,3.8492975,5.6981015,-0.13352448,-1.5506122,9076.534,1814.2931,736.0759,297.3332,238.59363,185.98569,122.141846,119.52714,138.54572,126.04465,122.68958,74.853584,87.85268,69.65516,64.51138,53.11842,50.95733,41.04445,48.91213,50.673508,0.35886478,0.2650992,0.2612494,0.34725335,0.55963975,0.39820886,0.3935141,0.46872965,0.5488631,0.7327666,0.5044284,0.44649702,0.08220195,0.054233603,0.058632944,0.049686767,0.092916675,0.07006262,0.07985061,0.087086946,0.08972523,0.11154429,0.06884771,0.088812366,20.515214323094987,16.55676518655695,19.260531265774457,18.69369462401319,17.876946392319976,16.727841468574276,16.78153548271989,34.06181998130139,27.068289256000014,33.31600132821558,22.630155824396148,15.488347135531965,7.470853180469971,4.843436102997227,0.08827233093072756,0.005829622584768938,161.4990234375,reggae.00076.wav,reggae
-151.77394,105.12452,-6.1661625,47.946095,11.344109,15.087999,11.635067,6.6077847,6.8175387,2.3976097,-1.0347643,-0.22057225,-0.6423186,-4.031569,-1.719691,-0.6675688,-6.97883,-2.4290376,-1.1788956,-3.809996,2670.8643,750.33527,497.3932,197.09851,231.07745,99.84811,112.75215,107.14261,59.6247,57.527798,47.262802,42.411438,45.510727,54.15939,50.183475,36.994,55.77382,28.666414,27.51438,35.788616,0.490078,0.3733557,0.35111508,0.32970196,0.3783234,0.29762992,0.33106464,0.37199387,0.37276915,0.47420675,0.45060998,0.52502817,0.09412408,0.078561485,0.0966218,0.06339661,0.10005254,0.055497278,0.07764271,0.095028125,0.07569918,0.12580983,0.07133044,0.09805445,20.29648008506447,16.352153034006815,17.306663205969446,16.323719507576328,16.453339320798975,18.95165771943295,16.05060896214609,23.25504980464044,18.510009099266554,19.060228031479287,11.115956814372142,10.432084278253113,8.617058649431792,4.284935369597333,0.06091951069078947,0.0013172315603283886,143.5546875,reggae.00077.wav,reggae
-175.48697,78.02302,-2.5604966,52.86769,15.8424015,24.755295,5.29587,8.655302,6.6522336,9.806406,-3.3547559,4.118611,2.3579514,-3.3535118,0.7974127,-0.26391485,-6.3318634,-6.457858,-1.256674,-6.4551945,6902.849,1631.8971,1202.0748,428.59384,248.51566,158.64133,106.33482,119.940254,88.63281,109.76141,151.47331,93.060455,78.67578,62.573032,61.318317,58.998447,50.345177,47.21643,48.334106,64.99223,0.5011217,0.49359944,0.5349613,0.4773945,0.4032253,0.37669742,0.38120475,0.52486545,0.4237059,0.39861238,0.49949968,0.41894048,0.099534556,0.07379878,0.09691005,0.09466782,0.076053746,0.06792267,0.064384006,0.11775895,0.07098102,0.06255442,0.08063839,0.05274132,18.842001013902532,17.417822645086847,19.29656435806474,19.450180395979743,20.306073669831175,19.841170610270147,17.784877838670536,14.753957325295765,19.993427985866603,20.16257839518755,14.642656204425371,10.46886758040175,14.377246316604733,7.465832807583575,0.09380782277960527,0.0027997281310689244,161.4990234375,reggae.00078.wav,reggae
-155.67242,57.027367,-35.247707,33.286343,-14.187575,25.281809,2.5339673,4.2479243,8.487786,4.5679884,2.8205197,2.5739942,2.8225186,3.6183274,-2.8702095,-7.4973774,0.19377778,-1.459634,-2.1718602,-0.05962714,4552.078,1925.594,785.33136,224.71365,157.45851,242.63857,165.89592,69.39589,81.54068,53.70442,54.773033,71.32157,61.255054,29.697668,31.870852,31.184967,26.20587,26.95369,24.796135,21.558073,0.5323645,0.7018126,0.5197308,0.5875873,0.5319098,0.41922158,0.4063825,0.41733465,0.45576108,0.38722053,0.3754459,0.3814894,0.0762219,0.10227669,0.07436263,0.083405174,0.08158275,0.07155654,0.07717364,0.08620404,0.097684145,0.07884696,0.072223626,0.081306435,22.742467120178226,12.835504975030442,15.074652638288589,14.56656489367287,15.590967495518209,18.29059585676677,18.65761696716272,32.29466752524342,13.946869987474624,21.53962357790145,9.18194653797603,6.239933399833411,5.593337995849487,4.648855373661024,0.18643386888061145,0.012298659186898701,151.99908088235293,reggae.00079.wav,reggae
-103.10472,67.23044,2.239865,28.497494,4.176846,11.87742,14.268192,14.30206,3.2598321,15.845577,8.033733,4.4579153,8.679057,8.057954,7.979672,5.031801,3.738449,-0.32675493,-0.938553,-1.0842904,5829.162,851.25757,719.66113,285.56375,219.68213,226.02496,246.32094,121.35735,107.21354,145.50717,127.306595,51.516666,58.71968,53.464546,70.82432,62.896587,44.24348,42.79575,66.93591,76.87025,0.52742547,0.47339907,0.39352232,0.33319333,0.32670563,0.37013626,0.42779517,0.4146113,0.51664156,0.5698953,0.6750109,0.6962427,0.08471602,0.0898819,0.077210985,0.060881082,0.07216786,0.06548959,0.07947231,0.06611146,0.09948248,0.09251689,0.07834412,0.09185195,19.45784022827899,14.785502439608107,18.327084699548085,18.21727642575318,17.729166111243586,17.768362852738644,15.907171028079228,21.554538571991277,20.828610105783856,27.16305892642975,23.476586969510514,15.928498965316239,15.142619629765768,2.7960348863004114,0.09431537828947369,0.004993902601596683,99.38401442307692,reggae.00080.wav,reggae
-115.72032,67.04471,1.9207348,29.123379,4.0074277,12.044658,13.988451,14.918454,2.299447,17.055819,7.568181,4.992762,8.547549,8.288142,7.8985267,5.850145,3.1114364,0.054986347,-1.5452892,-1.2790092,6236.129,967.35065,879.27344,318.18845,256.02933,258.50058,265.97345,130.56906,113.69118,167.28941,125.57019,54.787376,61.295967,55.958664,71.89746,63.75935,45.10832,43.019363,72.00604,76.80313,0.5737975,0.48842737,0.42372745,0.3416716,0.32291722,0.33587143,0.41500685,0.40563643,0.46886384,0.56235254,0.62295383,0.72107184,0.0867866,0.08724226,0.086840935,0.061752267,0.06904063,0.06252628,0.078287184,0.06502886,0.08191777,0.10172916,0.07603896,0.08629547,20.057244000432284,14.843461771458736,18.432640255386,18.406825544523077,17.79023004320676,18.214213990482982,16.49638159523325,21.998097906886844,21.672309315269658,29.137902155147035,25.027773906584855,16.263075813625427,19.648151816717156,4.1777198607724735,0.0994389300744969,0.005637235975281272,99.38401442307692,reggae.00081.wav,reggae
-115.72032,67.04471,1.9207348,29.123379,4.0074277,12.044658,13.988451,14.918454,2.299447,17.055819,7.568181,4.992762,8.547549,8.288142,7.8985267,5.850145,3.1114364,0.054986347,-1.5452892,-1.2790092,6236.129,967.35065,879.27344,318.18845,256.02933,258.50058,265.97345,130.56906,113.69118,167.28941,125.57019,54.787376,61.295967,55.958664,71.89746,63.75935,45.10832,43.019363,72.00604,76.80313,0.5737975,0.48842737,0.42372745,0.3416716,0.32291722,0.33587143,0.41500685,0.40563643,0.46886384,0.56235254,0.62295383,0.72107184,0.0867866,0.08724226,0.086840935,0.061752267,0.06904063,0.06252628,0.078287184,0.06502886,0.08191777,0.10172916,0.07603896,0.08629547,20.057244000432284,14.843461771458736,18.432640255386,18.406825544523077,17.79023004320676,18.214213990482982,16.49638159523325,21.998097906886844,21.672309315269658,29.137902155147035,25.027773906584855,16.263075813625427,19.648151816717156,4.1777198607724735,0.0994389300744969,0.005637235975281272,99.38401442307692,reggae.00082.wav,reggae
-285.9736,138.68747,19.947643,35.24512,-7.9940906,7.078869,5.405129,-3.2063923,-1.1585747,3.2082622,1.4964436,-4.0358186,-6.3341923,-0.928938,-4.363625,2.8833332,1.2566575,1.9725599,0.7886768,-4.2886114,7582.5513,1420.1943,1000.76636,438.17203,337.7591,156.82259,260.4937,81.98966,101.65855,104.829285,126.9485,120.84607,148.77219,120.35963,135.4019,76.069046,134.83911,140.8602,109.19466,177.72531,0.43143046,0.3116671,0.37194178,0.22281562,0.31665754,0.388841,0.23525727,0.31769836,0.30970213,0.45176464,0.30100757,0.26238,0.11871846,0.053535994,0.13584562,0.040033944,0.09677729,0.12851417,0.039401565,0.10305532,0.059058156,0.12008611,0.0841364,0.061220888,21.351008305895967,17.538810129570155,23.072960858526784,24.33213366654949,21.913780431223216,21.920212976365367,17.521540512730564,11.52457684516954,16.848173013796,16.649606207903577,23.99696971430405,28.912199621991586,51.640705076580744,19.45484457640843,0.07119609254063468,0.002748747573362178,129.19921875,reggae.00083.wav,reggae
-150.91211,111.76167,2.915668,42.73335,-3.5954196,15.153264,3.4516783,0.18917766,-4.718382,3.858657,-0.88960326,-5.3516603,0.6894755,-1.2251097,-5.0513124,-5.0716324,-8.564148,-7.982334,-5.3022027,-1.4553044,4209.2344,839.446,460.7768,203.89561,251.80031,97.77747,125.33573,94.39139,91.6736,91.405594,67.46592,60.68599,68.91219,56.075554,57.69576,52.125168,59.586765,50.937244,54.183544,67.37684,0.48807544,0.69706506,0.37202367,0.27145508,0.23244542,0.32221797,0.19557838,0.2128557,0.308498,0.25804958,0.2355136,0.23498955,0.08286574,0.114671335,0.05049685,0.0961654,0.055725854,0.10716722,0.036904898,0.045737877,0.08104716,0.060647603,0.06856092,0.04815441,17.32351639751377,16.312708863840793,20.096461747382175,19.057641078685958,20.072902242902185,20.082070663444544,17.756117252359022,11.428418603595189,16.82835735997743,19.612970272192573,21.557482553639893,17.87514861813635,20.456284276224515,9.27739575039878,0.07602221604102168,0.0015126025022343952,99.38401442307692,reggae.00084.wav,reggae
-175.16914,116.62998,-55.129204,59.90558,1.9614093,1.0681367,14.602345,-3.231406,2.7899194,5.709691,-1.8400204,7.8743434,0.40650466,0.044501197,-1.159,-4.510992,-2.9495673,-3.6833575,-2.5156965,-7.0522876,8100.308,760.7822,678.80414,250.59225,344.18738,211.32082,150.19714,142.77492,101.659,109.032364,102.78894,86.88188,70.0299,72.27178,59.030308,48.911224,39.49444,40.078304,37.568207,39.466267,0.38753676,0.3191207,0.4245426,0.41092142,0.50922614,0.4630273,0.41420886,0.4855073,0.3892517,0.3293673,0.2820919,0.33508426,0.10336593,0.05871167,0.108897276,0.088009804,0.12626255,0.09773742,0.06957665,0.10860024,0.07745489,0.078414895,0.060772005,0.081116535,23.525524508093884,16.104445248004822,18.406046964800932,17.4442138867159,17.409349426235714,24.11123520749155,17.081080482676718,33.67526186540656,19.468409043404456,23.42613965790737,12.378280866343234,7.464522148933041,16.917376221844844,8.859738539615083,0.09941020764802631,0.0038466837456856873,86.1328125,reggae.00085.wav,reggae
42.112865,37.42417,-7.9223094,4.4919896,8.947957,3.5308404,3.0852082,1.6274318,6.267534,1.8218068,-0.56136614,-0.3943433,1.6282496,2.90749,0.3815021,-2.3099115,-4.1410394,-2.1888423,-3.3363502,-1.861262,14695.763,4031.3037,649.77246,238.10248,347.84772,83.61464,120.10068,49.16684,61.46004,63.070477,23.800226,18.665916,23.88137,14.157035,9.73703,9.2055025,14.995631,18.06434,13.382756,7.8774223,0.61550146,0.64047974,0.7292856,0.60433036,0.67558396,0.70300686,0.59996915,0.6427609,0.58560175,0.6367742,0.73247486,0.7967319,0.034311913,0.056360394,0.09570617,0.046533566,0.025778528,0.026694398,0.02240881,0.035261698,0.024626857,0.036618732,0.049422983,0.07743815,12.871419965462033,10.63291817881179,11.629248876223786,14.009265527475238,15.70567478017419,16.353422266924145,13.258908131450925,46.0428837644821,9.168320247776725,13.647268742017799,3.2703471666133375,10.520887991926365,30.537111668318868,1.4729769791546523,0.2602225383368808,0.012656311440386021,129.19921875,reggae.00086.wav,reggae
-110.20218,48.547993,29.644615,18.442467,-0.4723488,4.6547112,-2.2670708,-6.588416,-2.1527016,-0.15998113,-0.68459135,0.5441744,1.9038584,-1.0631889,1.7236896,0.8197152,-1.6870393,2.6605754,3.1008935,3.7421093,6229.962,1531.4779,452.10254,429.98935,211.36752,215.62364,169.59874,162.76938,142.67232,133.91267,107.39585,137.1672,112.18188,107.428154,68.00841,65.412796,77.89773,69.80395,95.92648,85.16311,0.4441354,0.37375924,0.41002426,0.38679495,0.44323528,0.26491067,0.27719125,0.4047272,0.36604208,0.41544893,0.39495584,0.4715284,0.10922415,0.08738069,0.1217078,0.09305774,0.13110735,0.058352377,0.057876624,0.11097233,0.09509433,0.122636355,0.086073235,0.1036559,22.747065013998096,18.412518625150703,21.609598631633297,20.685295085081627,20.191702489204015,17.467724099831425,15.599731201322841,42.32452132304386,31.40472519813062,43.04634552358079,29.278415844519795,20.399528108768976,13.46834559834155,5.701101526684578,0.1218802153879644,0.011993964237436167,83.35433467741936,reggae.00087.wav,reggae
-75.2325,44.853004,10.078607,1.1481962,1.1562961,-3.1406858,0.13975978,0.07932738,-3.4337423,0.11067809,-1.928057,-2.314652,-0.077217825,-3.4861436,-0.37647748,-2.729149,2.5087376,-0.99313956,3.6319659,-2.5960572,2530.6497,502.14014,321.84906,324.5267,186.1222,205.37534,170.92464,109.0557,106.93579,98.516655,82.30424,76.49529,71.6627,66.469345,80.48748,80.56814,109.47753,92.51905,95.53954,122.259155,0.3710119,0.44047153,0.3349448,0.38029107,0.3479553,0.4355672,0.3541662,0.3219177,0.4732462,0.37250522,0.39180097,0.2845193,0.09518425,0.117182106,0.07707166,0.09582887,0.07323924,0.107609846,0.087346785,0.0638188,0.122271076,0.07503588,0.115272686,0.063154176,24.868302229760925,15.668059563609983,19.099172248145205,18.787362186673402,18.786698219307613,16.857580886141356,15.722995015637647,26.912761738156032,23.113760979469014,31.646257275783437,16.99239282770935,13.78017765565905,4.451727421785438,2.135530285210438,0.18931631554760062,0.007241779911399148,107.666015625,reggae.00088.wav,reggae
-194.45694,157.13971,-14.128242,44.053368,3.4784238,17.465809,2.9772444,5.833764,3.0153089,1.075528,2.5912235,0.79981035,0.649177,-2.4909732,0.8378125,1.3831847,-4.2748632,-0.5335149,-1.9673729,-1.3417829,8218.837,1515.6342,776.72205,435.85443,183.07333,84.43663,98.02143,46.770077,59.061302,47.099243,55.583397,30.04997,31.802074,32.45342,49.647186,42.441883,37.72823,58.56559,57.15313,44.71714,0.30769256,0.33822212,0.38113308,0.5731138,0.37751594,0.32100865,0.30224308,0.42343178,0.5318666,0.38497424,0.28512466,0.20762353,0.07672956,0.10223046,0.0771795,0.13746566,0.06726427,0.08693081,0.067005806,0.106329635,0.13945813,0.08527515,0.05241934,0.0341076,17.10500102549582,16.38033621224169,19.060064458676703,18.99962963426284,18.136601614733888,18.22095061729263,18.653217510484467,16.664071008887262,20.309572219681975,18.59262219875225,14.892190887243402,8.549747075719873,7.784535005496168,6.953231365032848,0.03803831874032508,0.0007055152149160401,151.99908088235293,reggae.00089.wav,reggae
-127.36403,65.991806,4.4581256,30.058983,16.647373,16.524986,-6.399657,15.28876,4.620023,5.1040297,5.5857096,-0.76974213,6.062219,3.7929256,-2.1860957,2.0060635,-5.561904,7.7648025,-1.5139074,5.000389,4948.529,1287.9775,867.9038,266.2462,186.9912,166.8345,146.30098,99.55213,102.796394,109.66096,77.708885,57.054058,60.119762,66.42504,84.604904,69.51821,90.350296,123.52386,96.40762,67.50636,0.45637813,0.42547694,0.5823559,0.4080416,0.41352406,0.4197973,0.54172605,0.60709655,0.45585898,0.46607268,0.39981017,0.4639087,0.0919546,0.06693289,0.10889372,0.07092272,0.076881036,0.06782649,0.08248158,0.0998344,0.074230805,0.09356904,0.06773941,0.08736666,22.97773382411831,15.89381910011455,18.545844793006488,18.171514289648147,18.417830024169312,17.723440956009313,17.687778891245692,32.54480298106642,19.473022417265263,23.039510234964723,16.35017386435235,16.81433322486449,8.750372193702818,5.884563208648909,0.13065151533475233,0.009772250871332266,151.99908088235293,reggae.00090.wav,reggae
-159.94081,92.81088,-28.709526,31.46426,-6.6107225,12.638019,0.8522681,10.961095,-2.074935,3.66625,3.579506,0.32305524,8.548466,2.8394167,6.749161,4.869925,-7.0079427,3.97035,-0.75895715,-0.32640776,2633.705,631.28827,548.3404,267.7509,370.2355,124.77115,123.188736,116.699905,95.57968,74.66772,89.94098,55.272293,75.16076,80.77089,78.28523,56.493664,51.469296,65.026474,47.343224,58.311882,0.42887828,0.38624567,0.47761682,0.37831303,0.340193,0.3805185,0.35206753,0.39808452,0.32609928,0.4593565,0.41901812,0.42954114,0.091739,0.07445676,0.10937026,0.08074309,0.07541316,0.10540998,0.07565049,0.09287833,0.06392354,0.10163656,0.08971738,0.08677898,19.579288509615026,13.71196604013708,17.795922492943625,18.529055448750967,18.991060279054775,19.766232640271674,18.628995546443576,25.672415635474106,15.060257264022862,19.03957100463214,17.762730211178155,11.874031017184361,12.219180501797824,6.869641183842233,0.12388965146091331,0.0023214305897969493,143.5546875,reggae.00091.wav,reggae
-138.14389,101.46947,-35.31705,36.162956,-9.493778,14.762183,-0.23332852,11.528228,-2.1060088,3.4052167,4.204796,0.1382794,9.009115,2.7621336,6.2368755,5.7381325,-7.9380713,5.2025204,-1.4864929,0.4521918,2625.8945,605.5714,516.0921,260.1253,355.2944,132.99113,141.51326,116.80832,104.36076,80.726456,95.67715,59.223625,84.17791,80.09827,87.55319,62.416355,57.74811,71.14032,55.81026,60.927433,0.423449,0.39148,0.48496872,0.3599607,0.3491304,0.3758506,0.35510305,0.39953056,0.33075133,0.47882724,0.40713257,0.43150717,0.095688164,0.07073383,0.11089916,0.07814173,0.08245208,0.10498387,0.074303545,0.09365251,0.064755596,0.10664297,0.087079905,0.08722436,15.843787014056673,13.730883119992239,17.847604826590015,18.68932570393938,18.73996733429844,20.097299647218435,20.783703711883714,15.853608976282514,14.642082859435822,18.127285379967336,18.219957604338976,9.729463289504348,13.106535771858146,11.762801094555037,0.12004009046052631,0.00220177450222011,143.5546875,reggae.00092.wav,reggae
-147.45053,113.27776,-6.2796283,9.0886135,24.541445,-9.80251,13.136196,-1.99092,-2.704551,12.230323,-4.1125245,-1.0004734,1.969945,1.4699805,0.0039844806,-3.0055423,-3.5841715,-3.887594,-0.5127023,-3.0621502,5557.124,767.4913,713.5284,303.66928,442.00717,270.9136,217.42117,180.76141,143.51973,146.35107,95.902565,99.39484,69.51905,79.05256,79.80805,90.41759,56.81666,61.627625,74.351814,81.72658,0.34141424,0.3113322,0.456349,0.31701466,0.33373335,0.26009133,0.38055363,0.5609116,0.3978294,0.3928104,0.3032301,0.39490414,0.08707182,0.055979412,0.11884147,0.055389557,0.08772846,0.048084725,0.07663244,0.12642483,0.0717356,0.10511816,0.060144532,0.09473266,20.661669670575833,15.570140513761453,20.28925430649577,19.36957100795594,19.989476914716352,26.174784431212345,15.924087012440385,24.814103107861005,21.276942560154968,24.647705898808066,17.772501871059177,12.687087736490803,40.11304733791976,3.8582930634886052,0.08934072961010062,0.0019918122569760706,89.10290948275862,reggae.00093.wav,reggae
-97.762924,108.83715,-24.923462,21.319738,12.549697,7.7659984,-3.3035848,3.5284224,0.68943715,4.195522,-9.684725,4.2615576,2.456917,-6.625021,-3.1610608,-1.1035149,-4.836193,-0.11613141,-7.4346824,-7.7060375,2043.4205,830.0893,339.26953,188.81929,111.85396,100.04579,92.040565,71.66161,72.41292,53.088963,54.184402,42.364704,47.053543,37.039948,37.82945,48.083496,41.24635,45.397346,42.77366,34.181873,0.2807923,0.28023687,0.4561777,0.50946444,0.29155776,0.24903907,0.2746494,0.36772436,0.44760293,0.38568783,0.47940716,0.36506593,0.058695808,0.0522107,0.10590037,0.12569135,0.052899536,0.050417863,0.06432334,0.072411545,0.1160291,0.060891762,0.118069194,0.07493433,28.171428282229698,16.09946042318847,17.993013628175813,18.093292229762177,20.12770282789285,18.9174378362017,16.995299920765547,19.34479919012075,17.288747513449167,15.469314730578224,11.547658038399605,9.670908288724227,7.948882059327524,2.751281215835555,0.09566646611358359,0.002609616410527853,129.19921875,reggae.00094.wav,reggae
-69.031685,79.13812,13.089321,29.371021,0.2655617,4.15653,-0.4426138,0.18855523,2.8111448,0.5979991,-2.7980497,-0.5165508,-3.1858015,-7.214459,-4.4119577,-6.804215,-9.37836,-2.347947,-5.9510303,-7.3565593,2776.0132,285.96182,522.46375,136.44061,105.606186,72.82925,119.50517,80.30893,61.101368,78.831665,35.63148,41.747917,45.668526,33.915447,39.08443,40.66711,29.137209,31.842733,29.647053,33.01314,0.6589928,0.41360936,0.32958695,0.33563632,0.48205906,0.45837134,0.41326928,0.48889428,0.38429964,0.4017137,0.32381758,0.404762,0.10514892,0.052791547,0.06800851,0.05045035,0.0776423,0.086657055,0.08239816,0.10956791,0.05867429,0.0800948,0.051410157,0.053338338,21.43699950861072,15.566390234878371,17.004960364004486,17.456852847692108,17.606016707244944,17.98149235372741,16.14736601252419,27.605458662051092,15.005691166906107,15.12023969120067,10.572901291383934,6.170485235177322,7.104226167701194,2.4652455008680856,0.10321517330205109,0.0026245866059082332,123.046875,reggae.00095.wav,reggae
-167.0121,116.64275,-44.190365,70.50381,2.3206954,16.017593,12.503347,4.1003556,5.3281403,4.525841,7.307661,7.587458,2.906153,1.4778135,1.1352507,-3.127623,-1.9610994,-1.0093392,-4.6560035,-4.956987,6868.808,747.561,903.1394,229.95506,391.6977,131.00372,157.3936,120.66615,99.944405,84.17564,71.144615,63.050304,58.3419,57.62043,47.23946,41.654743,36.955936,39.382015,32.030525,36.027077,0.38067257,0.3207677,0.39419532,0.41313842,0.5369633,0.5150272,0.54734147,0.5210008,0.37126333,0.31189337,0.29390833,0.38904864,0.099196725,0.058800973,0.09415982,0.06920135,0.12116964,0.08761147,0.09322893,0.111699015,0.0733979,0.061132938,0.06834823,0.113231875,18.236299103047912,16.424035491605462,17.746755798944818,17.06487466866674,17.49700418829635,21.181629332777984,21.934063553113404,26.258982468718713,14.911664807599253,16.509804158395507,10.9448458517311,7.771448080385881,9.345734489576401,15.58313137080257,0.07962990397639319,0.004152090797373675,89.10290948275862,reggae.00096.wav,reggae
-142.7909,103.117455,-15.232358,38.268044,-12.985987,2.749526,-1.6750327,-3.4322703,-4.448259,-9.285493,-10.124065,-2.116807,-4.4709153,-7.905639,-3.747282,0.50961626,-5.032232,0.30626708,1.5896962,1.2246898,4063.1719,413.003,534.77313,312.23187,142.82553,156.73639,195.91452,85.84792,88.11843,86.35228,68.03398,67.49603,58.184578,71.422874,43.563286,62.154556,52.685467,74.164764,118.8898,111.19265,0.41541553,0.24095541,0.22183603,0.20272177,0.29228085,0.36334306,0.1919055,0.23002884,0.25689623,0.38656652,0.24952008,0.2131303,0.14567599,0.04745879,0.084239535,0.05213754,0.076755665,0.12777798,0.03729623,0.089613765,0.07310107,0.12912871,0.073027916,0.044857662,15.767379549533922,19.09934819100717,20.62482744344697,19.419295706619938,21.30413928437162,21.026924459326825,17.532969842977593,11.558307862570073,21.68074746399674,17.53136916743939,11.534616805361855,13.721984497077747,10.869558304298156,3.6678882121450864,0.09403079951141641,0.0017250823748540325,161.4990234375,reggae.00097.wav,reggae
-134.68275,93.56442,8.52157,34.86943,3.2855153,15.515956,4.9638395,8.545496,-1.2880833,2.7348347,5.0694065,11.86001,4.4103737,2.0628667,1.3174813,0.2947642,-2.326158,0.3839458,0.9154463,-0.44093436,5052.169,515.57416,316.51797,209.54274,99.56223,113.21069,100.522964,60.436996,102.29324,80.206345,95.83889,68.073364,41.432537,50.961506,56.194218,46.478703,40.070522,50.907623,45.08089,79.07526,0.5696138,0.44795826,0.51657784,0.5206903,0.4264378,0.36073267,0.34307808,0.4693626,0.30762392,0.2540225,0.27124768,0.43324488,0.118609376,0.074795745,0.09775894,0.09908817,0.07014071,0.08448837,0.06140758,0.12891313,0.06626536,0.039964586,0.029275563,0.07945068,20.7394807726058,14.903752507441324,17.670946407055517,17.801759093904575,18.797825806056775,18.308566882376113,17.673910235438882,24.341635535584235,14.269125524556463,17.343455955122995,15.499748996651451,17.007849813533404,13.828786470725,11.89896566060423,0.06482538276412539,0.0017163266434126194,123.046875,reggae.00098.wav,reggae
-67.13854,80.72981,-43.87338,57.724434,-12.790912,33.593773,-7.7334523,14.1250515,-1.2325958,7.4195833,-2.03643,6.1105623,-6.631473,-1.0051322,-4.763684,1.052848,3.491624,4.5339885,-1.2926301,-3.1491413,2821.7883,958.4575,308.48083,69.00154,67.2914,70.34241,55.1723,54.206802,69.04903,46.561153,41.7737,47.777367,43.402206,30.871723,25.827877,33.41765,42.956688,40.322113,25.61264,25.045164,0.4061831,0.42151064,0.40875682,0.48902684,0.59978706,0.5455863,0.37311375,0.3585929,0.34529895,0.6541174,0.3075566,0.26522282,0.076897986,0.044475373,0.07172158,0.08515974,0.06774773,0.08548876,0.054543328,0.0767478,0.049833782,0.12499974,0.052792158,0.039150577,27.486672728565352,14.441396582231622,18.92720738450305,18.127658107000574,19.832256334350877,18.439880525009297,30.19849272830195,26.72294830989375,13.810342307906714,18.46419460752737,12.18358078722597,16.047104792509728,10.913190290919996,48.61418462642447,0.13958721338041796,0.004168096283882119,117.45383522727273,reggae.00099.wav,reggae
-116.63067,109.278175,-23.151485,40.68846,-11.896858,23.155596,-15.398657,15.127643,-13.522637,12.695952,-10.886425,8.50553,-11.57876,2.1894636,-6.196372,2.0095913,-7.949274,2.0847383,-2.386689,-1.5323056,5849.7993,485.04578,368.95404,161.10922,195.75432,127.31521,130.22545,63.726997,111.83902,59.228836,77.047615,54.644882,39.110603,59.74254,72.15819,71.56624,35.582233,33.02738,30.386679,57.807293,0.37515458,0.4895236,0.49552408,0.41709965,0.47670573,0.33138153,0.2834651,0.32564107,0.38808605,0.50386626,0.28757244,0.27481368,0.07383447,0.07866289,0.104450345,0.058515336,0.11413413,0.08080118,0.057058405,0.08637232,0.06681116,0.121222466,0.051524397,0.052788153,18.746500614850373,16.97525175924044,18.788798225623918,17.523662252086186,18.785107672594656,17.93649449298082,40.57927797010566,21.16724096368979,18.660485833014373,24.12780378812469,15.628823755983989,16.596974789083344,7.248263420350879,10.912425974795612,0.09019522179760062,0.001637003844875931,123.046875,rock.00000.wav,rock
-111.17635,134.16852,-24.66732,41.557487,-3.073013,28.49442,-10.584973,14.932527,-14.398836,8.850727,-4.5540066,9.948249,-4.6702337,3.6337464,-5.5481076,3.369797,-4.9497495,-1.4712833,0.09478977,-5.328055,3149.092,745.6862,318.55396,203.42879,131.314,73.16908,146.5148,53.64395,118.92047,49.563435,71.37217,62.051723,54.011524,34.76386,49.389156,28.20313,38.262688,38.022476,31.692875,37.196774,0.29505676,0.31933486,0.33850855,0.39399976,0.47900748,0.31341714,0.27690053,0.3085124,0.4132935,0.49731714,0.39401615,0.35675815,0.0878654,0.082167804,0.10483527,0.06146134,0.12704778,0.05077114,0.076177865,0.07083137,0.09913438,0.1288017,0.079175614,0.080970354,26.11567976872033,17.492674388579367,19.3926591984323,17.600756044473247,19.154693260087463,18.449178270550142,38.430864414013904,29.947717277340693,21.068585415390444,19.953736738755996,8.359467195845918,10.085061177073747,8.483815124704252,15.715117751447027,0.054981526944659444,0.0008506006341843945,151.99908088235293,rock.00001.wav,rock
-120.49428,117.59749,-27.599688,42.825844,-6.756322,21.662518,-12.098573,17.943407,-10.448061,12.274321,-6.567336,13.528419,-2.413079,6.703759,-3.1467266,5.470716,-2.2395399,1.0572804,-1.651923,-0.04232541,8094.876,856.33,547.8541,194.11278,296.4958,155.60107,114.019516,59.63188,117.75463,61.113026,92.44888,44.699905,65.17133,47.082043,73.72576,32.87996,46.01055,48.17086,32.450867,31.209723,0.5072116,0.48415974,0.73007303,0.39707148,0.28901178,0.2755721,0.29284605,0.29484883,0.42659077,0.6153427,0.45199716,0.47728053,0.08789804,0.047773667,0.09634902,0.032572046,0.048937023,0.055421367,0.049348433,0.053251922,0.06514567,0.091848284,0.07757681,0.115593396,20.068447209393465,16.559610688558582,17.709955754971585,16.30034513547841,16.413354069959396,16.87053600178488,38.57804838215298,23.565638390208292,22.792130373886188,22.01275444928734,15.8359457320585,10.776454564026082,9.918822160292498,20.49972932354618,0.0767569054760062,0.0022562881142624016,107.666015625,rock.00002.wav,rock
-156.60326,130.69366,-1.4667766,36.238716,0.37273508,31.98139,-0.6227638,20.141378,-11.335083,13.838637,-3.7762735,11.534398,-3.2221892,5.0622387,-1.7910414,3.5396824,-2.4512622,-0.7277508,-1.4179354,0.63153225,5366.8086,734.50464,406.22116,151.08463,245.8886,95.408676,142.6784,72.83409,106.044586,49.23921,83.366135,70.08231,68.84993,50.347805,57.221893,28.215801,32.976273,33.0256,39.324753,35.6181,0.343559,0.25163454,0.24752395,0.32038414,0.47622174,0.4810652,0.44968992,0.4815371,0.4858506,0.44149387,0.30888736,0.27374503,0.11707287,0.054686923,0.059370533,0.06916281,0.1127768,0.11903747,0.08446848,0.08599163,0.11124929,0.13200451,0.07492612,0.055182938,20.769406032568412,16.522688785391676,18.484068446043626,17.73046003236895,17.234196307809626,16.64813998473344,37.688932191611364,19.120511153267056,20.992430822274095,23.676935067148246,12.916445272116698,11.875754366477011,9.004591708937827,18.13811119886415,0.04309724506578947,0.0009394272426178192,95.703125,rock.00003.wav,rock
-127.97257,134.44722,1.025668,54.43773,-0.46697682,35.828342,-10.860185,16.379753,-10.032896,6.6001406,-6.6998053,11.046619,-8.382892,2.1126204,-6.3423553,0.99546075,-5.329534,-0.8412493,-4.6685543,-4.7869077,3186.0134,829.14136,451.1488,154.71957,161.22003,102.457756,133.23796,43.601322,113.10352,87.668045,66.425125,67.35137,65.66416,52.5377,39.340637,37.758465,46.313675,43.075424,27.082296,27.652872,0.36350203,0.36755148,0.35945842,0.33117044,0.28575367,0.25748312,0.3042809,0.53370535,0.5168059,0.47150683,0.36434102,0.3172782,0.093234226,0.08169212,0.09564646,0.08183585,0.067158885,0.05780879,0.052334547,0.12799816,0.076958105,0.12003147,0.07813785,0.052945394,24.872842999942797,17.806221093861435,18.74767288544652,16.634154170890866,17.501376276600475,16.535604152348693,38.62809397208428,26.890383457798073,19.704289698235772,18.755364808146933,9.400433422284326,9.04298662387848,4.188840724227011,15.167329835747166,0.04109914679276316,0.001326978612124813,103.359375,rock.00004.wav,rock
-62.381718,153.7731,-55.11629,28.017727,-6.8514705,17.47647,-22.606953,18.144703,-12.586429,4.494896,-8.387155,7.2041183,-2.5257893,4.835434,-6.2755365,-0.7264993,-2.2768297,-5.245155,-5.220955,-6.282929,1573.3948,975.62634,223.09496,143.30394,157.33194,99.72814,190.23033,78.55998,133.00195,75.728386,61.88215,47.38515,47.744102,28.656385,31.931005,45.030296,27.174028,41.907204,28.846788,33.41492,0.63581234,0.4636334,0.44848377,0.33139962,0.40364164,0.1978475,0.23316656,0.27615193,0.31390134,0.48363546,0.32158437,0.41221845,0.11453616,0.053786334,0.12007093,0.055445608,0.07611523,0.022269508,0.03838438,0.04080623,0.046208248,0.143401,0.047007933,0.060099464,26.64366134697264,15.266973732094279,18.76089684664802,16.51868188085063,18.563583253666984,18.889176402236544,38.912000743540936,26.851269470937936,16.193073449946226,21.549481423797594,12.298440684637704,7.7002564158544,10.079134069641253,39.91823965741535,0.07701994243421052,0.0003190613616575378,99.38401442307692,rock.00005.wav,rock
-98.379135,136.61774,-46.718246,46.476067,-17.166424,10.52016,-14.581245,16.550787,-12.337285,3.6909735,-12.654891,2.9554558,-12.512315,0.09740557,-0.7801605,-5.695947,-8.634934,-1.9017951,-2.1870081,-3.3913445,2696.7043,669.2948,339.65396,255.43745,213.54482,146.8084,116.971664,113.171425,98.713394,85.79685,87.87141,78.7783,64.51463,62.177715,72.22908,63.20656,65.67935,52.82723,41.129757,44.944023,0.32089964,0.4458321,0.4428706,0.5140585,0.27523118,0.22428514,0.2787034,0.32669333,0.43658623,0.32619345,0.30655566,0.2359517,0.073577896,0.11856265,0.07289956,0.118222125,0.047755506,0.052512527,0.073692106,0.09243784,0.10607476,0.069865525,0.08387564,0.052012257,20.741318422714574,19.378512271274758,20.24289211183091,20.32667121624153,19.636168925101632,19.743929011411236,38.60157266528912,24.403606668796513,22.19961770435324,20.21527451499382,18.457187668619962,14.110087677419498,9.67286389043064,14.40202939398173,0.0872942567240712,0.001325335054279938,112.34714673913044,rock.00006.wav,rock
-140.44441,149.30034,-10.059852,38.74818,1.5280161,20.12901,-11.331474,16.29449,-13.257334,10.190117,-9.253554,4.7002983,-8.369613,2.2758238,-6.5116615,-1.624957,-6.491124,-4.7229056,-2.5751228,-1.7881634,2936.8267,557.80286,273.60193,135.63918,162.72261,71.580025,90.30888,67.26476,146.12387,92.78861,86.41317,50.934017,51.090195,45.702568,48.088757,50.3618,53.11016,49.42968,34.243656,28.884626,0.40876478,0.34233108,0.3677686,0.29006463,0.5176886,0.52180374,0.33352014,0.31769007,0.35596633,0.36624125,0.20831944,0.28090718,0.09485719,0.06681399,0.10457898,0.044514585,0.10725018,0.123117775,0.064196736,0.096382216,0.07025104,0.09441157,0.044848856,0.050851133,25.837678941196245,18.57858369214961,19.686042581802912,18.78403011142524,19.31509399627457,18.30409797351271,37.29535882198905,23.296316455564728,16.096012625079467,19.124427843183454,11.656713547005722,10.443211335074805,9.93481006392086,17.252092461072262,0.04718867913119195,0.0010401554513024902,89.10290948275862,rock.00007.wav,rock
-14.937181,138.4251,-41.898533,22.075092,-18.672731,31.99365,-20.37348,15.692359,-17.35271,14.868898,-8.898109,12.249725,-5.82301,9.966224,-3.1668837,1.9740739,-6.924239,3.1174815,-2.9878943,-6.678657,586.5759,193.88782,71.410164,97.33851,57.24254,37.0024,40.58815,44.082363,50.55071,19.230392,25.626871,36.806446,35.140182,30.023293,25.021051,21.615095,26.205248,20.007673,18.889053,32.055157,0.36043307,0.47767073,0.40325513,0.36915687,0.3348731,0.2925356,0.37757498,0.52050465,0.4760248,0.5341759,0.39381927,0.3659309,0.06265596,0.09448643,0.06992249,0.061720356,0.07135709,0.05196092,0.07997133,0.10865538,0.054464713,0.12354666,0.06419725,0.07799547,28.393201558230505,14.885806267728393,17.532713221806944,15.985745436872888,18.873741580532197,16.422912203743795,41.792446440690036,31.507710758220977,14.267956681475274,17.19409229531684,8.984207154332832,12.33466356389448,5.24352403840517,11.911819032874755,0.0849809676131966,0.00030921059604240887,123.046875,rock.00008.wav,rock
-178.59238,153.9898,-4.9495,21.926918,-2.0618477,23.677855,-1.2919359,11.558475,-6.0403795,4.955241,-2.9516737,5.40618,-4.1217036,2.9820893,-5.323764,-8.825106,-11.073638,-3.2127788,3.8551219,3.5541477,4756.613,886.2774,456.74667,201.33482,136.21878,76.33231,128.39636,71.55785,110.24971,68.47372,62.474567,37.270065,63.277706,51.988754,49.840153,57.599834,40.264553,29.965654,32.913754,32.49776,0.54472613,0.3128716,0.314799,0.225961,0.37898204,0.54786104,0.60728204,0.536385,0.2980107,0.2862013,0.14531791,0.31569052,0.10868791,0.039589114,0.09444088,0.024134733,0.07411044,0.11818053,0.07818295,0.093172826,0.065221496,0.09893826,0.0161665,0.06040716,28.34817674234668,18.108831168240805,19.97612938671857,20.160953612783977,19.676146109264316,16.358625169090082,33.70712933905814,29.623310428775003,21.95283995283327,20.139467360453526,14.223543104885792,14.01109620422634,6.770417970010135,31.068577099789554,0.04254093701625387,0.0003892648673571511,151.99908088235293,rock.00009.wav,rock
-108.98643,114.95591,-5.198552,46.206585,-9.133127,20.515318,-17.025162,24.214722,-8.057453,13.438205,-18.381256,8.588361,-11.40596,1.8842732,-10.553585,-0.25984254,-11.800165,-6.5043545,-4.3081517,-2.740076,2677.0015,459.67355,334.73907,170.0498,125.3333,140.15736,107.61187,85.42562,77.77543,63.95143,53.25126,56.310947,47.91458,50.263214,45.47199,31.90876,45.563595,39.307705,48.19974,33.11152,0.3435945,0.41251338,0.45657736,0.29676157,0.3107105,0.26441827,0.38540116,0.46517274,0.46158755,0.54745775,0.42334816,0.4109419,0.07113735,0.08685996,0.1097597,0.053566854,0.065070085,0.048129983,0.078877024,0.11445371,0.07311673,0.104028836,0.07507105,0.099290855,20.290307651077047,17.45325251041689,18.712159757468516,19.76440710147779,18.737355747127978,18.36544424517191,41.12850358429967,27.767667968470253,16.86026339408305,17.031254725892683,16.128165807956034,10.480061971327391,8.805163338171923,10.245516767410212,0.07170251427051083,0.0017935955960585882,161.4990234375,rock.00010.wav,rock
-169.74,119.115036,7.1710987,53.430897,4.141932,23.13069,-5.7138543,24.995337,-9.326624,13.470993,-14.286962,5.954391,-13.598769,0.77017224,-10.468752,0.080466844,-4.372727,1.1727644,0.4874292,-5.8291225,2895.2703,617.98004,400.26627,216.28703,139.62096,126.89551,91.22997,71.489746,68.76678,60.259342,55.156418,52.227314,47.298447,63.866074,51.143993,56.059555,71.11839,96.85123,80.0081,75.73583,0.37819052,0.2849214,0.26896212,0.3416548,0.23046315,0.24545592,0.24032322,0.4139966,0.65753794,0.41895154,0.34792036,0.2903081,0.106583595,0.06831781,0.05515741,0.09997204,0.042540886,0.082484566,0.049780607,0.076080725,0.11562775,0.06048225,0.102556825,0.051407464,20.668344351290088,19.02375073782764,20.82307031011426,20.895434871719154,19.389439693565897,18.548392153310274,38.549605369962606,24.55634120225929,20.10475493879346,25.89836144374135,21.328285184908694,13.387781884734391,7.828687568086614,11.261422464326982,0.05433413856907895,0.0016088438394385519,117.45383522727273,rock.00011.wav,rock
-204.65546,107.00343,-10.197385,45.559887,3.03639,24.009134,-7.5013742,20.058529,-5.1709266,8.742727,-10.101094,4.3654666,-6.9596434,4.6930146,-8.222786,-0.8261212,-9.628689,-7.393809,-9.437464,-3.1371024,5792.0537,879.02264,353.69116,236.94691,232.68625,165.08823,179.09857,135.2453,156.3916,83.91405,79.23465,74.76361,60.27077,54.053005,71.14902,52.17917,57.594646,55.076397,38.852955,46.7981,0.34187993,0.41789222,0.34916613,0.29318747,0.30544984,0.2799746,0.30416077,0.27389058,0.3687723,0.416905,0.36125585,0.35425788,0.08658446,0.12961118,0.10243877,0.07076949,0.096748225,0.059530165,0.11020271,0.055928163,0.11012141,0.116176985,0.09993183,0.116536275,19.39073865074953,19.17716174517871,18.094950370021994,17.10159574952183,16.811807508904216,16.665330896681603,36.11608251048782,28.944922534523982,28.665787616397942,24.506529697798165,15.792686900940618,9.567889308378934,5.997354500944526,23.22456045528422,0.06819006385448917,0.0031951737212593625,112.34714673913044,rock.00012.wav,rock
-211.2083,95.768036,40.58083,68.30281,5.3151,30.973612,-5.270473,22.828838,-1.615061,17.489037,-11.487266,8.734695,-10.456018,5.72383,-7.8924255,3.727533,-6.627519,-1.2788162,2.7943084,6.274991,4666.1533,857.7738,752.06995,273.897,162.73947,144.96077,117.19304,118.613266,148.11098,79.62188,60.350945,61.16618,54.283577,55.07198,47.845512,41.532295,81.37356,97.25109,106.222595,77.15826,0.37798175,0.3712399,0.5630761,0.5793905,0.4669556,0.5063027,0.36757752,0.36213475,0.32834905,0.42387187,0.53731346,0.40097782,0.088673934,0.05592976,0.099322714,0.12192225,0.07467826,0.09799446,0.06383822,0.10053199,0.080773234,0.08451663,0.10066096,0.059630487,19.668828620591547,18.873955960411468,22.873539505537575,20.017571459490874,18.77092775552895,18.94455114101519,38.93560543223057,20.041753183706735,21.871176585131597,27.61169730350153,26.689017951940315,14.441566695381653,12.32822773297229,11.941558415539784,0.046099872411958204,0.0014806116913260075,123.046875,rock.00013.wav,rock
-256.5845,103.170715,-8.463653,48.59315,-4.1831117,17.341555,-6.6681957,17.038635,-4.5991197,5.321588,-10.013156,8.242727,-6.1991887,3.4362082,-3.646894,1.6950732,-5.41009,-3.2497907,-3.8716671,-1.0307319,12467.7705,1341.9404,652.33203,361.74493,430.71054,210.31332,281.93445,189.16505,191.01526,110.21573,132.79907,99.17467,89.111115,89.12518,81.08573,61.861347,60.35369,43.21233,74.71511,56.579838,0.37801483,0.2916687,0.3035011,0.3133936,0.34859186,0.35688603,0.49946877,0.4768626,0.38384148,0.30958343,0.3984125,0.50607306,0.088144064,0.064248465,0.08094033,0.07915607,0.11991111,0.087849244,0.1081221,0.10520295,0.09751016,0.07364909,0.09458687,0.13892776,17.475011230694733,17.859044210448825,18.55097861579621,17.557146212323435,18.313199032873328,18.086116399359554,34.12848126842165,29.14597730200596,28.997192087475586,26.38054857432173,16.086233789442527,13.404102859875849,10.757910907710196,40.15905544306903,0.08359435468266253,0.005587739043563988,117.45383522727273,rock.00014.wav,rock
-174.94176,90.89378,-18.696543,41.621613,-8.882181,9.09759,-12.460493,13.123887,-9.697834,4.3378367,-13.489968,6.743155,-10.383936,7.1506324,-5.7974553,0.7992599,-8.139413,-5.7164297,-3.3642786,-0.42180866,3599.483,1643.2516,630.8877,258.4109,308.40033,174.35712,203.58305,169.59727,135.0705,110.50872,121.56504,111.11177,107.66566,61.78645,87.30989,64.31989,77.21148,62.09259,47.116028,67.21354,0.3717709,0.37833208,0.6903762,0.33705705,0.24340308,0.24768873,0.21075508,0.31393954,0.28948787,0.34814325,0.36734083,0.3263122,0.10702444,0.058461055,0.11519726,0.058354788,0.056119677,0.062972926,0.03846571,0.08403741,0.07593054,0.107255116,0.09339681,0.087496825,16.50992376240174,18.496907213004164,20.568948319591147,18.09142151741722,17.74596766870888,18.096013868522107,38.74961034277192,23.42767458928207,28.977204316967516,23.741465288555684,16.088274208089217,11.8485835644293,6.9061794409787325,18.66878051478159,0.11420150142705109,0.006503100700895754,135.99917763157896,rock.00015.wav,rock
-15.687386,100.09827,-37.590458,45.971,-20.773737,25.637007,-18.64387,26.516623,-20.16317,21.12962,-13.649135,10.978789,-15.535993,3.6814206,-7.7146096,3.9337354,-8.12184,6.9547653,-2.0548267,3.9079616,337.79556,184.92412,172.32382,126.087425,87.09274,53.683907,50.09816,34.64085,50.75958,44.360195,35.57261,45.074474,38.215042,38.140495,37.2137,26.64227,43.078205,47.96321,33.51523,35.8666,0.37501785,0.37983778,0.4605387,0.4122973,0.47898018,0.526107,0.4521431,0.5776039,0.5506648,0.5032393,0.44373816,0.37631676,0.06768743,0.0663244,0.071562454,0.058092594,0.07876969,0.09281325,0.06071789,0.09017957,0.079801686,0.08457116,0.08456648,0.06272904,19.51511702347856,13.045766282719928,16.02142423749165,15.750959346561439,15.786350013664675,16.524841572115683,44.778848195488656,7.582196643040658,12.805649599580542,12.92768400958968,7.584730297026588,4.551735598816451,2.9275601501018453,5.244183896314599,0.1428422957381966,0.0011603132537738813,143.5546875,rock.00016.wav,rock
-41.43264,105.41607,-43.95048,54.109116,-18.417746,23.52593,-17.617792,20.664486,-18.462946,17.481682,-15.181072,11.308914,-14.158968,2.833206,-9.479148,3.337089,-8.206202,3.6953027,-3.6791856,-0.16169998,1034.8906,245.31917,210.63739,117.90146,84.556526,62.12866,62.254116,43.500683,54.710976,38.016712,38.363045,33.403866,40.371452,43.980915,38.782978,35.544613,35.729702,35.02804,41.62291,44.01537,0.27014974,0.46608496,0.588754,0.38037542,0.46104497,0.36023,0.42718112,0.42260945,0.42682198,0.55780554,0.3253253,0.3401639,0.028279977,0.062372863,0.09224284,0.04110849,0.10246917,0.055019975,0.08253959,0.09058416,0.06626656,0.0944069,0.040559243,0.0704785,19.931937833743742,14.344270788375349,17.140681411241854,17.960995258181214,17.974312402855425,18.460485726632655,42.77364221995268,11.780521624566227,13.827499891628394,13.788682653225612,9.542604118387645,10.860898801865654,7.845580930023988,6.692809700182097,0.14058758526025542,0.0011589824994811123,123.046875,rock.00017.wav,rock
-67.55526,109.12109,-32.731327,45.65722,-11.699701,27.494364,-16.341742,22.087679,-15.454766,19.404106,-11.62111,11.591024,-10.52107,4.4448233,-7.010192,5.037844,-6.7615237,3.8130226,-2.6553214,-0.055492025,1401.8707,455.62094,349.16187,172.5967,91.9174,119.190254,87.04558,48.34657,60.90226,52.460297,62.37865,35.42986,43.40322,35.279705,40.51906,38.266056,45.710506,41.14349,36.23641,32.285416,0.43450177,0.42426288,0.4327327,0.46114492,0.5621179,0.5100035,0.53411734,0.5604581,0.49960446,0.43722108,0.44025418,0.46642697,0.07707736,0.060496196,0.070168935,0.065319784,0.10196978,0.072448485,0.084677756,0.09050393,0.07481829,0.07289968,0.06588487,0.07907946,19.14388081501165,12.864303457900522,15.367699959389794,14.428055581715974,15.66429538359469,16.41917168207441,41.766578851634286,9.854426527891668,13.048592286416444,16.204025700849925,9.583999586919767,4.980663432744225,6.408177674863413,9.185276529067119,0.11580542218943499,0.0025078035874416533,117.45383522727273,rock.00018.wav,rock
-84.21731,102.35073,-41.346844,47.032883,-16.961946,26.242182,-18.962618,18.802517,-21.695797,11.055488,-19.242598,5.2391276,-16.765684,1.1029651,-9.672751,1.0961795,-7.5460687,3.2413175,-4.718833,-0.3140651,2008.0828,285.18533,250.54083,197.56824,63.548386,75.6463,69.91075,72.5396,70.618385,80.33551,50.59096,54.87925,27.355783,40.587673,39.89821,35.251865,38.074036,37.505253,27.686106,21.80282,0.34302574,0.37124422,0.35138756,0.43198818,0.5659595,0.48306194,0.45348364,0.41918308,0.5912015,0.37475228,0.3506424,0.49489462,0.03754887,0.07889008,0.06856972,0.049397945,0.103801765,0.061434582,0.09515062,0.060286984,0.111552805,0.057107147,0.049783416,0.071909554,20.868647455320087,13.262403078032838,16.617645200460917,15.19763016407345,16.511125057352842,16.963892744170266,41.37615548841842,16.241509503972207,12.303373816202543,14.412989515641689,8.520893544668889,7.504335981269214,6.657988412815162,10.089397359473335,0.12819952713815788,0.00188193554129996,123.046875,rock.00019.wav,rock
-56.94345,115.210526,-30.444605,37.203808,-21.994804,21.870764,-19.770649,14.999988,-24.074703,17.787262,-17.278643,6.7524276,-10.744573,0.82344157,-10.163564,3.6828911,-8.563292,-0.9132154,-2.5268018,-1.9751105,2018.4755,501.3307,312.08386,116.588356,141.62907,106.354805,65.78268,52.08144,74.21155,64.79078,53.71847,42.68494,50.340828,30.595661,33.692173,32.752094,35.742744,44.696663,31.022978,35.2913,0.303364,0.3167512,0.5132279,0.7074208,0.38828266,0.3419612,0.33456227,0.37673146,0.36351117,0.35549513,0.48807895,0.28867164,0.07290056,0.05192998,0.08009814,0.09712402,0.044487674,0.07496975,0.06442809,0.062198296,0.0798333,0.052658867,0.085919954,0.04554915,17.653463573734903,14.063629312507121,16.476638198233488,16.11684074824186,16.80992866322284,18.00008386583845,42.33844595617068,10.023515663911853,12.062617964447528,13.899981923978524,8.621505500598067,6.916373921985935,10.070641535789488,16.743773798652295,0.11758961397058823,0.0025756650230659203,99.38401442307692,rock.00020.wav,rock
-55.33061,114.44247,-34.06889,37.984398,-22.331318,18.526556,-18.157928,13.806143,-27.803474,18.161308,-14.623385,6.5552106,-8.269667,-2.2520103,-11.609422,2.499924,-10.946987,0.7085563,-0.68018126,-0.06256245,1251.2198,420.5445,271.91437,158.5424,184.96507,113.24706,109.434074,59.325356,99.03505,69.34129,49.03528,57.478363,49.39487,51.294144,37.193497,40.138447,43.61923,45.88656,39.195747,44.947613,0.30433115,0.4318468,0.3516537,0.42408025,0.40294304,0.536552,0.48439687,0.36903924,0.52508193,0.3544812,0.2834916,0.24662292,0.04877423,0.090551406,0.059539594,0.09076963,0.06741636,0.099466614,0.08677516,0.05723035,0.108169615,0.05231256,0.061522234,0.04211515,16.576772928455394,13.85424489580884,17.333483657878475,17.170830038988978,17.54232531605246,19.450526374959182,42.52463705387807,9.335004099633128,13.363869051004478,14.303766129636648,8.878251584486138,7.493508868408945,11.331269015796689,9.144924865541933,0.12160357306985294,0.0028787191595629124,129.19921875,rock.00021.wav,rock
-34.62348,106.51091,-41.074825,33.66884,-27.234531,21.39769,-21.319239,14.007782,-27.776123,16.06719,-18.824478,5.6543665,-14.290796,0.82021266,-10.535016,4.4421945,-7.468857,2.071863,-2.903228,-0.36146072,1173.0424,487.274,388.45703,123.746155,97.174225,89.981255,109.249855,44.277706,109.90423,78.62591,45.177975,45.77295,45.647648,50.912067,41.823845,53.367573,40.128895,57.77607,40.812046,38.38733,0.27134448,0.29904357,0.41185766,0.61158437,0.42780533,0.3554678,0.42110237,0.4756377,0.38529125,0.3826207,0.6010224,0.34814814,0.062025,0.053282764,0.06655185,0.09613781,0.060511556,0.05835531,0.08821185,0.075427026,0.07659416,0.0496005,0.088616334,0.050257746,16.15334185610563,13.094832120694678,16.105797508524564,16.614658515272204,17.059182021912388,18.32283993397651,43.49494151565578,10.168106251822646,14.315849244195737,13.068581352521454,9.929973563062555,6.25910378060362,9.74323852013773,9.544070822551992,0.13848895849458204,0.0022176018232359053,99.38401442307692,rock.00022.wav,rock
-88.292145,105.392944,-24.5107,41.848503,-22.37644,23.734203,-19.802425,15.150589,-27.119736,13.858993,-15.214505,8.941474,-12.80437,-1.1132363,-10.047708,1.7845204,-7.3529396,7.1009984,0.5957759,2.513125,3048.1436,585.77155,164.0781,115.00474,119.25791,122.93302,78.68355,132.21979,102.095215,129.02783,62.018417,44.598698,51.52139,58.78414,81.69813,45.150986,78.71482,63.021877,61.019054,71.08059,0.2013145,0.16136265,0.32642758,0.39444843,0.23094031,0.40775892,0.300006,0.3729515,0.28055966,0.24626595,0.38261375,0.22683546,0.053366657,0.025911618,0.078374356,0.12550414,0.021170214,0.14747101,0.05889627,0.12247261,0.08355039,0.042418215,0.110298514,0.046084028,19.41521887849959,17.14722270453798,19.845209961131825,18.542900066380916,19.703391895281076,19.16375869461787,42.912554378101866,12.149658548330823,17.65312715908595,19.13993120482255,12.029678555817833,9.188373097405831,10.388158742761778,21.608746496907138,0.11561872641737617,0.0023664377176204824,151.99908088235293,rock.00023.wav,rock
-52.499744,99.70246,-47.394753,47.022385,-21.031916,22.886387,-18.293646,13.89262,-23.449203,13.509938,-18.669529,5.7055564,-12.89633,1.1990861,-12.41732,0.37735584,-9.145067,1.5957419,-4.1226177,0.30867353,1093.4751,376.85248,434.2489,186.30661,147.43254,114.00519,47.101772,54.3841,65.10187,63.40703,46.190784,44.020584,41.426643,38.963604,31.953848,38.283215,29.7175,29.99971,31.223541,35.281944,0.32637572,0.35440153,0.5402936,0.34199622,0.38092315,0.37656322,0.58470786,0.40148014,0.3567409,0.49505278,0.3333601,0.36967826,0.050885577,0.048425406,0.10951394,0.047702253,0.06872073,0.06491065,0.10805382,0.0683098,0.047879484,0.09628935,0.042866282,0.075787105,18.776358201631222,14.954422261758067,16.988215304005546,16.688296815099616,18.422896619091905,19.59506269484311,42.584285926484434,14.397166467052765,15.23753248303546,14.762173813621635,9.306368092916582,10.152244407635369,10.32422437248078,6.3003010396598995,0.1434492459607198,0.0020093801131462513,151.99908088235293,rock.00024.wav,rock
-47.051174,95.76596,-43.925434,52.077534,-22.552746,20.855412,-18.687845,19.244207,-21.265245,21.887392,-19.218746,9.456287,-12.5822935,3.8869054,-8.500133,6.2726574,-9.128362,2.6871696,-2.443376,-1.8786502,574.14844,261.04822,252.3498,269.22488,125.114,86.29776,73.58191,49.16343,50.226894,85.05332,36.030865,47.403503,83.93478,36.954533,41.174686,32.69628,35.862938,30.183727,28.280525,24.178755,0.3540247,0.290356,0.3169161,0.38385522,0.44919413,0.37311947,0.36055514,0.45428368,0.49779546,0.57466,0.49096414,0.43550652,0.06962125,0.039252862,0.06154378,0.06794427,0.083801106,0.0695101,0.06802409,0.08355575,0.07801453,0.09990252,0.074193686,0.08721348,20.076324002672038,13.600641344601149,16.731669507129354,15.911009310532123,16.342770644981517,19.091081422429088,43.45049881590998,15.08637288701583,14.125652721173813,16.20393950979889,9.951348719652033,7.165487458691422,9.584995263832267,4.987779550717422,0.15789020172213622,0.0019189520447300502,103.359375,rock.00025.wav,rock
-58.96633,106.565315,-31.794184,47.919727,-17.430267,27.756453,-14.035484,22.419857,-20.562475,19.568918,-14.586194,10.188967,-10.941551,4.525453,-9.733946,4.6158075,-10.116572,1.4642454,-3.002891,-0.6160972,952.3231,382.381,182.68129,124.578125,123.44591,87.77788,99.69456,45.99507,53.42014,65.54383,41.687893,35.0306,48.241734,33.676903,52.05118,43.06591,29.903505,31.433739,33.20252,32.009865,0.45049644,0.33716843,0.5083204,0.26442823,0.30959105,0.49972004,0.40608925,0.49733657,0.33008635,0.39048752,0.29998833,0.30376565,0.118516795,0.03942724,0.13002628,0.032534253,0.04970211,0.12985837,0.06037787,0.10519758,0.04639301,0.065629505,0.05136953,0.0508914,19.33545123635788,14.560613579016756,17.52245562045132,17.320393360157748,17.04271692043915,18.19105991237533,42.601022376454715,9.232851316522769,13.213789832485075,17.669934237546464,12.475812730335004,8.472439491914415,11.267066764015494,8.225498959215262,0.1229387879740712,0.002153526277070163,112.34714673913044,rock.00026.wav,rock
-123.34534,74.88168,-17.058035,31.609985,2.5446815,17.32831,-3.8152325,9.7234535,-7.237524,11.2586565,0.38198882,3.4685218,1.663686,-3.1594353,-1.0820168,0.31572542,-5.9876003,-0.31926423,-2.3376033,-4.321616,2638.291,637.5639,273.49777,200.48418,108.10187,89.28474,101.97509,61.39626,65.99235,46.9783,44.053905,48.98466,70.56863,49.43048,44.15233,43.701283,50.225594,72.70314,65.23295,50.4502,0.31874847,0.35172147,0.3573938,0.44252992,0.38809165,0.5323451,0.47069454,0.3732306,0.42527878,0.4046817,0.4468455,0.31869012,0.07527766,0.087967016,0.056290977,0.104477555,0.05599062,0.105937004,0.0995463,0.07719813,0.10972173,0.07726147,0.10136932,0.06780132,17.595369174542714,15.96788049862001,17.694241771059616,17.91038164382781,17.78167790539302,18.173581101817803,20.05243856728134,14.2995151384614,25.736809641020898,17.4944560754988,9.004202514034395,7.1371603944205875,7.280368901176873,5.490648811545131,0.13342209570917182,0.004557295710476564,151.99908088235293,rock.00027.wav,rock
-92.62163,101.8119,-33.467396,48.70225,12.402112,20.80687,8.704763,9.274925,2.7675457,5.239055,-9.331888,-3.4845622,-4.3514476,-4.6579022,-3.9693062,-3.1256864,-7.000376,-0.39668337,-1.1515986,-6.0074587,2625.0862,754.5912,378.08545,209.77312,116.91789,66.86845,60.553528,56.79049,64.0097,74.10973,50.0194,44.61957,36.30477,25.78944,38.851196,36.15971,30.519737,27.82205,35.850536,34.793232,0.40686667,0.3928364,0.38605744,0.40750027,0.35050076,0.47605363,0.3409876,0.37520993,0.49480706,0.5509888,0.6587349,0.47236416,0.056388885,0.09797155,0.0694708,0.096220784,0.05203775,0.08208504,0.05743407,0.06967673,0.08584351,0.05686176,0.0939658,0.044058092,19.69067229874991,16.20837329054145,17.314783551266462,18.02734369755564,20.117566027886742,19.846406650741972,17.688300987554797,14.661859954706825,20.736968762083333,16.453046674510997,11.862138593261646,9.244962355331259,9.928662110430755,4.219318724154493,0.101985399937113,0.001351561678293563,135.99917763157896,rock.00028.wav,rock
-42.447617,85.069405,-7.393643,40.713787,-1.0123376,18.935547,-3.5306551,5.8736205,-5.017307,4.2433105,-3.18037,-0.57210743,-0.52737564,2.3468528,-0.36309707,-4.0984535,-3.8541589,-3.9137459,-5.7824674,-4.3283887,1371.6476,534.1708,309.10632,121.80747,75.60015,83.540596,55.933678,40.54088,42.087505,46.880695,43.58465,44.532436,42.555805,33.389698,29.0424,33.056828,29.98387,25.379873,30.631615,29.522814,0.5637409,0.50436217,0.51656836,0.35908037,0.34413838,0.36635488,0.40779486,0.47483125,0.34802434,0.3859295,0.3457158,0.4066723,0.120505676,0.065694004,0.098419614,0.06652913,0.06587208,0.07076191,0.07492183,0.10736994,0.056331526,0.072331116,0.05508211,0.07224286,20.376422539040266,14.141602503089565,17.54570116217105,17.16490937199538,17.573210105458415,16.511753651107405,18.52477196449564,14.402857882084271,15.20708807247134,16.637575631077205,9.752743062762708,7.224136484612822,4.639322962240879,2.810974442259405,0.11148874383223684,0.0022696233012300567,123.046875,rock.00029.wav,rock
-131.44669,67.71616,32.899063,34.58986,-3.2580535,21.883932,-5.811073,10.241139,-7.0569263,2.2975733,-4.3679585,-3.330299,-6.2800264,-0.23067869,-1.9748887,-1.892943,-0.8794302,0.95149106,-1.5379335,-1.1708617,2447.5264,836.95685,808.7678,346.22006,126.16428,188.98892,107.501884,68.2371,70.03454,79.1334,50.89233,46.23365,45.73721,38.365246,41.71046,34.70775,30.631495,28.95561,33.308727,34.780907,0.2719299,0.34288746,0.5329797,0.47947896,0.5178717,0.4412769,0.3314369,0.26456946,0.36835268,0.41436064,0.33875543,0.3801605,0.04708525,0.05526246,0.11295875,0.06938498,0.10320545,0.061443534,0.05744523,0.04989968,0.09176438,0.12640585,0.06692182,0.09292764,23.203241298685857,15.355055970620635,18.639436848944847,17.53932875587093,18.44373730388198,16.865103228022367,17.881589778746267,10.184006297915161,19.804737029994143,25.806009364886947,18.126185238017815,16.53383109684525,6.491926978690721,3.4232457167364285,0.11496000024187307,0.0036778730590350172,117.45383522727273,rock.00030.wav,rock
-89.13876,81.39791,-12.569812,22.792751,-7.059605,-0.49249193,2.775772,-3.4295094,-7.7128286,-0.8480601,-4.8873973,-2.684865,-5.287197,-4.5962753,-2.9684243,-2.2058465,-3.5681212,-1.0009714,-0.501564,-0.9720016,4752.314,892.80835,623.9194,192.64832,151.6586,154.29227,150.92494,80.66987,76.67833,85.93066,63.406754,77.12434,63.07297,47.85833,59.48953,48.15426,40.74591,62.374165,69.26045,69.59331,0.32809305,0.31737217,0.5181568,0.29252893,0.3283596,0.35777846,0.44597208,0.5425022,0.2794012,0.3100228,0.33713663,0.37309512,0.09638705,0.05871373,0.10920204,0.046169735,0.082763486,0.07978899,0.10227215,0.11420027,0.046345234,0.071072884,0.074703805,0.085612655,18.26508462997906,14.900982705995904,18.600504952358435,19.58693735654214,18.705630597751348,18.714155549953237,15.411595615645316,17.84246976817217,19.40757253127634,21.85703802828692,19.982503878987774,14.512558451442759,11.711404415240668,3.4119427421744595,0.13247236600232198,0.0031471117851194362,117.45383522727273,rock.00031.wav,rock
-26.406458,85.79429,-16.961445,35.260883,10.0001335,10.668921,1.4469968,4.710634,-0.047283184,2.0705884,0.42054668,5.425936,-0.9531181,0.4848045,-1.5262778,-2.4637327,-5.8784075,-1.5509746,-6.817296,-1.3808378,1054.837,493.6985,231.77434,128.06516,154.7109,73.2617,64.0691,59.920975,51.368015,47.19175,82.93042,43.89457,49.09777,32.706165,52.635075,53.675617,43.858887,47.14578,54.644985,54.43248,0.4306097,0.3463961,0.44818243,0.33340174,0.4167051,0.36841565,0.36703956,0.36464944,0.340135,0.46988124,0.32447556,0.39184216,0.0917671,0.06398558,0.11660358,0.058317974,0.09955082,0.09204971,0.07661252,0.080316186,0.06645295,0.12365744,0.06454204,0.087641835,19.17094071697772,16.127655561594842,19.098877515217136,18.446831031605495,19.32033707958322,18.111433663351203,16.958490187125363,17.994152756144842,17.38948194934856,24.488723624848763,14.328790799552475,10.341402175735253,6.430402403502823,3.315098349955454,0.1154928768382353,0.001668146867566238,92.28515625,rock.00032.wav,rock
-119.11726,128.928,-17.856234,29.175467,2.7212582,8.001319,-7.058392,3.87789,-1.508171,-3.983859,-7.040401,-2.867053,-4.1777964,-1.8459401,-2.9485059,-2.2535996,-0.5701705,-0.09753928,-2.7966614,-2.6330163,2545.1592,868.37036,364.8222,96.41736,118.61991,88.2439,102.04795,70.868,60.0418,59.41679,51.03997,37.85331,43.03443,52.129837,59.265095,61.629658,64.28176,67.46673,43.448128,49.019028,0.3723924,0.6060534,0.34555244,0.23532815,0.2497367,0.1976898,0.23486406,0.21490334,0.3958864,0.39998937,0.2616327,0.36821583,0.05533941,0.13746068,0.06313764,0.041381173,0.076296695,0.033379957,0.06827805,0.043647647,0.09687461,0.116443835,0.051817264,0.11220181,20.767903132175494,14.7374440999046,19.553947899712632,19.279600837189665,20.969375688590357,17.71266494730822,16.950015125141604,13.301220033021963,18.548780183068143,20.57338905071438,12.527113858741465,14.48570334766693,9.229744403765903,4.041772998769279,0.07488654641544118,0.0007057696244382745,117.45383522727273,rock.00033.wav,rock
-28.089369,65.62969,-7.35323,33.593567,11.073499,14.760504,2.1976209,10.063779,-0.32938397,10.1363125,-2.7488217,3.1914697,-1.6832663,-0.15931499,-1.6892452,1.850086,-3.969614,-1.6286495,-6.3913174,-3.8662076,672.8044,341.58688,254.62811,173.18356,94.0704,74.27548,78.17656,37.901833,47.146797,52.72066,73.05837,36.33407,39.998295,35.54588,44.670296,32.07104,33.154816,38.178158,37.45681,65.15196,0.5104292,0.35109136,0.31441423,0.30581713,0.44737995,0.564236,0.47358775,0.45049873,0.44076303,0.49822432,0.3285389,0.36564723,0.082422525,0.052472744,0.07273644,0.047237337,0.076303445,0.08971723,0.0714566,0.088437356,0.072506696,0.086585276,0.0509912,0.07423326,20.652504007813874,16.482573888090368,20.1261204822393,19.29476059193165,19.025560841782216,17.74561740575455,17.640473082854733,17.391174163748797,14.562834454022974,15.539779927990677,11.116923951343058,6.998719775551846,5.3507042683762025,3.956535642626614,0.13500787599167957,0.0015244869589160018,135.99917763157896,rock.00034.wav,rock
-124.00577,109.503204,5.8832054,32.884655,10.982734,11.693243,12.679996,12.969646,1.6491059,4.5024424,9.673786,3.0551999,3.5307927,0.73487467,1.7676071,-0.6809697,-0.039916176,-1.0109476,-5.559717,-0.84976196,2413.2935,583.10815,366.604,127.961555,82.4846,55.380795,58.308823,47.451336,39.602905,34.847027,34.592503,31.955294,25.054853,27.892971,31.341808,24.663229,29.280174,24.514923,31.88848,34.507042,0.4698577,0.43277314,0.45421717,0.42379048,0.5113279,0.39766926,0.35193276,0.2851573,0.40643543,0.51201767,0.55178136,0.68984675,0.056827918,0.06077852,0.0870727,0.06286288,0.11215418,0.06875697,0.04233349,0.028053582,0.07401392,0.10385085,0.05553052,0.08263048,20.035874603795016,14.555656770053265,16.60075815146233,17.59430742074097,16.73924512199435,16.436848702120614,15.164210494383696,13.31108979080018,15.27616287795183,14.483447135522404,10.793889123626197,6.85049307557262,4.577303038659558,2.5849166299477693,0.05698831753095975,0.0006294772520967436,129.19921875,rock.00035.wav,rock
-0.4510209,72.64673,-13.214342,23.930399,10.373189,10.31697,-4.924216,14.358382,-0.6711962,9.922937,0.70188165,5.2240453,-4.06671,0.36133868,-0.31027022,-1.3569221,-6.1766877,1.0102043,-3.3962116,1.3683001,945.3945,479.274,260.57794,94.65301,94.00013,77.51887,66.87446,53.64966,44.10942,52.260956,38.251755,40.105904,34.96838,29.321238,33.33298,32.70475,32.269634,29.421799,34.521355,49.786217,0.43922278,0.36755168,0.4796191,0.37612274,0.47040665,0.5320163,0.38834104,0.46393853,0.44243643,0.50493306,0.31915903,0.35698813,0.07322637,0.05605651,0.091048785,0.049601175,0.08159932,0.09001682,0.057123367,0.10590471,0.07145097,0.08977466,0.053848933,0.058739517,19.63072290978406,14.916059914683878,18.118403297728833,17.750622576323074,18.223459787304282,16.911792476719327,19.09037789692512,17.498144575560016,14.769061980823473,15.63827065968681,11.049167671175779,7.888660185174682,5.865690009246183,4.792997718476934,0.14617523098877708,0.002384413525446868,135.99917763157896,rock.00036.wav,rock
-71.16524,79.446724,-20.793613,30.656105,5.5383873,3.697484,4.694747,7.2714033,-5.486176,2.4909718,0.837998,-0.583319,-1.8935434,-4.7858295,-3.0449233,-3.8708224,-6.898971,-3.7814965,-4.804478,-4.8063464,1828.2368,489.40237,356.08517,232.58156,87.61379,74.35883,72.86459,47.728348,68.596436,53.33941,42.633495,40.09511,35.13922,28.538206,35.80452,34.673923,32.335823,40.60833,35.021564,31.325392,0.5384739,0.3778479,0.41948876,0.39868695,0.5362977,0.5025845,0.47094074,0.58233905,0.39839408,0.36292356,0.39461234,0.43923274,0.09519065,0.049696617,0.07415477,0.05166174,0.08448614,0.07667546,0.06666415,0.08583602,0.052611686,0.056321736,0.06466571,0.0614216,22.966931864416182,14.834740148188969,17.447393359233704,17.301191728470755,17.670995145226705,18.941485724409414,16.453999341552006,16.030018418107154,14.92218477774297,17.450206021205613,10.577353075535372,8.982883147474082,11.495172801280813,4.018417711193511,0.14631922104779413,0.002432628163460325,129.19921875,rock.00037.wav,rock
-15.92807,67.15309,-20.1219,15.576831,4.8012633,10.825858,5.9594,11.79642,-0.39681533,5.6550355,0.11372394,1.0979241,-1.7415591,5.704884,-0.5941917,1.7240587,-1.5776426,1.5810983,0.4128151,2.9387238,1142.6138,446.87433,410.77057,229.11185,226.8246,188.82095,112.03914,96.057335,99.74888,89.65114,83.49225,93.88437,74.604225,77.67993,64.62638,69.58922,55.31495,47.192097,72.59255,49.90895,0.4175938,0.45080948,0.3405453,0.3127889,0.29648218,0.38110328,0.4970867,0.3984023,0.467001,0.42836788,0.4701425,0.47741237,0.078856334,0.09319765,0.062416613,0.061858848,0.06112424,0.06227222,0.102771096,0.06436823,0.09592819,0.07809057,0.09661545,0.10882163,18.54809807470556,13.923787613151466,17.103912496287933,18.24997330736677,18.264552227256935,17.60028650102727,17.81676390803163,27.076872146670183,15.805297181160077,15.164904540792662,10.587960393925224,8.647777355925353,5.973586118692154,4.819019870461612,0.14055017052051083,0.0035422740809959432,135.99917763157896,rock.00038.wav,rock
-50.866234,86.39504,-14.416372,12.843614,21.69903,4.23861,1.7381626,3.7064326,4.6919465,-1.8630103,-1.1926677,-0.010121396,-4.1189137,-5.764848,-1.0660443,2.3003082,-1.5742458,-3.8516486,-6.1434116,-5.3746514,1275.1035,350.08786,214.22449,80.54691,134.94853,59.16267,51.906635,36.616642,37.249714,31.21026,21.411396,21.756292,29.259953,36.539867,26.352886,18.045624,17.226742,19.375813,18.571634,17.17588,0.39413756,0.3500882,0.45510486,0.36477092,0.56508803,0.35070065,0.43242237,0.34442642,0.4171504,0.6944126,0.44611296,0.49792954,0.056072198,0.046675682,0.08216176,0.032644276,0.095791616,0.03774407,0.06074213,0.076161,0.043627884,0.09892973,0.054704376,0.07020899,29.47568592343275,14.767339033783813,15.500314835231379,18.921881999621622,19.903551487176248,17.225559337553307,15.06824836645357,33.79475174696557,18.441332535097512,11.499291466664452,12.283513307878092,8.981043306828079,3.805281373700396,1.3855603025443852,0.12278761730843653,0.0013832491916048837,143.5546875,rock.00039.wav,rock
-65.988464,61.27697,-1.9339222,35.323074,9.3201885,7.5695205,3.415293,2.9780252,4.6153226,2.916524,1.7740641,-0.39260384,-5.753547,-3.483317,-3.6841912,-5.719156,-3.9535744,-3.0872214,-2.7268662,-0.91234577,2666.9558,454.58795,343.1085,267.82886,96.99287,120.28587,109.62829,62.90229,62.08364,46.67037,53.99497,44.81071,39.343365,43.393894,56.06498,42.285942,48.78506,49.47632,58.135654,63.20487,0.39024633,0.447008,0.5124948,0.51339346,0.45840403,0.37021545,0.35913804,0.419584,0.40747336,0.38559508,0.3432605,0.38625184,0.08896234,0.078096434,0.10563609,0.10205527,0.0925586,0.08013906,0.07506707,0.08788682,0.078752756,0.08340961,0.06298065,0.083440766,32.00525629739144,14.181657004066947,16.27838335347718,17.858677137093093,18.310405105842566,18.13926947683805,15.056346175083071,32.13489216161234,16.55905495339428,17.556322447377998,23.05211395246736,13.528433875636367,7.796029893891483,2.567627935265093,0.14474440063854488,0.0034672696885061777,112.34714673913044,rock.00040.wav,rock
-35.39913,73.67545,-20.210777,17.162956,14.95129,10.214682,7.6044693,1.5989147,4.177347,0.7355448,-0.38544574,-1.3131804,-2.0491896,2.5269113,3.6032965,-3.5395648,-4.7911935,-2.5054598,-3.9842026,-0.8272479,1419.7397,495.7861,274.8066,195.587,124.72206,66.80802,75.52482,53.4018,40.773922,39.761345,43.23816,32.954704,33.421158,37.643215,51.290066,30.738789,23.3375,32.228428,39.30898,36.361794,0.5825344,0.34527007,0.30184144,0.30954012,0.350924,0.3656551,0.38078645,0.5291762,0.3091089,0.3979338,0.42170447,0.53210545,0.104111075,0.06398787,0.062697664,0.060333487,0.057540692,0.06706629,0.0674306,0.10267756,0.04579071,0.08393262,0.070547946,0.07285983,29.11441662772307,14.50069077446434,17.531912829939436,18.516482568735952,19.162656612315942,17.938174496310786,15.055207534604705,29.29268900045081,15.082169466930997,17.5693801474474,13.00237288507552,8.505786293932038,5.616892627387932,1.710436460011429,0.14837174076044893,0.003310096257715304,117.45383522727273,rock.00041.wav,rock
-74.19892,76.74987,-3.8123217,28.032583,8.144328,6.0188737,4.3061314,0.50524384,2.8562193,-0.9419192,-2.3505528,-0.28286356,-1.4562795,-3.6081467,-1.5266334,-1.5142529,-5.0189962,-2.3985136,-2.9776542,-4.94984,3573.5225,716.5717,515.2227,263.2442,172.65059,83.48853,92.64817,49.330353,68.2092,43.467945,71.676834,41.47517,45.60595,36.504128,32.40529,35.964874,30.475554,27.140377,27.861252,24.964016,0.4631265,0.38691723,0.4288195,0.40114406,0.49567223,0.4131526,0.40108016,0.4434251,0.44300577,0.54693884,0.4291277,0.48019233,0.081934564,0.06814763,0.086788744,0.06311478,0.09449584,0.0867237,0.07044947,0.07526689,0.07008962,0.0974793,0.0650789,0.0809736,22.752620464055074,14.798232950806367,17.03580331781378,16.38456000274596,17.518045611270285,16.89574882883829,14.838845753567218,26.267079981574426,17.496950749767393,20.019026815137735,15.04307197706872,9.894567127769927,7.137004387752684,2.0895318060507693,0.13764807166698917,0.0042610982081371105,161.4990234375,rock.00042.wav,rock
-62.079945,75.84869,-26.757467,18.279894,2.452302,5.826196,11.583856,0.009005898,8.69518,5.5144095,-0.25100037,2.3990037,-1.7422585,-3.171658,2.0054278,-1.4090078,-5.5262985,-2.5283453,0.6192494,-1.4051203,4699.992,526.84186,425.00577,205.30844,81.22032,73.06972,113.23121,71.46123,81.756546,58.290237,38.887245,53.324825,51.404617,56.98827,51.688213,39.995956,52.84874,55.69744,45.67578,54.227783,0.4710505,0.5093185,0.47780338,0.41434166,0.41294786,0.31033862,0.3512399,0.48247468,0.4195152,0.51245636,0.3374251,0.34397593,0.09868526,0.085607,0.106656455,0.084510945,0.09262247,0.06606671,0.06721751,0.10068857,0.06549494,0.110378794,0.05892569,0.06597869,23.812062196544563,13.4623809909676,16.72215091898031,17.49607769872883,17.794633045342312,18.473558511828408,14.666364444028789,32.72001863715702,15.753041887477481,19.32799284005529,13.717847795319935,10.361636475761731,9.320506075072574,1.7019729410080806,0.1440289854634288,0.00265598591274567,89.10290948275862,rock.00043.wav,rock
-118.357124,130.22548,-3.0720034,15.7343025,3.9399168,10.663592,6.834913,3.3929513,0.7619887,-2.5365586,-3.1070428,-2.8583639,-1.6224062,-0.2053219,0.7333941,2.0148191,2.0788786,4.1505575,3.1571188,2.254137,2392.8242,964.161,469.03424,243.4165,118.57435,61.88672,46.16194,39.85259,45.845196,33.174706,48.037926,82.80742,42.536823,79.26001,72.9785,61.211002,58.894073,61.715374,74.24121,64.46935,0.53327763,0.24440314,0.2094157,0.1907797,0.3534409,0.34746498,0.30102438,0.5034682,0.30162242,0.34845573,0.14787707,0.25554883,0.12036988,0.03543119,0.06385303,0.032204613,0.0817899,0.095708236,0.04404456,0.1265589,0.044961236,0.13375755,0.018048394,0.051528268,26.882941265474322,15.953446387536372,20.824776877589898,21.884768914219887,21.824337189652322,18.860055525086228,15.548155096580182,18.885908460007627,17.274697960837052,19.422667919975044,12.631335106547981,12.783121946610244,9.40051508516718,6.041150016286194,0.06892966633610681,0.0005107292363897515,92.28515625,rock.00044.wav,rock
-172.59167,142.76537,-55.78309,79.31112,-1.8683821,4.811142,0.23752724,-11.501947,-0.27545613,-9.37254,-7.673828,-11.250281,-5.6764617,-11.295421,-7.6816225,-4.2779303,-11.279209,-7.829242,-7.7251334,-8.160577,3888.7952,212.34041,401.40683,106.0011,121.76199,66.893295,53.797203,41.90725,30.262033,45.15345,29.058031,27.29583,25.528444,24.24037,23.124805,26.000055,17.865442,20.008713,20.815544,21.398897,0.26607138,0.25016448,0.16539653,0.2474399,0.6207771,0.40470493,0.26523066,0.28846335,0.32297173,0.7141337,0.45742667,0.33341312,0.07625239,0.046965312,0.024488129,0.0187671,0.102103315,0.05363296,0.04846432,0.0719905,0.027859472,0.106613,0.04292971,0.07882233,28.1245152683037,16.942091676500493,19.13192029345044,19.04189529353399,19.05767983775983,24.43403962511294,17.04963814463334,23.108261823442046,16.43305542051123,15.502893523967023,10.939857302617929,8.829652105058534,4.783151867076496,4.709941395591537,0.0789651309742647,0.0008131025989640498,151.99908088235293,rock.00045.wav,rock
-83.093346,91.52499,-13.697013,16.139076,10.334052,5.5303426,-9.448829,-6.6147943,-3.0317733,4.9391313,2.6464746,1.0551015,-3.667946,-1.6078455,-4.42887,-1.859618,2.0090718,-1.0240622,-3.1773005,-2.2925801,2543.5781,712.0639,436.55887,85.17726,81.81132,79.29313,76.11533,55.630386,60.358276,38.690704,35.655674,43.691208,50.937004,47.042896,49.828407,33.390747,52.609787,47.578968,45.228367,59.29956,0.2635827,0.35823327,0.31676552,0.26039574,0.588885,0.28574824,0.29661846,0.44176254,0.42671463,0.5373969,0.30478996,0.25484997,0.04209128,0.06959751,0.089683294,0.031144112,0.12893121,0.051057898,0.06038704,0.1121718,0.05905097,0.117190875,0.04745188,0.036217712,26.96582538486348,14.267208927154233,18.52812615378799,20.149895581206504,20.11867520832568,17.250919052631417,15.323484457391379,24.973097440244473,15.22175831703028,21.2625002341348,13.246580937631608,11.952402751400962,6.104249392971923,1.8627012635505469,0.11816519627999227,0.0016773944655870978,103.359375,rock.00046.wav,rock
-58.28948,62.493942,-12.665307,31.92991,8.108557,2.252082,3.9014304,1.4481049,-2.7169504,1.1021154,-0.46053764,-2.3829656,1.2428724,-1.4979297,-0.4699666,1.0395395,-2.0701606,-1.5083193,-3.2080479,-5.0618963,1856.0463,688.71893,335.00323,274.55115,107.31442,124.77894,175.22083,105.08257,88.87627,85.040565,35.36736,49.179882,52.813206,46.948963,50.27843,69.34383,53.152035,51.961643,46.593452,35.90722,0.4121414,0.48022273,0.47234115,0.36316827,0.40106022,0.41009045,0.52914137,0.5932584,0.505405,0.51640445,0.45866078,0.39468208,0.092034765,0.090789124,0.09145012,0.055840548,0.07015149,0.061227668,0.10157723,0.10156629,0.07431459,0.08922097,0.07987762,0.079211235,25.35001715027988,12.66317618938129,16.45253221306594,16.94379365500495,16.922852742968043,18.135671608066225,15.699396460073297,32.275245214433234,14.615365931944336,18.507426848521302,13.639214496238694,10.997628101879455,6.694954611663419,3.6903265535369987,0.15630366558630032,0.005145039424288909,107.666015625,rock.00047.wav,rock
-93.35921,137.46544,-45.092747,37.819134,-9.423071,12.591269,-7.4945707,5.5483747,-3.7386365,-2.014053,-2.458912,-9.575428,-3.1775432,-5.571349,-7.5064034,-5.6773906,-2.0041285,-3.8710015,-6.2181416,-8.103474,1342.5204,515.832,159.01628,154.07565,142.37247,97.076126,50.82795,65.08263,62.622517,37.90312,54.366734,46.589844,56.82574,57.04385,48.181755,41.57108,48.41751,68.947624,41.605755,66.440636,0.33156148,0.23280948,0.21220216,0.18636496,0.33681765,0.16999368,0.22092761,0.26446092,0.38709143,0.6787099,0.41776216,0.41966003,0.099076726,0.046733297,0.066932805,0.024687322,0.08459518,0.018623888,0.0413026,0.04932471,0.039808184,0.12629005,0.044377036,0.112982325,27.292932384736226,16.13463481858993,17.291421636524138,18.57402192249039,18.36870212545068,18.983993361418083,20.37159393961932,22.73985048093904,13.831209342630038,14.24150401012725,11.064118519866643,9.063298891220226,6.142502224090613,11.124991602277463,0.0852647905379257,0.0007801893100684227,129.19921875,rock.00048.wav,rock
-142.48468,116.16892,2.2694674,31.065384,6.1926603,0.110362425,0.3172528,7.794024,3.2462351,-3.0221734,1.710509,0.742647,0.14290635,-4.416969,-4.4712453,0.51342785,1.2327409,-0.15891476,-2.616297,-4.4491606,9882.431,2135.2358,453.27594,188.73723,139.93097,82.943085,60.8523,56.406708,52.83023,74.28847,49.92548,48.25936,44.732765,38.107616,52.052177,35.97011,33.511784,34.83167,36.091805,41.559387,0.30426794,0.53178555,0.22196887,0.25810397,0.5202373,0.43347606,0.68045497,0.37843248,0.3689949,0.3512265,0.2804809,0.42386606,0.031916007,0.10109271,0.020322504,0.02991146,0.09968609,0.043328747,0.10852782,0.044738907,0.06122873,0.07680125,0.0424009,0.08074729,17.11979113244459,15.579034428287938,18.929837633176486,20.6344901747531,18.474107303144443,17.868454863966168,16.090620367794987,18.497404303188215,13.717335915948151,15.842452424539939,20.92246762118644,12.032558495889566,6.474693525746496,3.698608160768289,0.09130519241002322,0.0029182823334143442,112.34714673913044,rock.00049.wav,rock
-145.0086,118.483894,20.532211,28.56977,2.3525505,10.085841,11.913156,4.8564005,-0.06745915,3.293767,3.404333,3.653159,5.371289,2.2605515,1.8730618,0.8674155,-1.1843064,0.8131391,1.8204097,1.797177,5062.503,1283.9788,337.06674,118.03362,85.32027,70.40306,55.751476,53.16523,66.13955,43.176857,54.101746,37.40872,60.750507,61.116184,33.33234,32.451557,25.802074,28.650215,39.545338,32.36784,0.4170419,0.7216698,0.3761597,0.33972588,0.3340219,0.41815543,0.3495013,0.33850753,0.455312,0.3377349,0.34546956,0.30240646,0.056159653,0.12255781,0.04890776,0.087264,0.07310547,0.09337238,0.06750072,0.0675918,0.111519,0.07262186,0.07847233,0.052937787,16.092628028143864,16.140982701368916,19.137662180412036,19.179035024924776,17.671801448225875,16.87154432513227,15.690643387034884,19.629595678764126,16.198187331733504,18.6740638161024,13.888271844899478,11.280997587778353,8.80870215677295,3.8776192195687758,0.053289549269543345,0.0014567350735140265,123.046875,rock.00050.wav,rock
-66.34945,66.78922,25.184574,26.302906,5.30007,10.462487,2.4782748,0.7563055,-0.37080547,1.7285495,3.213731,5.0367546,-1.9407184,-3.0750816,0.38418493,-0.7763853,3.7200177,2.4019525,0.20658383,-1.6939887,2345.3022,578.1719,351.4984,132.99875,131.00496,76.834114,85.85501,70.66701,65.90711,70.16755,46.539207,56.00852,52.46367,53.98266,56.710186,39.01209,58.646744,58.24919,45.261307,44.593285,0.28029034,0.42704505,0.33739176,0.5323558,0.32971653,0.3088653,0.32598174,0.3974448,0.64195204,0.3724892,0.25791374,0.2138833,0.053702593,0.113433816,0.043946307,0.13514432,0.062347885,0.07590719,0.07405589,0.061974492,0.1008923,0.066840716,0.056320198,0.04233703,18.029660101646595,15.178822045379226,19.692601456920542,18.142569388137698,15.932637835546183,16.157755902455815,15.264673874811601,21.30562972379827,18.131188760236185,19.934841642795462,13.403418325790579,8.315203764411711,6.256845418975732,1.9739930544210544,0.12080841536861456,0.005826432233288481,89.10290948275862,rock.00051.wav,rock
-181.25508,103.40521,9.393452,19.0761,13.79349,-0.49876606,4.3651223,-7.606604,-8.104534,-0.14550002,-5.163272,-6.3069296,-5.464432,-5.9768987,-1.1781267,-2.6688554,-5.1849394,-5.285638,-5.7971735,-3.718739,9546.584,1942.2874,767.35834,318.01074,201.08156,275.25818,161.76622,96.56459,111.006546,91.1945,88.733154,81.70938,56.939663,65.76628,55.689663,52.2419,47.486572,69.46924,64.61871,56.34315,0.2185976,0.19311105,0.28354782,0.41275364,0.22873957,0.25850478,0.3718807,0.4308076,0.5829677,0.40107614,0.3416332,0.36479363,0.050124615,0.059980463,0.07676952,0.120619155,0.055947825,0.07749501,0.095029056,0.08637793,0.13786036,0.08863937,0.08177224,0.09677508,18.89970648187961,17.151147755120913,20.422706441937915,18.57094621474894,18.246396753359274,18.549955571508356,15.47508741388543,22.121347974281974,26.753617821660608,25.058949154477023,18.649873974654813,12.971061814793387,15.33119001054415,4.042015724803579,0.08860566224845201,0.006692323404611285,129.19921875,rock.00052.wav,rock
4.066039,52.615936,-11.040759,19.70849,11.2908325,7.0625377,5.064019,4.561151,0.028141128,5.1483927,3.3997617,1.1702251,0.5825346,1.2787391,0.7192795,-0.8079882,-3.00965,-1.706633,-1.6908512,-1.2908862,1102.6394,241.79659,121.82626,108.18194,86.086334,61.70702,63.614635,46.387585,46.42363,41.188293,43.048283,31.64466,32.768013,26.049429,25.658228,32.30267,30.057844,34.030174,29.682177,42.02838,0.78688884,0.42137107,0.3324613,0.28560224,0.3797677,0.41571254,0.34589246,0.4563615,0.2967635,0.35987216,0.39288452,0.4361372,0.07647311,0.04472847,0.058087487,0.048537176,0.054574583,0.08401746,0.0548477,0.07928461,0.042138565,0.062215947,0.06186039,0.045869824,17.50460391589134,15.082866728194945,17.37949355966247,16.715217323114608,17.42348745442436,17.077819671268706,15.325712612464693,17.56065856191801,14.638315858940427,16.468281233674237,8.803592494532161,7.555909931747731,6.131280270571169,2.4360016341589135,0.18757331777283281,0.0035673045650667155,117.45383522727273,rock.00053.wav,rock
-156.23691,75.612015,-16.506853,16.341146,5.819572,6.018424,-4.1331725,-3.7573888,-6.1688933,-8.928879,-4.102285,-2.2225194,-4.6504216,-5.414164,-4.688722,-7.082145,-3.8898087,1.3867227,-2.0099483,-4.728931,2345.4412,994.0395,274.58603,229.389,125.55706,95.566185,76.083275,96.89863,86.90832,91.94661,70.11252,91.42688,85.328926,82.14995,53.837715,66.51987,38.888138,56.491486,80.27316,48.0325,0.4882421,0.26974142,0.32185268,0.3490834,0.26852444,0.26098228,0.26127288,0.62552166,0.26060572,0.2739695,0.42449403,0.35545152,0.12059661,0.050090235,0.06438037,0.10191311,0.05582542,0.06758149,0.036307927,0.11612257,0.037632838,0.060790237,0.11733984,0.065856904,21.977536992868416,18.055699163425924,20.544643685578023,21.60931249873759,21.30100479705526,19.793960102320852,17.13098521684317,30.947327457558607,20.329897509290635,18.70359425058318,15.559343218870406,14.199289831825718,9.579159916862883,6.026183424143244,0.13243306162925697,0.007302437736865831,107.666015625,rock.00054.wav,rock
-91.89978,130.00647,1.7901883,11.658318,3.2286391,-1.9668545,-2.2121937,-0.8591419,-4.3378644,-3.5468602,-1.5544236,-0.5467613,0.4062906,-1.6508831,-4.570645,-2.974743,-4.2806687,-2.6867945,-3.5489151,-1.4507276,2093.9304,492.11063,370.91895,214.57271,77.26162,115.37898,50.456394,62.188534,53.008255,57.82855,32.735905,32.17045,36.32463,34.50842,26.599905,25.44847,27.407206,32.893517,27.316256,26.912756,0.6360694,0.4350593,0.32853124,0.31292853,0.53883344,0.49280843,0.34580147,0.52432,0.38660392,0.49092868,0.31705368,0.3704276,0.088921234,0.05814637,0.05523103,0.04003413,0.08942289,0.0848484,0.040679622,0.08842136,0.03568457,0.09141917,0.03845312,0.052377395,16.762264993759512,13.321680922973723,16.03527069943092,17.753951027919545,18.124746940069592,17.2975224846143,17.45165188990077,15.325172766662385,13.01521886123541,14.711213725432962,9.23375520230656,9.368077476706848,11.923094406735693,5.992544257639299,0.06657442736551858,0.000366685879465995,129.19921875,rock.00055.wav,rock
-7.851339,59.508636,3.6690323,28.985016,4.145485,10.275528,2.5448916,7.594006,-1.384974,2.9601321,4.0424523,-0.75121945,1.054092,-3.0428936,-0.99321187,-0.68976265,-0.6888783,1.5260838,-0.46764645,0.5032029,1582.031,340.36096,229.6016,97.394745,70.76405,44.83042,75.31144,38.658543,39.367485,43.773296,36.789066,31.879946,27.961796,24.48966,43.13709,29.190754,26.353708,24.00374,26.583841,25.119268,0.4081641,0.3800416,0.42803648,0.51689273,0.77336407,0.5061482,0.47933257,0.43805644,0.4537322,0.48613104,0.45229927,0.5400282,0.05401436,0.053095285,0.061385594,0.04984323,0.06723511,0.05290196,0.06986546,0.061873414,0.058683243,0.097662225,0.050548434,0.08010447,16.570687445717986,13.358373184723522,16.359442079653167,15.744704279921798,16.139154946613754,15.753582310370106,16.147366885314153,16.106057250041523,12.97486971989028,13.415335256836057,8.622894631126067,6.260158916915254,3.6298287420650954,3.353209626153641,0.17756393007449692,0.004666010213135464,135.99917763157896,rock.00056.wav,rock
-58.60115,64.89226,15.939432,5.449437,7.535342,9.880082,1.5892502,5.3452115,-1.2376224,-2.0299544,2.4436266,-0.72375244,-0.3155526,-1.4825039,3.2967114,3.6478634,-2.5096352,-1.1688026,-2.310104,-2.216286,1524.8154,392.91013,174.21684,166.8262,99.55531,44.432022,62.18687,63.684658,46.886425,41.24976,51.824455,34.9765,40.315704,54.29829,47.446045,47.52734,44.152264,60.0096,62.639538,59.695827,0.39996603,0.27272245,0.42451477,0.32979694,0.43738335,0.4438289,0.42470217,0.4153624,0.30718684,0.47035798,0.3083031,0.44737944,0.07236168,0.040554456,0.102196805,0.05376952,0.106559455,0.09922694,0.081892624,0.09146641,0.051752526,0.11421527,0.043864924,0.10019748,16.531065146455614,14.717636298950863,18.63831598962625,19.057544437235613,17.75816555115792,16.18178190079792,16.29105646520399,15.958721228085654,12.809164579067616,15.027298820819789,11.807186270817816,9.023379624131747,4.180593530152527,3.841908072811255,0.1751028716379644,0.003949253768116443,123.046875,rock.00057.wav,rock
-142.01543,96.99694,23.240543,10.443576,6.2821693,4.9678793,1.0824391,1.0958389,-4.841728,0.8765873,-3.455809,-2.011753,-5.893535,-6.029564,-2.1259284,-6.1623487,-0.32294685,5.0935416,0.12192108,1.6692508,1281.1399,864.49457,323.55585,145.56613,107.36959,81.141045,77.71116,55.017258,64.89367,62.535774,57.36754,61.665134,54.500507,49.149,58.016113,60.278107,74.75818,107.95958,97.80182,94.32292,0.38794902,0.22648956,0.3521354,0.27891976,0.20761134,0.27824363,0.33099163,0.55717623,0.2524676,0.19533524,0.2676557,0.27775505,0.12961797,0.039861895,0.090835,0.08015766,0.042406302,0.09714194,0.06531249,0.13376492,0.058140676,0.043625493,0.083525345,0.05842764,18.81521245931132,16.074193888744762,21.695285392506015,22.430146672876557,20.799434699611343,18.939497551506797,16.424531049509643,15.929206898188438,15.112035329597779,20.269707170935995,16.07279553702247,12.411469780810009,7.89990437411602,5.039868335655108,0.09894309029121517,0.004253349676301905,123.046875,rock.00058.wav,rock
-219.12524,94.35542,42.78742,16.11604,9.527346,12.908823,7.7212763,2.3854547,-1.0225296,-1.9537667,-1.9797302,3.1503797,-0.88504124,-6.862013,-5.0669627,-4.0098577,-5.596728,-4.9922543,-2.514644,-4.291658,2119.7622,1077.2997,427.36774,290.277,132.24777,94.365685,60.279774,50.978607,61.950798,51.384808,46.423206,52.361057,34.761894,52.533764,52.62877,53.64692,44.87004,103.98597,98.17283,64.58988,0.31041297,0.30853575,0.5191375,0.31582075,0.38434765,0.24140514,0.31482098,0.36375737,0.27036577,0.3230273,0.2666432,0.45610404,0.079864584,0.05677111,0.11985173,0.03746176,0.10963991,0.041758426,0.0768535,0.095209844,0.03425152,0.10574537,0.036856946,0.12947322,18.61595991177642,17.782924416672586,22.252439043650067,22.08391836555278,18.858542901519982,17.033769742578432,15.932628960333988,19.332456055938028,17.803913067111157,14.712485932699304,16.21584078854957,10.895934871951251,6.2382511996383165,4.627512117391537,0.0865675037490325,0.0026825356699587653,117.45383522727273,rock.00059.wav,rock
-82.66664,83.48526,-0.57394665,10.4842,10.418732,7.0719404,5.08042,0.08345254,-0.20796478,-0.93477535,-0.09718939,-1.6991581,-1.0245148,0.17488037,2.3965557,-0.44954684,0.8480215,-1.8520992,-4.513158,-3.2022777,1410.2484,527.5556,225.17686,232.91461,76.85825,68.723595,90.75331,68.48331,58.780846,46.166267,47.003273,45.688046,43.12981,53.502964,57.736565,49.151745,67.22447,63.25984,50.35121,40.997097,0.40800062,0.29440737,0.4279934,0.37556407,0.5989768,0.3838309,0.32657078,0.43960953,0.35737336,0.54677284,0.31326306,0.3934615,0.092574015,0.040358763,0.107840486,0.045816693,0.100532,0.06438582,0.062059887,0.09719737,0.053395864,0.099165976,0.046729617,0.07738474,15.962223312257276,13.789221843737591,18.62203592439056,19.06758968232547,19.527041145115703,17.088636877595018,15.386822110877421,16.124530662008574,12.555668136982437,14.876947565778497,11.046901285270348,9.101105725165539,6.318329612835706,2.7663428255394638,0.13467605638061145,0.002611965499341635,89.10290948275862,rock.00060.wav,rock
-193.56299,98.39903,44.057728,23.779394,12.564506,8.460669,2.1713908,-0.34650657,-8.192859,-9.118401,-5.235873,-4.838527,-1.3708208,-1.264208,3.2184038,3.6885915,1.3783065,2.7119117,1.6968778,-1.7956172,4442.3022,847.89703,682.37744,217.7903,141.61302,83.89638,82.1049,56.618694,62.884144,50.687885,63.118916,46.445812,46.245476,94.33325,79.515686,72.63198,88.6957,141.58887,63.81213,84.54044,0.21089807,0.17281285,0.29501033,0.28318086,0.5218197,0.29204884,0.26791772,0.27508757,0.26981357,0.5310328,0.22502759,0.2525293,0.0689557,0.030953787,0.104810305,0.029324971,0.123448916,0.051976737,0.088812,0.100864634,0.036093585,0.13188641,0.027052147,0.096965544,16.733543939232103,18.260819775455502,22.89676612322745,20.037340076226155,17.192936699292357,17.47827649175517,16.430104687375295,17.321983545554623,17.53315354875986,32.69571368236556,28.125531149916256,13.3525824915124,6.4659338029800795,3.7515736867667484,0.06909104102167182,0.0023586951167413736,123.046875,rock.00061.wav,rock
-212.29836,65.75985,45.18236,19.730082,11.805884,8.061574,4.434145,4.215858,-2.3181694,-2.1899483,-1.6369861,-4.6518984,-3.7266169,-6.779794,-3.0030582,-6.520257,-10.924708,-3.3911235,-1.209254,-3.1217554,4092.4343,798.78503,731.7144,316.14203,230.44804,133.4019,121.34677,56.32857,63.64889,69.737656,59.08303,35.427856,46.092346,55.57091,42.777058,51.33948,73.279724,87.58046,109.81339,115.717674,0.289894,0.3948348,0.31175753,0.3484806,0.32195038,0.29207206,0.29525098,0.31527147,0.40645674,0.2760841,0.2844938,0.30017158,0.066407666,0.1389286,0.07875337,0.10561001,0.1020002,0.072367966,0.090874225,0.078447916,0.13307518,0.05165098,0.08085038,0.083704986,19.05978932562073,16.29329170302293,20.903146921196956,20.61748645561501,19.427902842341144,18.257100430112846,17.886320239872664,28.205322541799102,18.283915090201326,31.47873783484597,25.49404581170921,16.554249539341367,7.93109453205873,6.123453564361993,0.10857001620549536,0.004503986131940512,123.046875,rock.00062.wav,rock
-302.79382,116.164375,44.75729,25.957436,18.726181,7.57291,7.33575,4.042331,-4.1868815,0.8677525,0.9239052,2.8157294,1.4195158,-3.4723823,-0.9045972,0.57829535,-0.8160129,-2.3739433,0.37611794,-1.8671849,7846.154,2549.3633,711.27606,531.5706,294.0762,180.22542,148.71643,95.5213,144.9278,134.40399,176.83896,96.31048,127.04214,105.831436,110.86574,63.449406,97.78879,86.86385,75.30349,125.57941,0.46294624,0.35682777,0.39421907,0.33593088,0.32657793,0.29368633,0.28055215,0.42239258,0.3373672,0.1984735,0.22800864,0.31855112,0.14261988,0.07616546,0.10933181,0.08118376,0.10017595,0.094011985,0.05726314,0.11654413,0.09746372,0.04733928,0.07594173,0.063592926,21.736796015549505,21.455117308155707,24.376631215921925,22.853741061727707,20.758877541059338,18.32190702499985,15.800519599416608,25.26612745708236,26.24353217182832,25.508753268276397,27.497378895314945,24.9893852608995,13.247188489012174,2.9617028788401027,0.0558345074255031,0.0028053716921004434,123.046875,rock.00063.wav,rock
-118.818695,104.41145,-29.167768,42.108837,-13.289315,29.063269,-20.876986,21.613054,-24.32235,10.711963,-15.105817,5.948565,-11.778101,-0.9063817,-11.019617,-0.20106794,-6.916349,-1.2956268,-6.312216,-2.7065332,3029.0654,303.75385,412.55685,123.78352,155.38603,122.996666,81.38043,48.989353,66.44726,60.480286,55.01024,46.761143,43.436954,41.646904,60.839687,43.355434,40.37423,47.769505,33.11231,33.204983,0.38395494,0.33479097,0.4506455,0.35158584,0.34801966,0.39718428,0.38335258,0.47234738,0.3420872,0.37299615,0.33970293,0.31538248,0.09414501,0.05965599,0.12152267,0.06687767,0.06969146,0.08985681,0.06511396,0.13085914,0.056864824,0.086443685,0.09036885,0.06107936,19.869388467548763,14.904045687700359,18.567592893586063,18.636886618415815,18.605986070609863,17.36727838175549,41.26910755582884,15.288592478563201,17.617233279178738,21.01509256480753,16.930334799770336,10.51377234078703,5.498875027587986,4.450766453445993,0.10637615192047213,0.001472785576157777,151.99908088235293,rock.00064.wav,rock
-95.29631,103.816734,-37.02142,52.69777,-20.764065,27.576885,-17.536627,24.813133,-11.300561,16.644619,-9.249602,10.187893,-8.786783,1.8505759,-3.948976,2.1735632,-6.692844,5.105645,-9.69792,-3.9585335,1982.3119,421.4319,386.01086,155.88493,148.05524,91.89903,90.613434,76.233284,93.70891,99.57285,80.25613,59.737183,52.58913,46.780754,47.206406,35.713844,36.85761,28.916626,35.657413,38.737743,0.4405935,0.41216564,0.3325517,0.3921736,0.35681316,0.4708911,0.33452892,0.36632016,0.4129416,0.43108204,0.44463322,0.34784853,0.093667746,0.08729243,0.05295955,0.08439688,0.06349612,0.09322137,0.060739696,0.071052335,0.104034245,0.07129792,0.10681385,0.05614932,15.30864432021311,16.12302268619188,18.86939579645761,19.52361904258308,19.196116338560365,18.412074538832123,41.377438262267006,14.5829590414417,19.02631708975273,18.81148218999014,12.810375733330986,8.994582853819207,5.693187245872886,11.200875599172804,0.12912129027186534,0.001416924643994616,123.046875,rock.00065.wav,rock
-245.18564,95.09854,-21.243845,45.65592,-3.5624685,14.98203,-20.670311,19.526783,-21.713743,7.3274713,-9.289677,0.818755,-13.016046,0.06169105,-8.23316,1.0623908,-8.035914,-0.39860073,-4.353721,-4.2199,9067.186,807.9132,613.3428,282.7454,155.647,250.74313,201.27074,116.43588,206.22318,117.038376,89.44422,81.01325,62.446777,86.76514,50.012726,74.15084,59.39423,44.728134,54.718834,47.7637,0.31971636,0.3091307,0.43665028,0.33092305,0.34853944,0.30714276,0.34606245,0.42684346,0.36548966,0.46317297,0.31550303,0.35195208,0.0841836,0.06834503,0.11062935,0.05164532,0.08988577,0.0711993,0.066280864,0.12018871,0.0593877,0.12776409,0.061151505,0.103071444,20.907532056165202,18.12945514842027,20.98338371284395,19.582360121592732,19.0820463397013,18.213187048410703,36.02261405295422,17.74093347400901,18.861512391616355,22.21061933082565,15.392436403087457,14.236818571163715,7.31555248822883,19.0009974369797,0.10714712231520898,0.0028204017235078727,151.99908088235293,rock.00066.wav,rock
-123.72794,94.75422,-9.566722,53.26891,-13.758115,17.728083,-19.21234,25.298624,-18.70441,15.385912,-12.513975,9.367707,-11.601578,0.6617184,-6.994155,3.3594778,-7.141152,0.5074789,-8.740343,-1.4704784,2572.6711,738.96204,390.9673,217.56071,127.99538,148.54828,126.85084,86.229576,97.84104,71.87116,67.93425,54.748222,49.64755,72.85882,55.06307,43.243626,46.874504,35.516693,43.6132,37.260143,0.32068792,0.39530325,0.4076103,0.296016,0.31815213,0.33766884,0.51875585,0.41038626,0.41853613,0.48578808,0.3857515,0.4202293,0.06212709,0.08455913,0.09888004,0.04827752,0.064908564,0.058680296,0.09965222,0.08347936,0.08387213,0.10981171,0.065396786,0.10624735,21.279748286621317,15.800083408850286,19.282395558335853,18.735048997753143,18.560621705060157,17.82010008139264,41.565380242385096,15.551671270641428,16.630089850692805,21.795202670037085,18.755913129966547,10.7766728619518,6.825174126015109,10.816998171753285,0.11991915392801858,0.0036466452875883143,103.359375,rock.00067.wav,rock
-121.09557,91.74797,-14.709612,52.973698,-11.412968,31.003344,-17.491768,24.202194,-24.778625,17.113522,-15.88606,10.376739,-8.625384,7.149125,-11.833609,3.1751018,-10.365117,1.5153414,-10.35157,-2.4806488,1691.2937,414.69888,243.25476,83.71315,73.6235,91.62616,62.829624,71.007256,75.822365,59.538048,52.35737,49.68021,38.686363,43.175526,36.12967,31.85492,31.516039,33.541935,40.230286,31.09341,0.33912626,0.28882033,0.31820107,0.38061297,0.6024846,0.4583045,0.37934142,0.35678893,0.39809513,0.5071055,0.3616249,0.43487525,0.065764084,0.055499695,0.07342388,0.05060231,0.108231686,0.06915757,0.07507588,0.07419555,0.064307556,0.13425809,0.052733015,0.08533636,18.170376197307903,16.255310099553082,18.899359488317668,18.55656058963414,18.711842471201464,18.11663129618485,42.095587910935315,18.019610455825763,19.964922579626204,20.143984074771264,14.046088728289636,11.339049023889588,8.611923779006966,7.440962240625874,0.11828008598587461,0.0025499704917255174,123.046875,rock.00068.wav,rock
-203.3139,85.381714,-11.569647,54.7784,-11.609861,20.572916,-27.770658,18.878086,-31.656443,10.709888,-11.93277,4.1216273,-4.003614,1.7300527,-7.9092402,4.326782,-11.237886,-1.188486,-5.031982,-2.3650405,2001.9121,830.78424,297.3211,145.0746,111.26042,141.98694,141.77063,67.80907,171.97572,104.24134,82.81009,82.75883,102.52162,65.486725,81.355225,73.30192,60.732048,55.887627,60.213306,49.82118,0.21877348,0.20895797,0.21237756,0.19988969,0.38335416,0.2384684,0.26619858,0.37347862,0.38223055,0.5763267,0.33289713,0.344335,0.057155497,0.06816632,0.058978274,0.031089641,0.111513436,0.0456558,0.06251815,0.120438546,0.060175467,0.14074156,0.05410951,0.11308135,21.12724654187848,17.345567091850057,21.963977368509656,21.18780578275483,21.052340784355096,20.640158836598328,39.95905730967182,13.977885540898505,16.543035452028146,22.68247227159259,13.768404328919054,13.130006242780736,11.077769427922693,11.7828897363436,0.13768964360003869,0.0042088025911399445,172.265625,rock.00069.wav,rock
-202.22823,75.21359,-14.220877,66.31179,-8.289175,24.374107,-16.250933,17.12522,-21.291754,3.9677863,-19.749535,0.4896694,-4.5036573,-5.36643,-8.973073,-0.048068777,-8.041708,-0.519308,-6.8042564,-8.449041,3482.2314,568.00616,538.8294,256.81546,194.80872,135.14587,142.67017,86.601364,94.78777,132.62071,76.72743,64.9807,78.629364,68.99095,95.5668,55.661663,74.95441,39.071297,56.12699,47.52411,0.29801416,0.33777174,0.37399742,0.2970494,0.38263345,0.24051453,0.3006943,0.34210294,0.43125945,0.5821917,0.38504145,0.44464362,0.056233007,0.0737295,0.10035433,0.051122658,0.10908402,0.047319338,0.07612019,0.09409325,0.07427339,0.11361693,0.05142878,0.11671365,19.682479126667538,19.05262455687627,22.89352863403476,21.43209018339121,21.75643458316567,21.250214226950654,40.539313655322,15.498380779421655,26.194262366130083,24.548008938254878,18.530920524482006,16.770638139695347,14.109245979832387,11.395844700409254,0.13914088199013158,0.0036108108103537536,112.34714673913044,rock.00070.wav,rock
-79.849785,109.94087,-17.126644,47.195335,-11.94571,33.335598,-11.699733,23.630064,-13.667416,18.45372,-6.9371977,13.033838,-11.583448,9.107576,-5.955834,4.915925,-8.709809,3.7020497,-5.0979853,2.625906,3292.5112,360.40692,252.8986,222.53256,129.18446,88.10639,90.17306,61.819576,90.43253,67.996895,63.77253,42.87129,42.26215,42.785763,28.350838,40.24352,50.23259,40.86669,65.04446,57.408783,0.42562526,0.4474234,0.644323,0.47449157,0.492826,0.49110705,0.45961773,0.50534713,0.42927307,0.44662684,0.30929652,0.3271794,0.07914559,0.056962375,0.10308176,0.057560805,0.07414585,0.079238944,0.06262693,0.09869108,0.060275156,0.08592991,0.045651536,0.057452925,14.805273304382675,14.517220156639159,17.43603869208384,17.647118246101925,17.55999087808717,16.611797373138156,41.25565797455673,15.0967091736828,17.491021375440162,17.95087762520244,14.153971456207612,8.788013142705685,6.29710786184519,9.189586012466945,0.09080821884674922,0.0012391114027194452,112.34714673913044,rock.00071.wav,rock
-95.32931,112.443436,-2.0780864,47.044605,-10.373584,29.782087,-15.112976,20.185732,-12.674205,16.48886,-7.8574357,11.875228,-11.181129,8.876124,-4.9432893,0.9183169,-6.1078544,3.2313335,-8.072234,0.73191077,2886.8567,589.0864,414.9613,206.22359,116.070724,84.89933,65.39664,49.075714,52.698597,69.31831,46.75775,49.577904,42.237843,39.231792,42.02901,38.93939,39.85027,43.022083,57.3691,35.650223,0.34142047,0.3018082,0.44124705,0.346946,0.37166533,0.32011455,0.47359875,0.4844459,0.37213424,0.52034146,0.4326658,0.43403244,0.06829651,0.049971856,0.11680003,0.05155665,0.09371614,0.048099425,0.094255574,0.08697952,0.06318,0.11227364,0.08340296,0.0904406,17.166282630687046,15.7284024459246,19.10779180121819,18.304598112002374,18.61175945049121,16.97290182879871,41.074761811679686,17.55413102257591,15.983271340967553,19.938944503627674,15.362931247120008,14.436526298281333,10.21540718777955,9.962187271077685,0.08172853074206657,0.0026594087444220464,103.359375,rock.00072.wav,rock
-61.652554,103.552765,-16.907656,49.269325,-14.810513,31.711088,-17.215973,24.628935,-14.4823885,18.026224,-11.670496,11.484824,-9.816042,8.860339,-8.570697,4.405294,-8.278597,1.5993295,-7.026587,-0.8208449,1824.4596,352.43753,179.12022,118.444756,65.1745,69.37572,67.01227,43.23881,55.069836,68.16987,38.50965,46.316147,39.93417,31.280008,30.40561,30.818117,30.008226,49.274208,32.398903,37.84546,0.4450377,0.36446273,0.6024389,0.39324892,0.45698747,0.49974447,0.44484273,0.64145017,0.4218763,0.4071212,0.40623257,0.42035943,0.087438345,0.039731916,0.105218165,0.046816453,0.081783116,0.084178254,0.045563802,0.0850837,0.04375785,0.06581936,0.072006434,0.06068851,16.290329041726103,15.34069785974734,17.511756314933287,17.537966061314027,17.720234215376355,16.483910500705896,42.84315504075966,14.83627849708327,15.377917275015697,18.199071630594414,12.860873006984043,10.537784922886907,6.403091850564417,7.131724463673831,0.11005866933533281,0.002438181347147422,95.703125,rock.00073.wav,rock
-83.337296,103.88044,-13.938498,56.89741,-14.430383,32.19,-14.128749,19.159246,-9.344779,13.159195,-11.727716,8.406356,-9.399952,10.218948,-4.2199335,5.6187606,-6.3863792,1.8045067,-5.5758166,-0.4324659,2063.7249,295.15207,181.92484,93.84637,64.33749,51.50554,71.320145,42.722824,82.35953,51.04012,45.936474,43.756737,41.736526,33.012093,36.483406,37.190453,38.013977,34.599033,34.177155,33.50841,0.30471444,0.22778517,0.35564196,0.34231675,0.45354232,0.28544667,0.32818618,0.57423687,0.50514233,0.58099276,0.38501045,0.3898257,0.06895018,0.029870406,0.09780726,0.056333702,0.10963381,0.042284418,0.049746536,0.122983254,0.05565311,0.11737401,0.06595285,0.06375856,18.15458028166865,16.69015366000749,19.874669660316822,18.484936070223515,18.19094624525324,16.807101394632987,41.41881428317436,20.698104090426433,17.147333695913,23.565066188970597,12.83092579216465,8.496684752663276,4.720150646990714,9.442979220740915,0.09116309198432662,0.001020674047597016,112.34714673913044,rock.00074.wav,rock
-113.69888,94.93524,-4.1180053,51.78671,-13.773854,34.333515,-17.59379,22.544245,-12.406815,17.202658,-9.234709,9.976575,-13.472091,7.569344,-7.2697444,3.6390865,-8.464248,0.3961266,-9.225722,-0.28027257,3622.6394,629.594,401.72028,160.77467,151.33159,134.14133,114.5199,91.20071,84.41434,80.919876,80.99337,71.9354,46.095654,54.227325,42.55847,60.442986,52.86513,57.35432,68.396324,78.652016,0.35904574,0.35108587,0.3651636,0.39162612,0.4792261,0.38706478,0.35297507,0.4312083,0.45055684,0.52702427,0.41521984,0.39217383,0.08460681,0.07989543,0.089874506,0.07911388,0.10752869,0.07627867,0.06737329,0.10196155,0.08110162,0.12154841,0.08130875,0.083922684,16.46422918786445,15.689879173308725,18.120094275833043,18.3504221169473,18.522126860808235,16.90208536236502,41.40000108622312,22.973175984527412,18.245629632854097,31.47446110252127,21.161792055176463,16.550801187762193,8.625581923985667,12.215293896116087,0.11154543283184984,0.003201794900816147,117.45383522727273,rock.00075.wav,rock
-132.35645,124.65598,-9.664944,46.45199,-6.2853265,30.5465,-11.1397705,20.41103,-11.213244,9.377025,-5.8245196,7.8290353,-8.728431,5.6276045,-4.078816,-0.629749,-8.119383,-0.676038,-7.61097,-0.20681687,2250.1133,815.37036,320.7918,183.43106,230.71773,156.05803,121.78507,71.778145,64.6358,95.30807,67.40134,79.15035,71.625725,70.474495,48.930576,46.638424,55.921764,47.475967,46.789074,76.00101,0.37657166,0.3592358,0.30508375,0.28911203,0.41240576,0.31459346,0.28966781,0.24204408,0.32703808,0.4812075,0.37218875,0.3784882,0.10856614,0.078846894,0.08814938,0.07218015,0.120110266,0.0717034,0.0873635,0.051772315,0.076265365,0.13539669,0.081474945,0.103046864,17.86570965546157,18.757452953259936,21.501488324526495,20.409717783624004,19.793349638790353,18.15344345058231,38.79570379089269,24.02506596378472,20.231108234734617,23.824312332663325,17.225725083803226,11.398392175607889,9.848614259654415,14.32675620123391,0.0712066744872291,0.002932270100374758,95.703125,rock.00076.wav,rock
-103.93918,101.90094,-10.340607,43.67417,-11.524458,26.930704,-9.990092,25.02072,-14.218496,19.70191,-10.535614,12.671651,-12.685294,6.8499584,-6.0865602,5.455094,-6.235662,-1.4541346,-8.232369,-3.2686899,2907.0898,350.97122,427.09375,158.1161,135.01537,84.336296,105.71655,50.00953,51.295387,58.799126,48.279835,48.80873,45.770035,50.376827,36.779243,50.7232,47.162743,57.174118,39.63052,31.30338,0.3883976,0.42649516,0.3877065,0.54413885,0.47885188,0.4871257,0.55559844,0.47045267,0.5307361,0.34908968,0.45380035,0.39250368,0.060648903,0.077476725,0.05313418,0.09768249,0.063958585,0.07007071,0.10920862,0.06246606,0.10588827,0.038972367,0.07579032,0.063942686,17.734416796108025,15.024463743580961,16.289550610422197,17.87241796464834,18.416445280720882,17.49594275446602,41.54149916371663,23.546381113180065,16.435679160440994,17.43615121697497,12.794697104671027,11.670224814652444,7.9972385233425625,7.302871063932017,0.10627675720781733,0.0017383305355210198,107.666015625,rock.00077.wav,rock
-130.98988,111.01548,-2.153921,41.78767,-3.1985133,34.658478,-17.61137,19.87679,-9.144963,14.890434,-6.8441687,9.199766,-6.975001,6.3184733,-9.634725,0.51112926,-12.776671,-4.886242,-2.5131242,-3.1215749,2601.2712,681.4635,361.46997,212.22566,195.95047,125.137794,112.884796,86.012344,83.77509,85.95893,68.9222,48.231792,59.395836,61.08982,48.491245,57.03593,34.271103,51.999092,68.18906,50.092583,0.46494025,0.3954613,0.4529908,0.34812465,0.29393628,0.2658668,0.3000442,0.42261857,0.33092254,0.39639688,0.2966654,0.32781819,0.12510166,0.06466565,0.12752783,0.08287497,0.07776802,0.071759745,0.072284736,0.12697627,0.061036486,0.11386264,0.057029713,0.07410807,19.562331554058602,19.65322750123016,20.288968462723837,19.538071568511615,19.592138508496213,17.012141023046446,40.24793821439177,21.28339653650429,21.36689240388547,22.9484921705814,16.356987688722548,15.336248120589799,7.419807523470486,12.440473831811985,0.07173048084365326,0.0032911817538611304,99.38401442307692,rock.00078.wav,rock
-91.38539,112.11523,-27.342018,47.981018,-19.60664,27.728474,-18.553402,17.43945,-13.161743,14.4296665,-15.21798,11.52909,-12.585803,0.90807784,-10.44846,-0.61977905,-13.491329,3.3084354,-3.7047021,1.0890845,1779.1962,398.01044,248.04422,92.33216,83.54345,61.341,73.22311,39.75129,70.46364,51.209763,46.22058,43.122044,35.98813,41.958725,39.868015,36.814342,50.79736,47.765514,56.84791,54.227737,0.26587325,0.34136316,0.47526163,0.28594065,0.3622985,0.32059556,0.5348707,0.551847,0.2966984,0.2956573,0.2553159,0.33506143,0.062399585,0.060850807,0.10313242,0.042230807,0.105953194,0.051054657,0.1033243,0.1180759,0.04256844,0.07554269,0.046582066,0.079469964,27.919565569394376,14.17603142792308,17.816941901523382,17.731149388028772,18.084682249881414,17.300945690131506,40.78262207306407,24.70130211257243,12.778674145259401,17.993610115466232,15.01267517514838,11.917878113624727,7.8155759005583985,8.350685947700406,0.1091164981617647,0.0015428150922434508,123.046875,rock.00079.wav,rock
-88.000725,93.53732,-23.228851,48.129993,-21.446268,27.758793,-20.34056,18.754475,-15.226568,16.130507,-21.412472,10.8740835,-12.021344,5.1280575,-7.2995205,4.6578507,-10.173712,5.493204,-4.375102,0.3125859,1491.4462,318.05545,197.68146,92.9776,82.44603,64.90038,96.9578,68.50566,60.01116,55.644665,67.26658,36.349976,52.608128,65.49727,41.418774,50.562286,83.05621,54.004135,75.585464,53.562958,0.34705266,0.2905962,0.36281362,0.44458264,0.2973507,0.40667418,0.27558175,0.41408965,0.34451506,0.3093088,0.55757666,0.3736388,0.07984558,0.060185626,0.06599365,0.10353619,0.04966757,0.11174728,0.04472488,0.11385897,0.081429526,0.0402078,0.11880864,0.052453674,25.87208651463528,14.776089171439015,18.37870396459444,18.855067526295578,18.5489113159684,18.60980688900791,42.58764998815816,24.767530021469334,13.29331542029529,16.140297148008873,14.124393895471355,10.653746034127481,8.141723303984008,10.336905880555422,0.1496808787248452,0.00233017073578552,117.45383522727273,rock.00080.wav,rock
-121.43798,89.518234,-33.493107,41.97275,-25.929998,23.02586,-20.269114,14.3506975,-16.349438,17.03437,-16.955423,9.146751,-10.111248,4.209027,-9.346902,1.6090045,-10.549011,1.067575,-1.6545652,7.5426693,5143.9497,710.1309,262.7757,226.95598,154.57718,118.745476,136.7162,101.858215,110.400345,105.69288,67.871956,66.55907,51.1794,68.61855,62.64238,57.64464,73.044655,45.41936,63.30877,74.01078,0.33335268,0.2602575,0.39320332,0.50586087,0.30751434,0.37460765,0.31197524,0.36620057,0.32359993,0.32775128,0.2917587,0.23326652,0.090878345,0.054176785,0.089770004,0.13748045,0.049526088,0.122955605,0.067369394,0.09500804,0.08379477,0.07395237,0.07031595,0.052473955,25.709236767933625,15.830365267631967,19.954863849625703,18.73878324378785,18.53236382284661,18.128809271635333,40.65736403015747,50.41022049526922,25.29343559492348,23.20016541623836,16.873504631388812,12.357725525436589,7.9715145575281126,11.714687928838984,0.13617340182372292,0.003547655050999458,117.45383522727273,rock.00081.wav,rock
-95.476135,78.32375,-26.22216,44.237446,-22.4639,29.737852,-21.56705,23.95588,-16.578558,20.47006,-19.64269,13.886457,-12.624654,6.248262,-7.6597004,7.405312,-9.414199,9.653332,-3.7787292,1.0691056,2346.1782,297.07028,290.39767,115.39302,128.28401,85.360176,91.69421,65.24951,48.353443,47.26072,70.01856,55.358475,63.563686,62.134457,49.16659,53.5359,65.747856,91.478546,62.42945,78.335686,0.4717743,0.31879184,0.34022307,0.28374347,0.40136406,0.37072274,0.32763162,0.43445843,0.3542592,0.47901365,0.3584712,0.44894707,0.10625283,0.050460994,0.093178965,0.054395624,0.092206374,0.06965563,0.06291743,0.11540226,0.06700373,0.12265435,0.062976435,0.090372644,22.560865461988836,14.685199866546657,18.293695606297547,18.749453067658294,17.770002262654263,17.354155427657304,43.09011970541632,27.53338181243961,18.64381621261403,20.689617237141476,16.313987841812608,8.893382870543903,8.290969852667768,7.733206987530401,0.1837358504256966,0.004123140890135373,99.38401442307692,rock.00082.wav,rock
-119.17545,107.44643,-10.9727545,58.55446,-12.931377,26.831793,-17.640741,19.371054,-15.608501,13.5666485,-16.67103,11.872087,-12.187864,5.232598,-6.1726136,4.253889,-8.042082,3.5274684,-7.6822686,-1.3451043,1387.6809,274.55615,197.46094,58.685173,81.61874,57.357807,51.142498,50.606285,43.734398,54.033173,45.89799,33.91832,34.916256,41.785587,40.881126,39.68188,42.630726,34.146507,51.04462,43.839245,0.29596043,0.36514926,0.41441682,0.26468402,0.42043868,0.29939795,0.3912124,0.33722872,0.35717496,0.51757437,0.38766554,0.49461284,0.048969407,0.081818715,0.12015017,0.02111557,0.11391782,0.043244854,0.09207702,0.08254983,0.04552297,0.11280635,0.049697552,0.09949804,25.197158641996445,15.467943324103091,19.673904663205782,19.26189171350556,18.4896318970215,17.613830493279412,40.48308644851721,24.152426500038544,14.29357105181803,18.55188900061354,15.923804748601114,14.326842097300545,8.080407253288566,7.718428536465761,0.09280102614647832,0.0008113286213585093,123.046875,rock.00083.wav,rock
-94.301605,91.881775,-17.588514,45.52394,-15.698276,32.63909,-18.020702,21.573336,-15.734346,16.79548,-18.303877,13.337474,-15.461038,5.2062526,-11.223154,6.212513,-7.9550314,7.7081137,-4.6095533,0.52663636,1765.8889,459.39368,269.9618,90.14463,158.08688,58.650967,84.3031,55.883846,63.21945,46.074135,49.779457,52.10585,56.09993,46.196873,47.81771,40.992043,50.291607,82.07278,79.03301,49.30391,0.33034405,0.2975618,0.4387965,0.2583964,0.36324725,0.26504642,0.36537027,0.525017,0.31976712,0.39815468,0.32341537,0.39615896,0.09138891,0.058635563,0.107326284,0.04011423,0.103887066,0.05533259,0.08533012,0.13551113,0.046934027,0.124353744,0.06023052,0.096992075,25.522538429637137,13.807373712463608,19.232344910677334,19.50662883973653,18.766039866692505,17.14609578094859,42.40954102154779,24.81080895820553,14.871393109529938,21.19988174795666,16.458297363385714,11.052281633859401,7.399174288554247,9.763851370743842,0.13921608939628483,0.004146992430679501,129.19921875,rock.00084.wav,rock
-185.45334,98.932434,-36.442432,44.426693,-17.758,21.304089,-20.296019,13.779587,-15.489944,11.040962,-16.79225,2.326029,-12.639384,0.14767912,-4.3978415,-2.4671617,-8.983908,6.862598,-6.7074046,-1.2103498,3981.7786,870.5486,330.5439,237.397,230.36554,188.18631,149.8963,123.751884,132.39987,140.52638,128.64978,100.57686,91.929726,77.70768,81.49413,93.2739,120.498985,134.1156,83.88685,122.069466,0.44965473,0.27914652,0.35456234,0.24347661,0.3026684,0.46824524,0.27154353,0.30404693,0.24698608,0.3235763,0.3115883,0.30721578,0.12188097,0.048391942,0.114048734,0.049087506,0.0781326,0.14153163,0.04598165,0.09837956,0.056384835,0.0978931,0.09133097,0.06432535,26.180322643258283,18.832191168709016,21.93160999984366,21.489686329436687,21.56789253513736,21.55777203488721,38.87883829825832,38.01085566999905,20.434064326836705,20.6945137451625,16.10323395057361,12.469228834760163,13.09997399003168,19.366301897438877,0.12098982016737617,0.0037292659959406067,95.703125,rock.00085.wav,rock
-160.12103,88.731476,-35.493244,47.491817,-12.622673,17.308823,-19.139456,14.591329,-20.38044,11.096237,-11.14557,7.7047076,-9.86575,6.991698,-10.135201,3.0655298,-7.9491673,0.7073353,-4.9362535,-2.6115522,10942.266,943.9758,814.1306,396.81693,184.13625,143.51016,138.20998,90.48776,138.21187,105.7872,78.028534,71.766235,63.11629,78.07241,52.65273,49.263878,44.44958,73.05076,45.212852,59.766956,0.292612,0.38718134,0.46237844,0.38842788,0.48922938,0.36767527,0.38984442,0.29839385,0.3512098,0.51125914,0.3770922,0.3763706,0.053479604,0.074025184,0.11421222,0.064775124,0.112217106,0.06879603,0.1048855,0.0629084,0.06445734,0.11501322,0.06332313,0.099884845,19.973646202371555,16.663259971302697,19.09810976861162,17.186942716728222,17.14716455888422,17.952102271210993,38.91645557063233,19.93010785249196,23.645523598373067,23.584059746221953,13.87310668864942,8.52897207895743,8.047506509014822,19.073348256740978,0.14632451202109134,0.005610016940559382,129.19921875,rock.00086.wav,rock
-42.66564,102.98204,-36.866947,44.53473,-11.986277,25.571468,-22.683826,28.340677,-19.273252,21.487629,-15.2573185,11.752054,-11.576942,4.7838826,-13.031341,4.3557954,-11.958512,0.88591576,-0.48164997,1.3000379,770.7659,165.59026,166.25023,80.854256,93.16494,65.42189,50.89354,37.096016,31.474615,38.096935,35.497303,31.589006,24.575071,31.538479,28.959373,31.305948,24.064938,45.85093,54.505962,38.863667,0.32954478,0.35068607,0.5676522,0.39242202,0.49939457,0.28293544,0.3520469,0.600182,0.36106393,0.3013886,0.24558146,0.43475068,0.052188467,0.04825845,0.08303757,0.046149503,0.113345146,0.036374114,0.052172475,0.12779768,0.043593843,0.060055587,0.02386589,0.09233473,17.638495348198465,14.669545387759223,17.97584745816672,18.392233233853826,18.354516137833052,18.030701681741725,43.89276675067004,12.624895021279016,12.423540752299253,14.629666322258041,10.752207949720413,8.272553438426167,7.809787626189545,14.041790909371638,0.12858085514222137,0.0007904283074284897,129.19921875,rock.00087.wav,rock
-118.014465,84.04934,-50.27966,46.06395,-17.695776,20.860382,-21.651596,16.678535,-12.957173,12.82873,-13.105275,11.298574,-12.607103,4.3842344,-12.077613,0.66667664,-6.7942414,4.4643407,0.23727842,0.43376458,4446.239,717.3768,330.9888,230.33453,86.94771,88.59786,109.89817,66.877754,83.84084,67.52457,67.41477,51.78589,68.72346,45.518085,52.28391,49.089184,68.31618,89.52563,94.97271,106.112976,0.44186085,0.41863093,0.53483486,0.43042865,0.41798216,0.3928767,0.328543,0.3909407,0.3987179,0.47665825,0.31035274,0.3592548,0.095446765,0.07898849,0.122852,0.07980479,0.079758614,0.09793364,0.057894118,0.10090452,0.07334292,0.1196181,0.052972622,0.06766396,20.05679679742396,15.451040547158064,18.194334468123095,17.78371183855063,17.361769140199442,17.278179762240857,40.01929272801605,17.958200674089177,23.42034153822749,26.857360542394723,21.00441527908856,13.659736416748189,6.0536287467534455,12.392481955291634,0.16178095672890866,0.0036471728773054177,92.28515625,rock.00088.wav,rock
-156.26839,130.76775,-25.24617,43.49666,-12.144104,25.410446,-7.947459,17.6216,-8.632112,9.573707,-8.363633,5.7764125,-7.04443,-1.8792272,-7.6914062,3.0032125,-6.4427137,-1.3017408,-7.824338,-4.146752,2891.903,678.4003,211.30428,182.31105,130.55203,90.69234,113.46912,65.87246,93.45961,65.05567,62.21615,52.107113,49.114136,52.401653,57.748524,57.43305,66.53727,47.307064,73.40872,94.35204,0.30443773,0.25777316,0.4105114,0.29283518,0.3337042,0.25313923,0.3828738,0.41329366,0.3301447,0.4253428,0.31122744,0.40621352,0.083190955,0.04465366,0.10295343,0.059987232,0.10893084,0.047533713,0.08947619,0.118642114,0.06438394,0.1163415,0.047861494,0.112291224,27.78127564267605,17.54525808358616,21.466964558956867,21.560946951259332,20.737025064789872,19.412616044214964,37.28305275594813,27.766198571327404,18.434589764526773,26.946715038815107,19.2139694927702,15.758714756959096,13.608627885233243,15.856527553298399,0.0732932075996517,0.001771088520063861,107.666015625,rock.00089.wav,rock
-89.05667,86.2166,-24.418585,47.110077,-33.645473,29.479248,-19.750383,21.647642,-16.75611,6.549621,-13.397908,7.489511,-12.868063,8.592251,-7.8963995,11.499058,0.6794173,9.798442,-2.131243,0.5883064,2194.4226,736.24194,264.35193,231.18704,156.57903,64.65257,85.865105,91.064674,81.393906,101.819214,87.90294,137.87036,111.36762,114.51064,95.081116,130.39648,199.342,172.34772,180.41121,148.81987,0.46173888,0.21255405,0.19692309,0.1364437,0.16847523,0.21658088,0.19450383,0.31256035,0.22966705,0.30847582,0.30950284,0.32097825,0.18972963,0.050927855,0.059901714,0.031317733,0.04295835,0.076098084,0.04973254,0.1285346,0.061780445,0.11167002,0.1146777,0.08147561,16.708218070170133,16.147689659450133,22.31055044978517,20.561194091026508,19.473646678280694,18.612706135477204,42.53255946616961,15.118699622632722,23.755692312731195,25.17244015582206,22.800093007490652,12.463130867282876,8.631689602708576,7.473047843347031,0.1206425055630805,0.0017724709921509616,123.046875,rock.00090.wav,rock
-74.3017,100.113205,-47.370808,49.623394,-18.414454,24.620584,-15.914734,23.901295,-22.833792,23.336365,-16.94892,14.932431,-11.504434,4.227315,-13.630019,4.4797993,-11.667687,4.327969,-10.597871,-0.8430529,835.0382,445.04083,293.85565,117.56897,67.81001,48.12995,63.210876,42.41777,33.400616,50.878464,34.654465,31.32455,29.109678,26.083277,29.451353,25.702526,31.277592,29.801886,23.673365,24.041555,0.3400288,0.4203185,0.45464912,0.50709546,0.5812496,0.35190016,0.43130428,0.32894582,0.41766098,0.5341748,0.40230817,0.55336916,0.038172264,0.06924543,0.068015695,0.053815395,0.089159295,0.036816847,0.069283694,0.043627787,0.053695656,0.08428445,0.03953936,0.11198384,29.26795773145907,15.247479228893196,18.250034700499583,17.73719784135523,16.600847369328346,18.209131623102817,41.78855695362589,22.515961201996213,13.88888887878001,15.856530374444313,10.533808491863065,5.6943171082238315,6.3026372260482635,8.340639570737627,0.15018352118808048,0.0018132843038547641,143.5546875,rock.00091.wav,rock
-70.11754,94.181656,-50.328033,46.9629,-16.114254,19.996185,-23.959724,16.344028,-22.188528,14.435193,-20.092636,12.150915,-14.765589,4.90943,-13.623413,0.8304448,-15.061136,-1.6045009,-16.089468,-2.1846828,567.204,199.93271,88.25203,61.834602,50.228725,36.06599,37.985058,36.65767,30.311333,34.802624,29.892107,25.513931,28.121166,28.612785,26.473576,25.972357,21.819544,23.768696,21.07537,23.5805,0.5405855,0.38290587,0.3342883,0.5435109,0.3509105,0.3916083,0.27569735,0.33952585,0.45921496,0.37931085,0.58041835,0.41980475,0.10414426,0.061519623,0.032802016,0.09652088,0.03711422,0.072456405,0.033162456,0.045237545,0.09839165,0.044571586,0.11204523,0.046874672,28.446014375078523,15.21257499142867,18.465375697221738,16.984094103711374,16.818417262783314,17.246566666735667,42.150173842938266,21.976641931385977,13.723159043674732,15.69940730035353,10.738329063179167,5.966116142615849,3.48571097983058,5.022349234182773,0.15094504341621517,0.000973173947607332,129.19921875,rock.00092.wav,rock
-114.74584,119.291725,-50.724567,42.631332,-6.709271,19.714178,-16.887064,19.393305,-17.415947,17.311916,-10.866727,6.668212,-15.753816,3.555531,-7.7599893,3.388017,-7.6890497,1.6226153,-10.70739,-0.5426015,1000.9453,478.49792,217.36194,135.23677,92.61842,85.67833,58.446075,45.769005,51.289364,66.57201,43.167286,35.343304,44.651623,51.575085,45.24572,32.510674,32.932884,34.508865,49.286694,43.28247,0.3211076,0.42902645,0.25233847,0.2740459,0.17605393,0.3253699,0.69809127,0.32365003,0.31700566,0.20375243,0.3348531,0.46684477,0.04062108,0.09295801,0.037378974,0.06698435,0.020383453,0.04936262,0.11052857,0.028938632,0.09599311,0.022236401,0.08056922,0.12545241,30.006952330879702,17.7825884650458,20.310846280575955,18.411452757542353,17.824860607324652,18.394310694346412,38.77605688061519,24.49456694187159,18.09244943831549,14.54725112808159,8.949497385347083,5.524054115747649,6.763675827644826,8.488398541849708,0.09836637420181889,0.0006829452783566057,103.359375,rock.00093.wav,rock
-90.21276,80.05299,-46.369427,56.04585,-8.101378,27.48543,-17.328846,22.971903,-17.603975,18.401447,-17.44811,7.6514463,-19.300837,1.1936784,-14.480706,4.5198197,-12.764398,2.996175,-6.416897,2.256299,614.6437,135.22429,215.42453,49.669014,35.923473,27.21705,31.344046,22.340788,45.777065,36.665924,38.07646,36.23032,27.271975,24.294188,31.737568,26.165096,24.663662,31.579407,31.525446,38.447563,0.28774837,0.50512594,0.3245932,0.2898657,0.27729598,0.3995564,0.8039202,0.44620436,0.29682356,0.23029953,0.4597063,0.34855533,0.042721294,0.09379673,0.038283546,0.037773244,0.0459852,0.04048031,0.07307225,0.03189005,0.04232114,0.017368177,0.0970618,0.054152694,30.702016596824432,15.678067121280764,18.384686572216598,19.580597103857013,19.076870370717348,17.54649469682454,41.527886227157445,22.229308238150605,14.079332271909916,14.919403709221452,9.467695408300205,7.122955928981659,4.153317301181879,4.30492650767115,0.14670470624516255,0.0010190818199097512,112.34714673913044,rock.00094.wav,rock
-153.61649,109.894516,-23.10659,59.00746,-7.527995,19.730127,-16.486076,18.08352,-22.215626,15.403847,-12.378471,12.349251,-12.316458,5.778132,-10.268911,1.8052714,-13.300427,2.4732304,-6.7196245,-1.199268,2541.0813,454.15005,187.93361,130.89278,89.92162,58.29653,89.05306,43.786736,77.572876,61.03033,42.67458,43.515396,49.118843,56.412647,36.68532,45.01609,41.649338,36.610485,54.840275,50.000675,0.18143536,0.42862317,0.7740223,0.4057106,0.3303049,0.2171037,0.34966505,0.38190618,0.29402792,0.43482432,0.23297365,0.1933034,0.029238656,0.050909072,0.0847752,0.035506915,0.09303039,0.026770769,0.06654607,0.09830527,0.034311187,0.088142425,0.02800665,0.04527862,29.630814102891275,16.809843837218455,20.967230506234984,18.804176214535495,18.604170492383002,17.746729563166706,38.29943879950445,19.888781315888984,17.722316560270308,22.372458836906247,15.656587378500157,11.393275889528516,7.0569915917620305,10.24228671328752,0.08926665598393962,0.0013036728378035985,103.359375,rock.00095.wav,rock
-142.44206,116.23844,-32.19032,49.11461,-8.395415,22.872288,-18.311134,20.106487,-22.10691,10.796756,-13.001553,14.067452,-16.397627,4.162116,-4.3573008,3.7380047,-10.8545265,1.8724996,-7.467166,-2.797982,3283.8538,343.52872,189.72198,66.68101,81.17395,44.43819,63.99607,43.976223,36.8156,53.1317,43.651115,37.967533,34.82611,29.118282,43.24621,33.877956,39.240723,32.014,39.20488,31.69804,0.27372926,0.49905115,0.32811356,0.34716052,0.56190753,0.29844013,0.2637578,0.2603783,0.56271863,0.7033763,0.36360842,0.3228897,0.03635689,0.08615416,0.055100862,0.03734909,0.08826398,0.030356156,0.04831086,0.022627655,0.06457386,0.10040253,0.0421331,0.055680998,29.235735127125754,15.697127650526477,19.90063637319366,18.778863641944774,18.51304505343838,17.47330894218381,39.08523968232962,24.325944336938107,16.719242740001484,15.395479362928763,9.895281643879615,5.922983961198846,5.305586010278027,9.557035758890077,0.0976588954866486,0.0008680316615906116,117.45383522727273,rock.00096.wav,rock
-125.06511,115.20331,-48.00468,52.84311,-13.491938,21.765408,-12.428562,20.139965,-18.370886,10.11969,-16.055443,10.486739,-17.959635,1.2157048,-11.543171,1.8466089,-12.854931,3.4517853,-12.594253,-2.1046684,1677.8448,475.20743,290.06195,113.2103,77.10712,80.70366,60.01366,41.574726,44.622677,81.91597,43.23415,42.93415,44.287945,37.27232,39.243652,33.546665,36.34561,35.959087,42.538334,29.896814,0.3838873,0.37587032,0.5338374,0.40733546,0.45648056,0.34240136,0.47859538,0.46600682,0.35593423,0.52715373,0.38669074,0.46871978,0.07406492,0.05096361,0.097071916,0.043977614,0.087744,0.04050082,0.08658397,0.09251285,0.04169937,0.105548136,0.04412605,0.091469154,28.8386055459778,15.299608036536561,18.461844001990038,18.04529548541681,17.635317565457374,19.550765549673745,38.388536945704516,22.077130550925318,14.435432570734788,15.204103585829317,9.592399301316258,6.188900497975348,6.953715840316067,8.32287014595346,0.12182428224167957,0.0016976249809697234,129.19921875,rock.00097.wav,rock
-224.99405,123.669685,-9.775933,56.605724,10.427107,20.634146,-10.2572565,15.573306,-8.251973,12.805178,-9.004445,7.690068,-10.085666,-0.25135595,-5.2833486,-2.8149054,-4.421223,1.5605098,-5.0464134,-3.5825648,10772.375,493.4194,603.57434,189.90967,156.32957,211.13596,107.0346,103.23663,69.60455,92.67512,63.951183,75.46799,56.716236,42.637142,46.788136,46.33034,43.654392,34.35621,47.208336,41.29452,0.4698412,0.35624355,0.29649264,0.22812636,0.33564457,0.37928033,0.35623056,0.5616468,0.42452025,0.3366279,0.26346648,0.3410117,0.12272258,0.07921755,0.06688401,0.04157978,0.08698058,0.1162465,0.054546792,0.13535872,0.07644791,0.10509947,0.05838484,0.06515416,28.556795594682942,17.909224772580362,20.567328814262353,18.141956565123728,19.354425650643478,18.159281873884574,34.764970590447895,26.43080642028513,24.064493268266425,20.486751406662968,12.698699633986006,10.448064552642812,8.581795413724603,24.27577030642613,0.04873137577399381,0.0008081284978334002,112.34714673913044,rock.00098.wav,rock
-235.2182,123.893234,-22.541746,52.924854,-1.4473307,24.668274,-7.0728726,14.884825,-12.778574,16.709097,-2.946438,10.071948,-15.021038,3.1123164,-7.1283135,1.7882509,-7.072692,0.021304246,-2.0276697,1.1558679,7719.59,799.3606,519.22,227.09564,182.51352,126.34668,118.46162,93.62639,79.35176,76.13608,79.19183,45.505665,43.050556,67.3421,58.08383,59.109993,73.69283,76.54876,72.18839,49.73178,0.3616164,0.26398563,0.21086442,0.42249358,0.671815,0.42794243,0.33535063,0.22347485,0.32006708,0.23771805,0.28122705,0.5414231,0.072769,0.069260284,0.02692489,0.06314009,0.12811017,0.070801355,0.057125684,0.027288724,0.07798669,0.07522884,0.04371906,0.10523004,29.66634269593698,18.060343494461538,22.82869266315617,21.847852148238044,21.767874537229094,20.380403040029282,35.352577641845485,17.428138267676452,19.5153457161044,22.486179660151553,15.758178496025494,14.423682299929414,9.855303024069636,28.448392012419532,0.07628978811919504,0.0021723325511521134,123.046875,rock.00099.wav,rock
